810001,1 Clementi Loop 129808
810002,1 Finlayson Green 049246
810003,1 Jalan Kilang 159402
810004,1 Kay Siang Road
810006,1 Toa Payoh Industrial Park 319053
810006,1003 Toa Payoh Industrial Park 319075
810006,3 Toa Payoh Industrial Park 319055
810006,1002 Toa Payoh Industrial Park 319074
810006,1004 Toa Payoh Industrial Park 319076
810006,  319061
810007,1 Woodlands Industrial Park E9 757703
810008,10 Lorong Bakar Batu 348744
810009,10 Kaki Bukit Avenue 1 417942
810010,10 Raeburn Park 088702
810011,10 Science Centre Road 609079
810012,10 Toh Guan Road 608838
810013,10 Upper Aljunied Link 367904
810014,10 Winstedt Rd 227977
810015,100 Tras Street 079027
810016,100 Pasir Panjang Road 118518
810017,1001 Jalan Bukit Merah 159455
810018,1001A Jalan Bukit Merah 159469
810019,1002 Jalan Bukit Merah 159456
810020,1003 Bukit Merah Central 159836
810021,1004 Toa Payoh North 318995
810022,1008 Toa Payoh North 318996
810023,1008A Toa Payoh North 318998
810024,1016 Yishun Industrial Park A 768758
810025,1024 Yishun Industrial Park A 768763
810025,  768737
810026,1080 Lower Delta Road 169311
810027,1090 Lower Delta Road 169201
810028,1091 Lower Delta Road 169202
810029,1092 Lower Delta Road 169203
810030,1093 Lower Delta Road 169204
810031,11 Changi North Street 1 498823
810032,11 Kallang Place 339155
810033,110 Robinson Road 068901
810034,112 Robinson Road 068902
810035,12 Changi North Way 498791
810036,12 Hamilton Road 209183
810036,  209851
810037,12 Tai Seng Link 534233
810038,120 Robinson Road 068913
810039,128 Ang Mo Kio Avenue 3 560128
810040,128 Pasir Panjang Road 118547
810040,128A Pasir Panjang Road 118547
810040,128B Pasir Panjang Road 118547
810041,135 Cecil Street 069536
810042,137 Market Street 048943
810043,137 Telok Ayer Street 068602
810044,12 Flanders Square 209301
810045,146 Robinson Road 068909
810046,150 Cantonment Road 089762
810046,  085801
810047,150 Cecil Street 069543
810048,155 Kallang Way 349244
810049,155A Kallang Way 349254
810050,158 Cecil Street 069545
810051,16 Kallang Place 339156
810052,16 Shaw Road 367954
810053,16 Tuas Avenue 9 639176
810053,  639380
810053,  639307
810053,  639150
810054,16 Tuas Crescent 638710
810054,  639294
810055,161 Kallang Way 349247
810057,18 Robinson Road
810058,18 Robinson Road
810059,183 Upper Thomson Road 574332
810060,19 Changi North Street 1 486779
810061,19 Kallang Avenue 339410
810062,1 Tessensohn Road 217701
810063,2 Kaki Bukit Avenue 1 417938
810063,  417921
810064,20 Collyer Quay 049319
810065,20 Tuas Avenue 1 639532
810066,20 Tuas Avenue 6 639307
810067,2003 Bukit Batok Industrial Park A 659714
810068,21 Changi South Avenue 2 486630
810069,21 China Street 049563
810070,21 Kallang Avenue 339412
810071,211 Henderson Road 159552
810072,21B Temple Street 058566
810073,22 Havelock Rd 160022
810074,223 Mountbatten Road 398008
810075,23 Kallang Avenue 339414
810076,25 Kallang Avenue 339416
810077,25 Ubi Road 4 408621
810078,26 Kallang Place 339157
810079,26A Ang Mo Kio Industrial Park 2 569507
810079,  569526
810080,26A Kallang Place 339212
810081,27 Penjuru Lane 609195
810082,27 Ubi Road 4 408618
810083,272A South Bridge Road 058821
810084,28 Kallang Place 339158
810085,284 Bishan Street 22
810086,28 Race Course Lane 218000
810087,29 Club Street 069414
810087,  069429
810088,29A Club Street 069414
810089,29B Club Street 069414
810089,  069456
810089,  069455
810089,  069433
810090,3 Fusionopolis Place 138523
810091,30 Kallang Place 339159
810092,30 Old Toh Tuck Road 597654
810093,300 Changi Road 419778
810094,3011 Bedok Industrial Park E 489977
810094,3013 Bedok Industrial Park E 489979
810094,3012 Bedok Industrial Park E 489978
810095,3014A Ubi Road 1 408703
810096,3014B Ubi Road 1 408722
810097,3015A Ubi Road 1 408705
810098,30A Kallang Place 339213
810099,31 International Business Park 609921
810100,31 Ubi Road 1 408694
810101,313 Orchard Road 238895
810102,32 Hillview Terrace 662950
810103,32 South Buona Vista Road 118161
810104,321 Clementi Avenue 3 129905
810105,329 Joo Chiat Road 427586
810105,  427678
810105,  427489
810105,  427583
810105,  427437
810105,  427647
810105,  429356
810105,  427471
810105,  427615
810106,32A Hillview Terrace 669251
810107,32B Hillview Terrace 669252
810108,33 Pekin Street 048763
810109,34 Boon Leat Terrace 119866
810110,34 Hillview Terrace 669254
810111,345 Beach Road 199568
810111,  199566
810111,  199571
810111,  199478
810112,34A Hillview Terrace 669255
810113,34B Hillview Terrace 669256
810114,35 Tampines Street 92 528880
810115,351 Braddell Road 579713
810116,36 Armenian Street 179934
810116,38 Armenian Street 179942
810117,36 Temple Street 058581
810117,  058601
810117,  058000
810119,37A Tampines Street 92 528886
810120,38 Ang Mo Kio Industrial Park 2 569511
810121,3A Temple Street 058556
810122,3B Temple Street 058556
810123,4 Changi South Lane 486127
810124,4 Kaki Bukit Avenue 1 417939
810125,4 Loyang Lane 508914
810126,4 Robinson Road 048543
810127,40 Penjuru Lane 609216
810128,41 Changi South Avenue 2 486153
810129,43 Pekin Street 048773
810130,45 Ubi Road 1 408696
810131,454 Race Course Road 218697
810132,46 Boat Quay 049835
810132,  000100
810132,  010100
810132,  049845
810132,  049860
810132,  049841
810133,477 Tampines Street 43 520477
810134,4A Loyang Lane 508923
810135,5 Kallang Place 339152
810136,5 Penjuru Lane 609186
810137,5 Tai Seng Drive 535217
810138,5 Toh Guan Road East 608831
810139, 501 West Coast Drive 120501
810140,502 Chai Chee Lane 469025
810141,51 Cuppage Road 229469
810142,510 Bedok North Street 3 460510
810143,510 Chai Chee Lane 469027
810144,512 Chai Chee Lane 469028
810145,514 Chai Chee Lane 469029
810146,52 Serangoon North Avenue 4 555853
810147,52 Tras Street 078991
810147,  079001
810147,  078984
810147,  079003
810148,53 Serangoon North Avenue 4 555852
810149,530 Bedok North Street 3 460530
810150,55 Market Street Singapore 048941
810151,6 Kaki Bukit Avenue 1 417940
810152,6 Raffles Quay 048580
810153,6 Serangoon North Avenue 5 554910
810155,631 Geylang Road 389565
810155,  389649
810155,  389417
810155,  389455
810155,  389487
810155,  389675
810156,65 Maude Road 208347
810157,7 Temple Street 058558
810158,71 Alps Avenue 498745
810159,71 Temple Street 058615
810160,72 Loyang Way 508762
810161,73 Temple Street 058617
810161,  058608
810162,749 Geylang Road 389655
810164,77 Upper East Coast Road 455218
810165,78 Shenton Way 079120
810166,79 Anson Road 079906
810167,79 Robinson Road 068897
810168,7E Pioneer Sector 1 628446
810169,8 Bulim Avenue 648166
810170,8 Commonwealth Lane 149555
810171,8 Kaki Bukit Avenue 1 417941
810172,8 Claymore Hill 229572
810173,8 Tanjong Pagar Plaza 080008
810173,1 Tanjong Pagar Plaza 082001
810173,3 Tanjong Pagar Plaza 082003
810173,2 Tanjong Pagar Plaza 082002
810173,4 Tanjong Pagar Plaza 081004
810174,80 Robinson Road 068898
810175,81 Joo Chiat Road 427725
810175,  427472
810176,85 Tuas South Ave 1 637419
810177,888 Woodlands Drive 50 730888
810178,8B Admiralty Street 757440
810178,  808438
810179,9 Changi South Street 3 486361
810179,  486362
810180,9 Kallang Place 339154
810180,  329674
810181,9 Tampines Grande 528735
810182,9 Tampines Industrial Drive 528543
810183,9 Temple Street 058559
810184,9 Tagore Lane 787472
810186,96 Sims Avenue 387424
810186,  387476
810187,970 Toa Payoh North 318992
810188,978 Toa Payoh North 319001
810189,988 Toa Payoh North 319002
810190,991 Alexandra Road 119964
810191,998 Toa Payoh North 318993
810192,998 Toa Payoh North 318993
810193,1 Yishun industrial Street 1 768160
810194,3 Tampines Central 1 529540
810195,11 Keppel Road 089057
810196,20 Jalan Kilang 159418
810197,2 Pandan Valley 597626
810198,20 Toh Guan Road 608839
810199,2 Buroh Crescent 627546
810199,  618292
810200,146B Paya Lebar Road 409017
810201,29 International Business Park 609923
810202,19 Jalan Kilang Barat 159361
810203,12 Mohamed Sultan Road 238961
810204,41 Toh Guan Road East 608605
810205,23 Woodlands Industrial Park E1 757741
810205,25 Woodlands Industrial Park E1 757743
810205,19 Woodlands Industrial Park E1 757719
810205,21 Woodlands Industrial Park E1 757720
810206,8 Admiralty Street 757438
810206,  758042
810206,  730431
810207,134 Yishun Ave 11 761348
810208,19 Burn Road 369974
810209,63 Robinson Road 068894
810210,90 Lorong 23 Geylang 388393
810211,3 Tampines Grande 528799
810212,1 Robinson Road 048542
810213,22 Martin Road 239058
810214,38 Maxwell Road 069116
810215,95 Kallang Avenue 339420
810216,3 Changi Business Park Vista 486051
810217,60 Albert Street 189969
810218,321 Alexandra Road singapore 159971
810219,3 Pasir Panjang Road 118483
810220,438 Alexandra Road 119958
810221,438A Alexandra Road 119967
810221,438B Alexandra Road 119968
810222,125 Bukit Merah Lane 1 150125
810223,356 Alexandra Road 159949
810223,  159948
810224,99 Bukit Timah Road 229835
810226,623-625 Aljunied Road 389835
810226,  389836
810227,117 Aljunied Avenue 2 380117
810228,25 Bukit Batok Street 22 659591
810229,45 Kallang Pudding Road 349317
810230,7 Toh Guan Road East 608599
810231,165 Tanjong Pagar Road 088539
810232,76 Telok Ayer Street 048464
810233,7 Maxwell Road 069111
810233,  069911
810233,  069918
810233,  069917
810233,  069909
810233,  069923
810234,159 Sin Ming Road 575625
810235,27 Purvis Street 188604
810236,370 Alexandra Road 159953
810237,10 Ang Mo Kio Industrial Park 2A 568047
810238,53 Ang Mo Kio Avenue 3 569933
810239,3 Ang Mo Kio Industrial Park 568050
810239,  569511
810240,5 Ang Mo Kio Industrial Park 567760
810241,20 Ang Mo Kio Industrial Park 567761
810242,27 Seah Street 188383
810243,115 King George's Avenue 208561
810244,51 Anson Road 079904
810245,72 Anson Road 079911
810246,27 Pioneer Road 628500
810247,75 High Street 179435
810248,00 KALLANG AVENUE 339999
810248,8 KALLANG AVENUE 339509
810248,10 KALLANG AVENUE 339510
810248,12 KALLANG AVENUE 339511
810249,201 Henderson Road Singapore 159545
810249,  127296
810250,70 Anson Road 079905
810251,1 Irving Road 369520
810252,39 Changi South Avenue 2 486352
810253,49 Jalan Pemimpin 577203
810254,380 JALAN BESAR 209000
810255,124 Lorong 23 Geylang 388405
810256,511 Upper Jurong Road 638366
810257,7 Gambas Avenue 757087
810258,1 Kaki Bukit Avenue 6 417883
810259,361 Ubi Road 3 408664
810260,15 Tai Seng Drive 535220
810261,2 Science Park Drive 118222
810262,20 McCallum Street 069046
810263,31 Nanyang Link 637718
810264,8 Marina View 018960
810265,12 Marina View 018961
810266,1 Empress Place 179555
810267,5 Pereira Road 368025
810268,8 Robinson Road 048544
810269,68 Lorong 16 Geylang 398889
810270,200 Makepeace Road 229862
810271,82 Lorong 23 Geylang 388409
810272,1 KAKI BUKIT AVE 6 417883
810273,336 River Valley Road 238366
810273,  688201
810274,61 Ubi Avenue 2 408898
810275,1 Silat Avenue 168872
810275,3 Silat Avenue 168873
810275,5 Silat Avenue 168874
810275,7 Silat Avenue 168875
810275,9 Silat Avenue 168876
810275,11 Silat Avenue 168877
810275,13 Silat Avenue 168878
810276,8 Shenton Way 068811
810277,15 Tai Seng Drive 535220
810278,67 Ayer Rajah Crescent 139950
810278,51 Ayer Rajah Crescent 139948
810279,140 Paya Lebar Road 409015
810280,26 Horne Road 209062
810281,994 Bendemeer Road 339943
810281,996 Bendemeer Road 339944
810282,262 Balestier Road 329714
810283,1 Thomson Road 300001
810284,221 Balestier Road 329928
810285,400 Balestier Road 329802
810285,  329670
810286,279 Balestier Road 329727
810287,207 Balestier Road 329683
810287,  329675
810287,  329906
810288,12A Jalan Ampas 329516
810289,271 Bukit Timah Road 259708
810290,5 Jalan Besar 208785
810291,21 Serangoon North Avenue 554864
810292,180 Cecil Street 069546
810293,4 Battery Road 049908
810294,63 Market Street 048942
810295,15 Kaki Bukit Road 4 417808
810295,13 Kaki Bukit Road 4 417807
810296,60 Robinson Road 068892
810297,15 Beach Road 189677
810297,  079900
810298,144 Upper Bukit Timah Road 588177
810299,140 Upper Bukit Timah Road 588176
810299,  597970
810299,  596443
810300,514 Chai Chee Lane 469029
810301,348 Bedok Road 469560
810302,799 New Upper Changi Road 467351
810302,  467360
810303,306 Bedok Road 469466
810304,288A Bedok Road 469445
810304,312 Bedok Road 469475
810304,288 Bedok Road 469444
810304,300 Bedok Road 469457
810304,300A Bedok Road 469458
810304,302 Bedok Road 469460
810304,302A Bedok Road 469461
810304,342 Bedok Road 469524
810304,342A Bedok Road 469525
810304,348 Bedok Road 469560
810304,312A Bedok Road 469476
810304,320 Bedok Road 469487
810304,320A Bedok Road 469488
810304,346 Bedok Road 469532
810305,996 Bendemeer Road 339944
810306,27 Bendemeer Road 330027
810307,12 Prince Edward Road 079212
810308,246 MacPherson Road 348578
810309,3 Raffles Place 048617
810310,2B Mandai Estate 729929
810311,7 Armenian Street 179932
810312,51 Ang Mo Kio Ave 3 569922
810313,20 Biopolis Way 138668
810314,30 Biopolis Street 138671
810315,31 Biopolis Way 138669
810316,8 Biomedical Grove 138665
810317,9 bishan place 579837
810318,282 Bishan Street 22 570282
810319,28 Senang Crescent 416601
810319,  416619
810320,59 Ubi Avenue 1 408938
810321,627A Aljunied Road 389842
810322,133 Middle Road 188974
810323,61 South Bridge Road 058691
810324,155-155B Still Road 423992
810324,157-157B Still Road 423993
810324,161-161B Still Road 423995
810324,163-163B Still Road 423996
810324,167-167B Still Road 423998
810324,169-169A Still Road 423999
810325,221 Boon Lay Place 640221
810326,204 Bukit Timah Road 229863
810327,75 Bukit Timah Road 229833
810327,  229836
810328,41 Middle Road 188950
810329,20 Siglap Drive 456192
810330,506 Chai Chee Lane 469026
810331,1 Pasir Panjang Road 118479
810332,396 Alexandra Road 119954
810333,15 Lorong 8 Toa Payoh 319262
810333,13 Lorong 8 Toa Payoh 319261
810334,231 Bain Street 180231
810335,55 Lorong L Telok Kurau 425500
810335,212 Telok Kurau Road 423835
810336,286 Jalan Besar 208949
810337,3 Jalan Bakar Batu 348741
810338,136 Joo Seng Road 368360
810339,4190 Ang Mo Kio Avenue 6 569841
810340,00 Hoy Fatt Road 159000
810340,12 Hoy Fatt Road 159506
810340,14 Hoy Fatt Road 159507
810341,20 Bendemeer Road 339914
810342,14 Shaw Road 367952
810343,23 Serangoon North Avenue 5 554530
810344,470 North Bridge Road 188735
810345,200 Victoria Street 188021
810345,230 Victoria Street 188024
810346,230 Victoria Street 188024
810347,158 Rochor Road 188433
810347,63B Queen Street 188542
810348,201 Victoria Street 188067
810349,11 Changi South Street 486122
810350,2 Bukit Batok Street 23 659554
810351,2021 Bukit Batok Street 23 659526
810351,  659528
810352,156 Bukit Batok Street 11 650156
810352,  600463
810352,  650993
810353,10 Jalan Kilang 159410
810354,1 Jelebu Road 677743
810355,21 Cantonment Road 089742
810355,28 Bukit Pasoh Road 089842
810355,26 Bukit Pasoh Road 089840
810355,  088323
810355,  089839
810355,  088332
810355,  088326
810355,  089857
810356,1 Jalan Anak Bukit 588996
810357,170 Upper Bukit Timah Road 588179
810358,67 Beach Road 189688
810359,175 Bencoolen Street 189649
810360,135 Middle Road 188975
810361,46 Penjuru Lane 609206
810362,0 Andrew Road 299939
810363,30 Raffles Place 048622
810364,1 Orchard Boulevard 248649
810365,1A Short Street 188210
810366,219 Canberra Road 759770
810367,1557 Keppel Road 089066
810368,1557 Keppel Road 089066
810369,138 Market Street 048946
810370,23 Church Street 049481
810371,168 Robinson Road 068912
810372,11 Stamford Road 178884
810372,13 Stamford Road 178905
810373,1 Science Park Road 117528
810374,543 Changi Airfreight Centre  918102
810374,  918109
810375,60 JALAN LAM HUAT 737869
810376,2 Handy Road 229233
810377,8 Grange Road 239695
810377,  238897
810378,55 Waterloo Street 187954
810379,1 Woodlands Square 738099
810380,138 Cecil Street 069538
810381,139 Cecil Street 069539
810382,58 Kallang Pudding Road 349330
810383,5 Little Road 536983
810384,2 Tannery Road 347720
810385,120 Lower Delta Road 169208
810386,3 Temasek Avenue 039190
810387,1 Magazine Road 059567
810387,7 Magazine Road 059572
810388,298 Tiong Bahru Road 168730
810389,110 Depot Road singapore 109677
810390,20 Havelock Road 059765
810391,20 Depot Lane 109763
810391,  109764
810392,8 Jalan Kilang Barat 159351
810393,320 Serangoon Road 218108
810394,73 Upper Paya Lebar Road 534818
810395,80 Changi Road 419715
810396,23 New Industrial Road 536209
810397,2 Tampines Central 5 529509
810398,56 Lorong 23 Geylang 388381
810399,100E Pasir Panjang Road 118521
810400,69 Ubi Crescent 408561
810401,171 Chin Swee Road 169877
810402,4 Robinson Road 048543
810403,81 Science Park Drive 118257
810404,514 Chai Chee Lane 469029
810404,  469032
810405,17 Kallang Junction 339274
810406,452 North Bridge Road 188733
810407,105 Sims Avenue 387429
810408,36B Dunearn Road 309427
810409,16 Collyer Quay 049318
810410,60 Collyer Quay 049322
810411,591 Changi Airfreight Centre  918102
810412,0 Airport Boulevard 819642
810413,115 Airport Cargo Road 819466
810414,1 Changi Business Park 486036
810415,5 Changi Business Park Central 1 486038
810416,19 Loyang Way 508724
810417,320 Tanah Merah Coast Road 498818
810418,11 Changi North Street 1 498823
810418,209 Tanah Merah Coast Road 498821
810418,  498888
810420,1 Charlton Lane 539631
810421,60 Woodlands Industrial Park D Street 2 738406
810422,3 Pandan Valley 597627
810423,12 Arumugam Road 409958
810424,530 Ang Mo Kio Avenue 560530
810425,4 Ang Mo Kio Industrial Park 2 569498
810426,7 Hindoo Road 209108
810427,23 Genting Road 349481
810428,30 Raffles Place 048622
810429,8 Chia Ping Road 619973
810429,1 Chia Ping Road 619967
810429,  619972
810430,122 Robinson Road 068903
810431,110 Middle Road 188968
810432,30 Victoria Street 187996
810433,22 Lorong 21A Geylang 388431
810434,25 Harrison Road 369646
810435,25 Harrison Road 369646
810436,20 Cross Street 048422
810437,18 Cross Street 048423
810437,3 Pickering Street 048660
810437,22 Cross Street 048421
810438,20 Cross Street 048422
810439,51 Telok Ayer Street 048441
810439,  048440
810440,335 Smith Street 050335
810440,  058935
810441,34 Craig Road 089673
810442,133 New Bridge Road 059413
810442,  059418
810442,  059419
810443,20 Shaw Road 367956
810444,45 Kian Teck Drive 628859
810444,11 Kian Teck Drive 628828
810444,  648310
810445,140 Robinson Road 068907
810446,112 Lavender Street 338728
810447,87 Beach Road 189695
810448,50 Genting Lane 349558
810449,73 Science Park Drive 118254
810450,75 Science Park Drive 118255
810451,77 Science Park Drive 118256
810452,79 Science Park Drive 118264
810453,00 CIRCULAR ROAD 049999
810453,  049362
810454,20 Jalan Afifi 409179
810455,102E Pasir Panjang Road 118529
810455,102F Pasir Panjang Road 118530
810456,605 MacPherson Road 368239
810457,152 Paya Lebar Road 409020
810458,50 Telok Blangah Road 098828
810459,30 Lorong 27 Geylang 388164
810460,629 Aljunied Road 389838
810461,371 Beach Road 199597
810462,10 Coleman Street
810463,36 Robinson Road 068877
810464,71 Tannery Lane 347807
810465,810 Geylang Road 409286
810466,180 Kitchener Road 208539
810466,  208528
810466,  329999
810467,5 Kaki Bukit Road 2 417839
810468,1 Raffles Link 039393
810469,84 Genting Lane 349584
810470,3151 Commonwealth Ave West 129581
810471,60 Tessensohn Road 508503
810472,20 Toh Guan Road 608839
810473,37 Jalan Pemimpin 577177
810474,442 Orchard Road 238879
810475,139 Joo Seng Road 368362
810476,41 Sunset Way 597071
810477,69 Sunset Way Singapore 597094
810477,  597493
810478,354 Clementi Avenue 2 120354
810479,34 West Coast Road 127335
810480,1 Clementi Loop 129808
810481,24 Raffles Place 048621
810482,293 Holland Road 278628
810483,21 Kim Keat Road 328805
810484,31 Exeter Road 239732
810485,110 Eunos Avenue 7 409573
810486,15 Commonwealth Lane 149554
810487,1 Sengkang Square 545078
810488,60 Alexandra Terrace 118502
810489,317 Outram Road 169075
810490,100 Orchard Road 238840
810491,167 Jalan Bukit Merah 150167
810492,1 Farrer Park Station Road 217562
810493,587 Bukit Timah Road 269707
810493,  269706
810493,  269693
810494,2 Corporation Road 618494
810495,410 North Bridge Road 188726
810496,21 Jurong East Street 609646
810497,1 Tampines Central 5 529508
810498,464 Crawford Lane 190464
810499,461 Crawford Lane 190461
810500,17 Upper East Coast Road 455208
810501,47 Kallang Pudding Road 349318
810502,320 Balestier Road 329924
810503,3 Ubi Avenue 3 408857
810504,71 Robinson Road 068895
810505,140 Robinson Rd 068907
810506,557 Bukit Timah Road 269694
810507,16 Tannery Lane 347778
810508,2 Kim Chuan Drive 537080
810509,200 Pandan Loop 128388
810510,2 Kallang Avenue 339407
810511,114 Lavender Street 338729
810512,5 Koek Road 228796
810513,5 Koek Road 228796
810514,5 Koek Road 228796
810515,70 Collyer Quay 049323
810516,47A Jalan Buroh 619492
810517,16 Jalan Kilang Barat 159358
810518,12 International Business Park 609920
810519,54 Serangoon North Avenue 4 555854
810520,100 Lorong 23 Geylang 388398
810521,82 Playfair Road 368001
810522,362 Upper Paya Lebar Road 534963
810523,3 Tai Seng Drive 535216
810524,6 Jalan Kilang 159406
810525,4 Dairy Farm Lane 677622
810525,6 Dairy Farm Lane 677623
810525,8 Dairy Farm Lane 677624
810525,10 Dairy Farm Lane 677625
810525,12 Dairy Farm Lane 677615
810526,57 Dawson Place 142057
810527,12 Tampines Central 1 529537
810528,36 West Coast Road 127343
810529,3 Defu Lane 1 539478
810529,5 Defu Lane 1 539480
810529,15 Defu Avenue 1 539538
810529,38 Defu Lane 10 539215
810529,28 Defu Lane 9 539268
810529,13 Defu Lane 10 539194
810529,1 Defu Lane 10 539182
810529,2 Defu Lane 10 539183
810529,30 Defu Lane 10 539211
810529,31 Defu Lane 10 539212
810529,32 Defu Lane 10 539213
810529,37 Defu Lane 10 539214
810530,402 Orchard Road Singapore 238876
810531,2 Alexandra Road 159919
810533,108 Depot Road 100108
810534,20 Devonshire Road 239850
810535,25 Scotts Road 228220
810536,5 Ang Mo Kio Central 2 569663
810537,10 Science Park Drive 118224
810538,2304 Bedok Reservoir Road 479223
810539,1 Pasir Ris Close 519599
810540,128 Joo Seng Road 368356
810541,31 Tannery Lane 347788
810542,20 Science Park Drive 118230
810543,71 Science Park Drive 118253
810544,7 Fraser Street 189356
810545,3 Fraser Street 189352
810546,3791 Jalan Bukit Merah 159471
810547,61 Woodlands Industrial Park E9 757047
810547,  757881
810548,31 Boon Tat Street 069625
810549,430 Upper Changi Road 487048
810550,25 Marine Parade 449536
810551,3016 Bedok North Avenue 4 489947
810552,46 East Coast Road 428766
810553,3018 Bedok North Street 5 486132
810554,3 Simei St 6 528833
810556,20 Eastwood Road 486442
810556,  088902
810557,1 Sunview Road 627615
810558,2 Ang Mo Kio Street 64 569084
810560,67 High Street 179431
810561,15A Changi Business Park Central 1 486035
810562,10 Arumugam Road 409957
810563,11 Kee Seng Street 089218
810564,11 Mandai Estate 729908
810565,625 Elias Road 510625
810566,32 Kallang Pudding Road 349313
810567,47 Tannery Lane 347794
810568,0 Emerald Hill Road 229000
810568,0 Saunders Road 228000
810568,48 Saunders Road 228279
810568,84 Emerald Hill Road 229360
810568,52 Emerald Hill Road 229328  
810568,112A Emerald Hill Road 229393
810568,92 Emerald Hill Road 229368 
810568,110 Emerald Hill Road 229389
810569,195 Lavender Street 338758
810570,30 Kaki Bukit Road 3 417819
810571,5611 North Bridge Road 198782
810572,105 Amoy Street 069925
810572,  069926
810572,  069928
810572,  069922
810572,  069000
810573,10 Enterprise Road 629822
810573,  629789
810574,20 Bukit Batok Crescent 658080
810575,116 Middle Road 188972
810576,48 Toh Guan Road East 608586
810576,34 Toh Guan Road East 608579
810576,30 Toh Guan Road East 608577
810576,40 Toh Guan Road East 608582
810576,38 Toh Guan Road East 608580
810576,44 Toh Guan Road East 608485
810577,46 Lorong 17 Geylang 388568
810578,2 Tuas View Place 637431
810579,1 Kaki Bukit Road 1 415934
810580,18 Kaki Bukit Road 3 415978
810581,50 Tagore Lane 787494
810582,70 Shenton Way 079118
810583,70 Shenton Way 079118
810584,1100 Lower Delta Road 169206
810585,450 Lorong 6 Toa Payoh 319394
810586,17 Kallang Junction 339274
810587,1 Esplanade Drive 038981
810588,8 Raffles Avenue 039802
810589,1 Eunos Avenue 8A 409457
810589,3 Eunos Avenue 8A 409458
810589,5 Eunos Avenue 8A 409459
810589,9 Eunos Avenue 8A 409461
810589,1011 Eunos Avenue 6 409623
810589,1042 Eunos Avenue 5 409745
810589,1040 Eunos Avenue 4 409792
810589,1001 Eunos Avenue 8 409496
810589,100 Eunos Avenue 7 409572
810590,5 Kaki Bukit Road 1 415936
810590,7 Kaki Bukit Road 1 415937
810590,3 Kaki Bukit Road 1 415935
810590,11 Kaki Bukit Road 1 415939
810590,9 Kaki Bukit Road 1 415938
810590,13 Kaki Bukit Road 1 415928
810591,60 Kaki Bukit Place 415979
810591,35 Kaki Bukit Place 416213
810591,40 Kaki Bukit Place 416218
810591,26 Kaki Bukit Place 416204
810591,63 Kaki Bukit Place 416234
810591,49 Kaki Bukit Place 416227
810591,37 Kaki Bukit Place 416215
810591,5 Kaki Bukit Place 416183
810591,45 Kaki Bukit Place 416223
810592,1 Kaki Bukit Road 2 417835
810593,183 Ubi Avenue 4 408801
810594,85 Defu Lane 10 539218
810595,62 Burn Road 369976
810596,81 Genting Lane 349566
810597,43 Beach Road 189681
810597,43A Beach Road 189681
810597,43B Beach Road 189681
810597,43C Beach Road 189681
810597,43D Beach Road 189681
810597,45 Beach Road 189682
810597,45A Beach Road 189682
810597,45B Beach Road 189682
810597,45C Beach Road 189682
810597,45D Beach Road 189682
810598,71 Ubi Crescent 408571
810599,5 Coleman Street 179805
810600,23 Lorong 8 Toa Payoh 319257
810601,10 Changi North Street 1 498826
810602,7 Kaki Bukit Road 2 417840
810603,8 Robinson Road 048544
810604,230 Orchard Road 238854
810605,12 Lorong 8 Geylang 399083
810606,445 Fajar Road 670445
810607,14 Robinson Road 048545
810608,14 Scotts Road 228213
810608,  900555
810609,112 Lavender Street 338728
810610,545 Orchard Road 238882
810611,31 Pekin Street 048761
810611,26 China Street 049568
810611,44 Pekin Street 048774
810611,137 Amoy Street 049965
810611,82 Telok Ayer Street 048467
810612,156 Cecil Street 069544
810612,  399073
810613,67 Sungei Tengah Road 699008
810614,288 Jalan Besar 208951
810615,21 Sengkang West Avenue 797650
810616,108 Robinson Road 068900
810617,20 Prince Edward Road 079213
810618,101 Thomson Rd 307591
810619,50 Serangoon North Avenue 4 555856
810620,10 Kaki Bukit Road 2 417868
810621,26 Woodlands Loop 738317
810622,7 Ang Mo Kio Street 66 567708
810623,103 Defu Lane 10 539223
810624,1 Ubi View 408555
810625,45 Middle Road 188954
810626,21 Tyrwhitt Road 207530
810627,45 Jalan Pemimpin 577197
810629,8 Chin Bee Drive 619859
810629,10 Chin Bee Drive 619861
810629,  619930
810630,8A Admiralty Street 757437
810631,1 Senoko Avenue 758297
810631,  758298
810632,150 South Bridge Road 058727
810633,45 Jalan Pemimpin 577197
810634,6 Lorong 32 Geylang 398269
810635,25A Perak Road 208136
810636,32 Toh Tuck Road 596710
810636,34 Toh Tuck Road 596712
810636,36 Toh Tuck Road 596714
810636,38 Toh Tuck Road 596716
810636,40 Toh Tuck Road 596717
810636,42 Toh Tuck Road 596718
810636,44 Toh Tuck Road 596719
810636,46 Toh Tuck Road 596721
810637,29 New Industrial Road 536213
810638,190 Middle Road 188979
810639,583 Orchard Road 238884
810640,110 Robinson Road 068901
810641,35 New Bridge Road 059395
810642,44 Kallang Place 339172
810643,168 CHANGI ROAD 419730
810644,456 Alexandra Road 119962
810645,182 Cecil Street 069547
810646,51 Penjuru Road 609143
810647,15 Jalan Kilang Barat 159357
810648,52 Ubi Avenue 3 408867
810648,50 Ubi Avenue 3 408866
810648,  648346
810649,149 Rochor Road 188425
810650,19 Kim Keat Road 328804
810651,75 Beach Road 189689
810652,80 Anson Road 079907
810653,109 North Bridge Road 179097
810654,60 Eu Tong Sen Street 059804
810655,405 Havelock Road 169633
810656,1 Fusionopolis Way 138632
810657,57 Genting Lane 349564
810658,241 River Valley Road 238298
810659,1 Fusionopolis Place 138522
810660,554 Havelock Road 169639
810661,152 Beach Road 189721
810662,11 Mount Sophia 228461
810663,150 Beach Road 189720
810664,143 Cecil Street 069542
810664,  229451
810665,535 Kallang Bahru 339351
810666,240 Tanjong Pagar Road 088540
810667,762 Jurong West Street 75 640762
810668,2 Sims Close 387298
810669,625 Lorong 4 Toa Payoh 319519
810670,83 Genting Lane 349568
810671,3 Lim Teck Kim Road 088934
810672,45 Genting Lane 349557
810672,  349488
810673,9 Tai Seng Drive 535227
810674,25 International Business Park 609916
810675,3 Toh Tuck Link 596228
810676,301 Geylang Road 389344
810676,  389000
810677,1016 Geylang East  Avenue 3 389731
810677,1013 Geylang East Avenue 3 389728
810677,1014 Geylang East Avenue 3 389729
810677,1015 Geylang East  Avenue 3 389730
810677,  389727
810678,716 Geylang Road 389629
810678,767 Geylang Road 389664
810678,735 Geylang Road 389646
810678,459 Geylang Road 389418
810678,526 Geylang Road 389482
810678,99 Geylang Road 389208
810678,532 Geylang Road 389488
810679,1 Jalan Pasar Baru 402001
810680,9 Lock Road 108937
810681,6A Napier Road 258500
810681,  258499
810682,469 Macpherson Road 368186
810683,126 Joo Seng Road 368355
810684,47 Scotts Road 228233
810685,108 Pasir Panjang Road 118535
810686,80 South Bridge Road 058710
810687,390 Victoria Street 188061
810689,5001 Beach Road 199588
810690,505 Beach Road 199583
810691,6001 Beach Road 199589
810692,50 Market Street 048940
810693,51 Yishun Central 1 768794
810694,89 Short Street 188216
810695,2 Jalan Rajah 329134
810696,41 Kallang Pudding Road 349316
810697,50 Kallang Pudding Road 349326
810698,"151-151B, Thomson Road, 307606"
810698,"153-153B, Thomson Road, 307607"
810698,"155-155B, Thomson Road, 307608"
810698,"157-157B, Thomson Road, 307610"
810698,"159-159B, Thomson Road, 307612"
810698,"161-161B, Thomson Road, 307614"
810698,"163-163B, Thomson Road, 307616"
810698,"165-165B, Thomson Road, 307618"
810698,"167-167B, Thomson Road, 307619"
810698,"169-169B, Thomson Road, 307621"
810698,"171-171B, Thomson Road, 307622"
810698,"173-173B, Thomson Road, 307623"
810698,"175-175B, Thomson Road, 307624"
810698,"177-177B, Thomson Road, 307625"
810698,"179-179B, Thomson Road, 307626"
810698,"181-181B, Thomson Road, 307627"
810698,"183-183B, Thomson Road, 307628"
810698,"185-185B, Thomson Road, 307629"
810698,"187-187B, Thomson Road, 307630"
810698,"189-189B, Thomson Road, 307631"
810698,"191-191B, Thomson Road, 307632"
810698,"193-193B, Thomson Road, 307633"
810698,"195-195B, Thomson Road, 307634"
810698,"197-197B, Thomson Road, 307635"
810698,"199-199B, Thomson Road, 307636"
810698,"201-201B, Thomson Road, 307637"
810698,"203-203B, Thomson Road, 307638"
810698,"205-205B, Thomson Road, 307639"
810698,"207-207B, Thomson Road, 307640"
810699,51 Goldhill Plaza 308900
810699,1 Goldhill Plaza 308899
810700,151 Thomson Road 307606
810701,161 Kampong Ampat 368329
810702,18 Roberts Lane 218297
810703,3 KIM CHUAN LANE 537069
810704,357 Sembawang Road 759495
810705,8 Changi South Lane 486113
810706,113 Eunos Avenue 3 409838
810707,9 Kaki Bukit Road 417842
810708,3017 Bedok North Street 5 486121
810709,17 Phillip Street 048695
810710,392 Havelock Road 169663
810711,10 Coleman Street 179809
810713,511 Guillemard Road 399849
810714,511 Guillemard Road 399849
810715,25 Leonie Hill Road 239196
810716,1 Pickering Street 048659
810717,49 Beach Road 189685
810718,1 Kim Seng Promenade 237994
810719,1 Kim Seng Promenade 237994
810720,43 Carpenter Street 059922
810720,40 Carpenter Street 059919
810721,1A Greendale Avenue 289496
810722,524A Jelapang Road 671524
810723,83A East Coast Road 428786
810724,1 Bukit Batok Street 659592
810725,141 Middle Road 188976
810726,21 Senoko Loop 758170
810727,11 Tai Seng Drive 535226
810728,85 Genting Lane 349569
810729,65 Upper Paya Lebar Road 534817
810730,8 Lorong 27a Geylang 388106
810731,102 Guillemard Road 399719
810732,1 Wallich Street 078881
810733,150 Changi Road 419973
810734,1 Fifth Avenue 268802
810734,  000022
810734,  011101
810735,12 Tagore Drive 787621
810736,1 Boon Leat Terrace 119843
810737,21 Lorong Ampas 328782
810738,15 Changi Business Park Crescent 486006
810739,39A Jalan Pemimpin 577183
810740,47 Jalan Pemimpin 577200
810741,61 Alexandra Terrace 119936
810741,  119937
810742,512 Kampong Bahru Road 099448
810743,1 Maritime Square 099253
810744,1 HarbourFront Place 098633
810745,3 HarbourFront Place 099254
810746,2 Boon Leat Terrace 119844
810747,25 Harper Road 369683
810748,7 Harrison Road 369650
810749,280 Woodlands Industrial Park E5 757322
810749,224 Woodlands Industrial Park E5 757294
810749,  756992
810750,2 Havelock Road 059763
810751,2 Havelock Road 059763
810752,180 Clemenceau Avenue 239922
810752,  229924
810753,401 Commonwealth Drive 149598
810753,  149555
810754,2 Chia Ping Road 619968
810755,12 Tannery Road 347722
810756,31 Tannery Lane 347788
810757,112 Robinson Road 068902
810758,119 Genting Lane 349570
810759,480 Lorong 6 Toa Payoh 310480
810759,490 Lorong 6 Toa Payoh 310490
810759,470 Lorong 6 Toa Payoh 310470
810759,500 Lorong 6 Toa Payoh 310500
810759,520 Lorong 6 Toa Payoh 310520
810759,530 Lorong 6 Toa Payoh 310530
810760,85 Beach Road 189694
810761,36 Liang Seah Street 189057
810762,205 Hougang St 530205
810763,11 Biopolis Way 138667
810764,221 Henderson Road 159557
810764,221A Henderson Road 159558
810765,203B Henderson Road 159548
810765,215 Henderson Road 159554
810765,217 Henderson Road 159555
810765,219 Henderson Road 159556
810765,205 Henderson Road 159549
810765,207 Henderson Road 159550
810765,213 Henderson Road 159553
810765,203A Henderson Road 159547
810765,209 Henderson Road 159551
810765,203 Henderson Road 159546
810766,61 Bukit Batok Crescent 658078
810767,137 Cecil Street 069537
810768,22A Lim Teck Boo Road 537002
810769,149 Ubi Avenue 4 408778
810770,21 Tan Quee Lan Street 188108
810770,14A Tan Quee Lan Street 188103
810771,160 Changi Road 419728
810772,55 Kallang Pudding Road 349328
810773,27 Woodlands Industrial Park E1 757718
810774,21 Fernvale Road 797637
810775,1 North Bridge Road 179094
810777,77 High Street 179433
810778,22 Yio Chu Kang Road 545535
810779,0 Jelebu Road 677000
810779,8 Jelebu Road 677671
810779,10 Jelebu Road 677672
810779,12 Jelebu Road 677673
810780,4 Hillview Rise 667979
810781,48 Hillview Terrace 669269
810782,1 Jalan Remaja 668662
810783,29 Hillview Terrace 669245
810783,28 Hillview Terrace 669242
810784,581 Orchard Road 238883
810785,7 TAMPINES GRANDE 528735
810786,2 Mistri Road 079624
810787,10C Jalan Ampas 329513
810788,27 Foch Road 209264
810789,114 Lavender Street 338729
810790,6 New Industrial Road 536199
810791,33 Tannery Lane 347789
810793,65 Ubi Crescent 408559
810794,211 Holland Avenue 278967
810794,  278997
810795,3 Lorong Liput 277725
810796,Holland Village Holland Ave 277683
810797,17 Changi Business Park Central 1 486073
810798,22 Kallang Avenue 339413
810799,204A Rangoon Road 218451
810800,449 Tagore Industrial Avenue 787820
810800,  787822
810801,16 Raffles Quay 048581
810802,230 Jalan Besar 208906
810803,16 Raffles Quay 048581
810804,106 West Coast Way 127046
810804,214B West Coast Way 127104
810804,216C West Coast Way 127105
810804,228A West Coast Way 127111
810804,128C West Coast Way 127061
810804,112A West Coast Way 127052
810805,76 Shenton Way 079119
810806,220 West Coast Way 127107
810807,531 Upper Cross Street 050531
810809,1 Hougang Street 91 538692
810809,  538662
810810,21 Hougang Street 51 538719
810811,90 Hougang Avenue 10 538766
810812,1189 Upper Serangoon Road 534785
810813,50 Cuscaden Road 249724
810814,21 Collyer Quay 049320
810815,70 Anson Road 079905
810816,14 New Industrial Road 536203
810817,16 New Industrial Road 536204
810818,241 Pandan Loop 128426
810818,214 Pandan Loop 128405
810818,  126904
810819,121 Genting Lane 349572
810820,17 Mandai Estate 729934
810821,80 Bendemeer Road 339949
810822,9 Jurong Town Hall Road 609431
810823,15 Changi North Street 1 498765
810824,32 Old Toh Tuck Road 597658
810825,18 Verdun Road 207280
810826,9 Changi Business Park Central 1 486048
810827,53 Serangoon North Avenue 4 555852
810828,116 Middle Road 188972
810829,8 Yio Chu Kang Road 545522
810829,14 Yio Chu Kang Road 545526
810829,  545525
810830,228 Changi Road 419741
810831,3A International Business Park 609935
810832,218 Pasir Panjang Road 118579
810833,12 Gopeng Street 078877
810834,137 Cecil Street 069537
810835,2 Jurong East Street 21 609601
810836,1557 Keppel Road 089066
810837,700 Beach Road 199598
810838,16 Collyer Quay 049318
810839,1 Portsdown Road 138562
810840,60D Kallang Pudding Road 349321
810841,1003 Bukit Merah Central 159836
810842,0 Mandai Estate 729000
810842,31 Mandai Estate 729933
810842,29 Mandai Estate 729932
810842,25 Mandai Estate 729930
810842,27 Mandai Estate 729931
810843,"24, New Industrial Road, 536210"
810844,100G Pasir Panjang Road 118523
810845,1A Toh Tuck Link 596223
810846,360 Orchard Road 238869
810847,141 Market Street 048944
810848,62 Sungei Kadut Loop 729507
810849,10 Anson Road 079903
810849,  629731
810850,26 Kallang Avenue 339417
810851,1 MacTaggart Road 368089
810852,64 Cecil Street 049711
810853,210 Middle Rd 188994
810854,210 Middle Road 188994
810855,2 Orchard Turn 238801
810857,23 Tai Seng Dr 535224
810858,27 International Business Park 609924
810859,7 Soon Lee Street 627608
810860,29 Tai Seng Street 534120
810861,11 Lorong 3 Toa Payoh 319579
810862,101 Kitchener Road 208511
810863,30 Jurong Port Road 619103
810863,  619498
810863,  627545
810864,50 Jalan Sultan 198974
810864,  198981
810865,10 Genting Lane 349583
810866,2 Jurong East Central 1 609731
810866,  088449
810866,  609732
810867,50 Kaki Bukit Place 415926
810868,50 Jurong Gateway Road 608549
810869,19 Keppel Road 089058
810870,291 Joo Chiat Road 427543
810870,  598578
810871,1 Joo Chiat Road 420001
810871,  427780
810872,1 Upper Aljunied Link 367901
810872,3 Upper Aljunied Link 367902
810873,65A Jalan Tenteram 328958
810874,9 Kallang Place 339154
810874,16 Kallang Place 339156
810874,30 Kallang Place 339159
810874,7 Kallang Place 339153
810875,2 Tukan Innovation Grove 618305
810877,8 Jurong Town Hall Road 609434
810878,61 Ang Mo Kio Avenue 8 569814
810879,6 Genting Road 349471
810881,402 North Bridge Road 188722
810882,1 Woodlands Road 677899
810883,00 Yishun Avenue 9 760000
810883,18 Yishun Avenue 9 768897
810884,15 Jalan Tepong 619336
810885,8 Chia Ping Road 619973
810885,9 Kian Teck Drive 628826
810885,10 Kian Teck Way 628747
810886,31 Jurong Port Road 619115
810887,1 Jurong West Central 2 648886
810888,37 Jurong Port Road 619110
810888,  619493
810889,27 Tanjong Kling Road 628052
810890,17 Upper Circular Road 058415
810891,55 Kaki Bukit Road 2 417865
810892,333 North Bridge Road 188721
810893,23A Serangoon North Ave 5 554369
810894,150 Kampong Ampat 368324
810895,171 Kampong Ampat 368330
810896,171 Kampong Ampat 368330
810897,159 Kampong Ampat 368328
810898,2 Kim Tian Road 169244
810898,4 Kim Tian Road 169245
810898,6 Kim Tian Road 169246
810898,8 Kim Tian Road 169247
810898,10 Kim Tian Road 169248
810898,12 Kim Tian Road 169249
810899,10 Kaki Bukit Road 2 417868
810900,2 Kaki Bukit Avenue 1 417938
810900,4 Kaki Bukit Avenue 1 417939
810901,1 Kaki Bukit Industrial Terrace 416090
810901,88 Kaki Bukit Industrial Terrace 416168
810901,82 Kaki Bukit Industrial Terrace 416162
810901,27 Kaki Bukit Industrial Terrace 416107
810901,  416171
810901,  416128
810901,  416157
810902,12 Kaki Bukit Crescent 416243
810902,36 Kaki Bukit Crescent 416264
810902,15 Kaki Bukit Crescent 416246
810902,42 Kaki Bukit Place 416220
810902,1 Kaki Bukit Crescent 416236
810902,27 Kaki Bukit Crescent 416258
810902,34 Kaki Bukit Crescent 416263
810902,3 Kaki Bukit Crescent 416237
810903,2 Kaki Bukit View 415942
810903,  415956
810904,4 Kallang Avenue 339409
810905,2 Kallang Avenue 339407
810906,7 Kallang Place 339153
810906,  339348
810907,5 Kallang Place 339152
810907,7 Kallang Place 339153
810907,9 Kallang Place 339154
810907,11 Kallang Place 339155
810907,16 Kallang Place 339156
810907,19 Kallang Avenue 339410
810907,21 Kallang Avenue 339412
810907,25 Kallang Avenue 339416
810907,26 Kallang Place 339157
810907,26A Kallang Place 339212
810907,28 Kallang Place 339158
810907,30 Kallang Place 339159
810908,74 Geylang Bahru 339682
810908,  339691
810908,  339690
810909,1775 Geylang Bahru 339704
810910,1 STADIUM PLACE 397628
810911,29 Arab Street 199728
810911,  209400
810911,  198699
810911,  199776
810911,  199150
810911,  199432
810911,  199434
810911,  199724
810912,3018A Ubi Road 1 408711
810912,3025 Ubi Road 3 408653
810912,3014A Ubi Road 1 408703
810912,3015A Ubi Road 1 408705
810912,3017A Ubi Road 1 408709
810912,3026 Ubi Road 1 408719
810912,3020A Ubi Road 1 408714
810912,3005 Ubi Avenue 3 408861
810912,3027 Ubi Road 1 408720
810912,3024 Ubi Road 3 408652
810912,3021 Ubi Avenue 2 408897
810912,3004 Ubi Avenue 3 408860
810912,3006 Ubi Road 1 408700
810912,3007 Ubi Road 1 408701
810912,3014 Ubi Road 1 408702
810912,3015 Ubi Road 1 408704
810913,80 Playfair Road 367998
810914,1 Brooke Road 429979
810915,451 Joo Chiat Road 427664
810916,13 Tanjong Katong Road 437158
810916,15 Tanjong Katong Road 436950
810916,17 Tanjong Katong Road 437159
810917,865 Mountbatten Road 437844
810918,10 Kaki Bukit Road 1 416175
810919,1 Kaki Bukit Avenue 3 416087
810920,253 Choa Chu Kang Avenue 2 689906
810921,226D Ang Mo Kio Avenue 1 S 564226
810922,133 Cecil Street 069535
810923,5 Jalan Masjid 418924
810923,  418587
810924,18 Jalan Masjid 418944
810924,  418021
810925,104 Prinsep Street 188653
810926,2 Jalan Lokam 537846
810927,1 Genting Lane 349544
810928,8 Loyang Crescent 509016
810929,1 Harbourfront Avenue 098632
810930,25 Serangoon North Avenue 5 554914
810931,511 Kampong Bahru Road 099447
810932,10 Hoe Chiang Road 089315
810933,19 Greenwich Drive 534021
810934,120 Hillview Avenue 669594
810935,8 Jalan Kilang Timor 159305
810935,  159366
810935,  234567
810936,12 Aljunied Road 389801
810936,  389820
810937,921 Upper Bukit Timah Road 678202
810938,47 Beach Road 189683
810939,25 New Industrial Road 536211
810940,7 Changi South Lane 486119
810941,23 Kelantan Lane 208642
810942,35 Kelantan Lane 208652
810943,60 Kim Keat Road 328827
810944,100 Kim Seng Road 239427
810945,38 Kim Tian Road 169262
810946,3 New Industrial Road 536197
810947,9 King Albert Park 598332
810948,320-352 King George's Avenue 208577
810948,  208582
810949,559 Bukit Timah Road 269695
810950,390 Havelock Road 169662
810951,46 South Bridge Road 058679
810952,3 Changi South Lane 486118
810953,808 French Road 200808
810953,809 French Road 200809
810953,  208536
810954,2 Toh Tuck Link 596225
810955,270 Orchard Road 238857
810956,1 Kallang Way 5 348743
810956,7 Kallang Way 5 349026
810957,161 Kallang Way 349247
810957,12 Lorong Bakar Batu 348745
810957,164 Kallang Way 349248
810957,171 Kallang Way 349250
810957,3 Kallang Sector 349278
810957,1 Kallang Sector 349276
810957,5 Kallang Sector 349279
810957,8 Lorong Bakar Batu 348743
810958,253 Alexandra Road 159936
810959,41 Jalan Pemimpin 577186
810960,9 Yio Chu Kang Road 545523
810961,60 Cecil Street 049709
810962,00 Pagoda Street 059000
810962,28 – 28A Pagoda Street 059188
810962,46 – 46B Kreta Ayer Road 059205
810962,34 – 34B Keong Saik Road 089141
810962,35 Kreta Ayer Road 089000
810962,43 – 43B Kreta Ayer Road 089004
810962,45 – 45B Kreta Ayer Road 089005
810963,201 Telok Kurau Road 423910
810964,30 Alexandra Lane 119982
810965,46 Toh Guan Road East 608585
810966,59 Jalan Pemimpin 577218
810967,13 International Business Park 609932
810968,30 Mohamed Sultan Road 238974
810969,63 Hillview Avenue 669569
810970,11 Lorong 21A Geylang 388429
810971,12 Harper Road 369677
810972,390 Victoria Street 188061
810973,18 Raffles Quay 048582
810974,161 Lavender Street 338750
810974,  209200
810975,340 Geylang Road 389365
810976,519 Balestier Road 329852
810977,60 Somme Road 207876
810978,293 Alexandra Road 159940
810979,17 Jalan Mesin 368816
810980,114 Middle Road 188971
810981,5 Stadium Walk 397693
810982,12 Ang Mo Kio Street 65 569060
810983,5 Commonwealth Lane 149546
810984,178 Tyrwhitt Road 207577
810985,6 Harper Road 369674
810985,  369673
810986,520 Balestier Road 329853
810987,24 Lorong 29 Geylang 388073
810988,45 North Canal Road 059301
810988,37 North Canal Road 059293
810988,39 North Canal Road 059295
810988,  059001
810989,701 Sims Drive 387383
810990,76 Playfair Road 367996
810991,8 New Industrial Road 536200
810992,985 Upper Serangoon Road 534731
810993,12 Little Road 536986
810994,163 Tras Street 079024
810994,  079019
810995,1 Ubi Crescent 408563
810996,177 River Valley Road 179030
810997,51 Benoi Road 629908
810998,8 Liang Seah Street 189029
810998,  777778
810998,  189028
810999,1 Liang Seah Street 189022
811000,541 Orchard Road 238881
811001,220 Tagore Lane 787600
811002,5B Toh Guan Road 608829
811003,53 Kallang Place 339177
811004,533 Choa Chu Kang Street 51 680533
811005,1 Woodlands Terrace 738471
811006,3 Ang Mo Kio Street 62 569139
811007,10 Arumugam Road 409957
811007,14 Arumugam Road 409959
811007,16 Arumugam Road 409961
811008,3 Pemimpin Drive 576147
811009,621 Aljunied Road 389834
811010,1 Phillip Street 048692
811011,48 Serangoon Road 217959
811012,0 Little India Shophouses 209000
811012,43 Cuff Road 209753
811012,  209671
811012,  209776
811012,  209679
811012,  219544
811013,"428 River Valley Road, Singapore 248327"
811014,2 Clementi Loop 129809
811014,  129814
811014,  129810
811015,3 Changi North Street 2 498827
811016,11 Pioneer Road North 628462
811016,  628455
811017,21 Choa Chu Kang Avenue 4 689812
811018,56 Loyang Way 508775
811018,  508999
811019,30 Loyang Way 508769
811019,41 Loyang Way 508736
811019,49 Loyang Way 508742
811019,2 Loyang Lane 508913
811019,4 Loyang Lane 508914
811019,4A Loyang Lane 508923
811019,12 Loyang Walk 508795
811019,18 Loyang Drive 508943
811020,258 Pasir Ris Street 21 510258
811020,  508843
811020,  508841
811021,22 Martin Road  239058
811022,10 Jalan Kilang Timor 159306
811023,408 North Bridge Road 188725
811024,211 New Bridge Road 059432
811025,304 Orchard Road 238863
811025,  424486
811027,134 Jalan Besar 208852
811028,13 Tai Seng Drive 535219
811029,72 Bendemeer Road 339941
811029,8 Ubi Road 2 408538
811030,31 Toh Guan Road East 608608
811031,6D Mandai Estate 729938
811032,401 Macpherson Road 368125
811033,38 Jalan Pemimpin 577178
811034,40A Orchard Road 238838
811035,5 Lorong Bakar Batu 348742
811036,42 MacTaggart Road 368086
811036,  368084
811038,2 Kallang Pudding Road 349307
811039,48 MacTaggart Road 368088
811040,4 New Industrial Road 536198
811041,0 Maju Avenue 556670
811042,20 Malacca Street 048979
811043,7 Mandai Link 728653
811044,5 Mandai Link 729999
811044,  728652
811044,  728664
811045,30 Mandai Estate 729918
811045,  729940
811046,333 Orchard Road 238867
811047,151 Chin Swee Rd 169876
811048,151 Chin Swee Road 169876
811049,16 International Business Park 609929
811050,51 Bras Basah Road 189554
811051,37 Jalan Pemimpin 577177
811052,60 Anson Road 079914
811053,20 Pasir Panjang Road 117439
811054,3 Tai Seng Drive 535216
811055,8 Marina Boulevard 018981
811056,10 Marina Boulevard 018981
811057,12 Marina Boulevard 018982
811058,10 Bayfront Avenue 018956
811059,2 Raffles Link 039392
811060,70 Shenton Way 079118
811061,5A Raffles Avenue 039801
811062,7 Straits View 018936
811062,9 Straits View 018937
811063,31 Marina Coastal Drive 018988
811064,6 Raffles Boulevard 039594
811065,1000 East Coast Parkway 449876
811066,1000 East Coast Parkway 449876
811067,120 Cantonment Road 089760
811068,146 market street carpark 048945
811069,4 Toh Tuck Link 596226
811070,103 Beach Road 189704
811071,18 Cross Street 048424
811072,35 Marsiling Industrial Estate Road 3 739257
811072,2 Marsiling Industrial Estate Road 3 739249
811073,10 Shenton Way 079117
811074,1 Kadayanallur Street 069184
811075,20 MAXWELL ROAD 069113
811076,5 Hong Kong Street 059648
811076,  059677
811076,  059679
811077,2 Battery Road 049907
811078,51 Jalan Pemimpin 577206
811079,11 King Albert Park 598292
811080,78 Shenton Way 079120
811081,124 Lorong 23 Geylang 388405
811082,87 Defu Lane 10 539219
811083,39 Tampines Street 92 528883
811084,39 Woodlands Close 737856
811085,11 Ubi Road 1 408723
811086,100D Pasir Panjang Road 118520
811087,62 Sungei Kadut Loop 729507
811088,51 Merchant Road 058283
811089,76 South Bridge Road 058706
811090,3A River Valley Road 179020
811091,38 Genting Lane 349553
811092,5 International Business Park 609914
811093,11 Serangoon North Avenue 5 554809
811094,140 Hill Street 179369
811095,112 Middle Road 188970
811096,122 Middle Road 188973
811097,220 Orchard Road 238852
811098,220 Orchard Road 238852
811099,122 Beach Road
811099,124 Beach Road
811099,126 Beach Road
811099,128 Beach Road
811099,130 Beach Road
811100,50 Bukit Batok Street 23 659578
811101,18 Sin Ming Lane 573960
811101,24 Sin Ming Lane 573970
811101,22 Sin Ming Lane 573969
811101,20 Sin Ming Lane 573968
811101,26 Sin Ming Lane 573971
811101,28 Sin Ming Lane 573972
811101,30 Sin Ming Lane 573953
811101,32 Sin Ming Lane 573954
811101,34 Sin Ming Lane 573955
811101,36 Sin Ming Lane 573956
811101,38 Sin Ming Lane 573957
811101,40 Sin Ming Lane 573958
811102,55 Changi Road 419709
811103,1 Temasek Avenue 039192
811103,  039193
811103,  039194
811103,  039195
811104,9 Raffles Boulevard 039596
811105,8 Jalan Lembah Kallang 339564
811106,21 Cuscaden Road 249720
811107,18 Havelock Road 059764
811108,55 Ubi Avenue 3 408864
811109,39 Genting Lane 349554
811110,9 International Business Park 609915
811111,50 Robinson Road 068882
811112,00 Maxwell Road 069999
811112,5 Maxwell Road 069110
811112,7 Maxwell Road 069111
811112,9 Maxwell Road 069112
811114,12 New Industrial Road 536202
811115,19 Lorong 8 Toa Payoh 319255
811116,820 Thomson Road 574623
811117,3 Mount Elizabeth 228510
811118,38 Irrawaddy Road 329563
811119,231 Mountbatten Road 397999
811120,229 Mountbatten Road 398007
811121,22 Jalan Kilang 159419
811122,18 Mandai Estate 729910
811123,217 Kallang Bahru 339347
811124,53 Kim Keat Road 328823
811125,145 Syed Alwi Road 207704
811126,9 Battery Road 049910
811127,1 Maju Avenue 556679
811129,24 Lim Teck Boo Road 537003
811130,60 Nanyang View 639673
811131,20 Hillview Terrace 669231
811132,15 McCallum Street 069045
811133,5 Ang Mo Kio Street 62 569141
811134,24 Peck Seah St 079314
811135,00 Neil Road 000000
811135,00 Neil Road 089999
811135,  088837
811135, Neil Road 088886
811135,1 Neil Road 088804
811135,26 Neil Road 088818
811135,  088981
811135,  088901
811135,  088888
811135,  088903
811135,  088882
811135,  088821
811136,151 Lorong Chuan 556741
811137,1 Jalan Berseh 209037
811137,  578598
811138,1 West Coast Drive 128020
811139,200 Newton Road 307983
811140,23 Serangoon Central 556083
811141,1 Fusionopolis Link 138542
811142,391 Orchard Road 238872
811143,134 Joo Seng Road 368359
811144,49 Tannery Lane 347796
811145,50 Playfair Rd 367995
811146,50 Kallang Avenue 339505
811147,3D Gambas Crescent 757032
811149,3 International Business Park 609927
811150,1 Woodlands Industrial Park E2 757447
811150,7 Woodlands Industrial Park E2 757450
811150,39 Woodlands Industrial Park E2 757466
811150,69 Woodlands Industrial Park E2 757481
811150,67 Woodlands Industrial Park E2 757480
811151,420 North Bridge Road 188727
811152,10 Admiralty Street 757695
811153,11 Yishun industrial Street 1 768089
811153,9 Yishun Industrial Street 1 768163
811153,7 Yishun Industrial Street 1 768162
811153,5 Yishun Industrial Street 1 768161
811154,6 Yishun Industrial Street 1 768090
811155,3 Woodlands Industrial Park E1 757726
811155,1 Woodlands Industrial Park E1 757724
811156,930 Yishun Avenue 2 769098
811158,00 Yishun Avenue 2 769098
811159,7030 Ang Mo Kio Avenue 5 569880
811160,29 Woodlands Industrial Park E1 757716
811161,18 Howard Road 369585
811162,22a lim teck boo road 537002
811163,10 Sinaran Drive 307506
811164,275 Thomson Road 307645
811165,8 Sinaran Drive 307470
811166,238A Thomson Road 307684
811167,238B Thomson Road 307685
811168,201 Henderson Road 159545
811169,2 Tampines Central 6 529483
811170,30 Prinsep Street 188647
811171,1 Pasir Ris Close 519599
811172,73 Bras Basah Road 189556
811173,16A Lorong 37 Geylang 387912
811174,21 Biopolis Road 138567
811175,1 Ubi Crescent 408563
811176,68 Sungei Kadut Loop 729504
811177,1 Woodlands Sector 1 738309
811178,8 Aljunied Avenue 3 389933
811179,260 Tanjong Pagar Road 088542
811180,65 Chulia Street 049513
811180,63 Chulia Street 049514
811181,63 Chulia Street 049514
811182,18 Church Street 049479
811183,31 Tampines Avenue 4 529680
811184,11 Tampines Central 1 529542
811185,10 Collyer Quay 049315
811186,10 Collyer Quay 049315
811187,522 East Coast Road 458966
811188,20 Raffles Place 048620
811189,30 Toh Guan Road 608840
811190,331 North Bridge Rd 188720
811191,23 Peck Seah Street 079313
811192,60 Albert Street 189969
811193,160 Orchard Road 238842
811194,35 Robinson Road 068876
811195,51 Old Airport Road 390051
811196,130 Joo Seng Road 368357
811197,23 Ubi Road 4 408620
811198,1 COMMONWEALTH Drive 149603
811198,1 Commonwealth Lane 149544
811199,1 Jalan Dusun 329363
811200,1 Fullerton Road 049213
811201,1 George Street 049145
811201,95 South Bridge Road 058717
811202,1 Holland Village Way 275754
811202,3 Holland Village Way 275753
811202,5 Holland Village Way 275752
811203,1 Holland Village Way 275754
811203,3 Holland Village Way (S) 275753
811203,5 Holland Village Way (S) 275752
811204,9 Howard Road 369581
811205,11 Tanjong Katong Road 437157
811206,1 Marina Boulevard 018989
811207,1 Pemimpin Drive 576151
811208,1 Raffles Link 039393
811209,1 Raffles Place 048616
811209,  048611
811210,1 Raffles Quay 048583
811211,1 Rochester Park 139212
811211,17 Rochester Park 139228
811211,2 Rochester Park 139213
811211,3 Rochester Park 139214
811211,4 Rochester Park 139215
811211,5 Rochester Park 139216
811212,1 Sims Lane 387355
811213,1 Tannery Road 347719
811213,  347718
811214,126 Cairnhill Road 229707
811215,1 Lower Kent Ridge Road 119082
811216,1 Jalan Kilang Barat 159345
811217,11 Kee Seng Street 089218
811217,  058479
811217,  058960
811217,  088469
811217,  088470
811218,10 Opal Crescent 328405
811218,12 Opal Crescent 328407
811218,22 Opal Crescent 328417
811218,35 Opal Crescent 328425
811218,13 Opal Crescent 328408
811218,  328419
811219,430 Lorong 6 Toa Payoh 319402
811220,1 Grange Road 239693
811221,181 Orchard Road 238896
811222,218 Orchard Road 238851
811222,  238850
811223,131 Killiney Road 239571
811224,290 Orchard Rd 238859
811225,150 Orchard Road 238841
811226,160 Orchard Road 238842
811227,1 Tanglin Road 247905
811228,321 Orchard Road 238866
811229,400 Orchard Road 238875
811231,291 New Bridge Road 088756
811232,711 Geylang Road 389626
811233,160 Paya Lebar Road 409022
811234,10 Changi South Lane 486162
811235,459 Tagore Industrial Ave 787828
811236,60 Robinson Road 068892
811237,50 Collyer Quay 049321
811238,6 Shenton Way 068809
811239,6 Shenton Way 068809
811240,279 Outram Road 169066
811240,  169056
811241,61 Ubi Road 1 408727
811241,67 Ubi Road 1 408730
811241,63 Ubi Road 1 408728
811241,65 Ubi Road 1 408729
811241,71 Ubi Road 1 408732
811241,73 Ubi Road 1 408733
811241,69 Ubi Road 1 408731
811242,62 Ubi Road 1 408734
811243,308 River Valley Road 238349
811244,138 Robinson Road 068906
811245,627 Aljunied Road 389837
811246,9 Scotts Road 228210
811247,1 Jalan Kilang Timor 159303
811248,78 Playfair Road 367997
811249,390 Orchard Road 238871
811250,70 Palmer Road 079427
811251,163 Ubi Avenue 4 408785
811251,165 Ubi Avenue 4 408786
811251,171 Ubi Avenue 4 408789
811252,"7 Raffles Boulevard, Marina Square 039595"
811253,601 Sims Drive 387382
811254,2 Jalan Kilang Barat 159346
811254,  088510
811255,194 Pandan Loop 128383
811255,192 Pandan Loop 128381
811255,196 Pandan Loop 128384
811256,290 Orchard Road 238859
811257,30 East Coast Road 428751
811258,963 Upper Changi Road North
811258,965 Upper Changi Road North
811258,967 Upper Changi Road North
811258,969 Upper Changi Road North
811258,971 Upper Changi Road North
811259,200 Victoria Street 188021
811260,81 Clemenceau Avenue 239917
811261,9 Penang Road 238459
811262,9 Penang Rd 238459
811263,35 Selegie Road 188307
811264,35 Selegie Road 188307
811265,18-32 Holland Grove Road 278800
811266,600 North Bridge Road 188778
811267,1 Marine Parade Central 449408
811268,80 Marine Parade Road 449269
811269,53 Genting Lane 349561
811270,15 West Coast Highway 117861
811271,9 Wholesales Centre 110009
811272,2 Pasir Ris Farmway 1 519353
811273,10 Pasir Ris Farmway 2 519321
811274,735 Pasir Ris Street 72 510735
811275,345 Geylang Road 389366
811276,178 Paya Lebar Road 409030
811277,Paya Lebar Office Centre
811278,2 Paya Lebar Road 409053
811278,6 Paya Lebar Road 409055
811278,8 Paya Lebar Road 409056
811279,60 Paya Lebar Singapore 409051
811280,51 Ubi Avenue 1 408933
811280,53 Ubi Avenue 1 408934
811281,1 Sophia Road 228149
811281,  730890
811282,100 Eu Tong Sen Street 059812
811282,100A Eu Tong Sen Street 058913
811283,18 Pearl's Hill Terrace 168975
811284,24 New Industrial Road 536210
811285,116 Lavender Street 338730
811286,63 Jalan Pemimpin 577219
811287,111 North Bridge Road 179098
811288,111 North Bridge Road 179098
811289,3 Coleman Street 179804
811290,4 Penjuru Place 608782
811290,8 Penjuru Place 608780
811290,6 Penjuru Place 608781
811291,2 Finlayson Green 049247
811292,101 Upper Cross Street 058357
811292,  058358
811293,1 Park Road 059108
811294,180 Orchard Road 238846
811295,1 Genting Link 349518
811296,158 Kallang Way 349245
811296,  349215
811297,5 Jalan Kilang Barat 159349
811298,151 North Buona Vista Road 139347
811299,318 Tanglin Road 247979
811299,  389821
811300,20 Kallang Avenue 339411
811301,140 Cecil Street 069540
811302,240 MacPherson Road 348574
811303,1 Soon Lee Street 627605
811304,15 Pioneer Walk 627753
811304,  627752
811304,  627773
811304,  627774
811305,3 Soon Lee Street 627606
811306,638 Jurong West Street 61 640638
811307,5 Soon Lee Street 627607
811308,4 Ubi View 408557
811309,218E Changi Road 419737
811310,31 Marina Park 019191
811311,28 Genting Lane 349585
811312,36 Tuas Avenue 11 639113
811312,38 Tuas Avenue 11 639115
811312,  636880
811312,  639111
811313,1 Changi Business Park Crescent 486025
811314,68 Orchard Road 238839
811316,135 Joo Seng Road 368363
811317,21 Moonstone Lane 328462
811318,391 New Bridge Road 088762
811319,56 Serangoon North Avenue 4 555851
811320,1 Selegie Road 188306
811321,7-4 Deptford Road 759657
811322,8 Kaki Bukit Avenue 4 415875
811322,10 Kaki Bukit Avenue 4 415874
811323,71 Bukit Batok Crescent 658071
811324,398 Upper Paya Lebar Road 534986
811325,201 Keppel Road 099419
811326,22 New Industrial Road 536208
811327,200 Middle Road 188980
811328,39B Jalan Pemimpin 577184
811329,2 Tan Quee Lan Street 188091
811330,21 Woodlands Close singapore 737854
811331,50 Prinsep Street 188672
811331,52A Prinsep Street 188683
811331,48A Prinsep Street 188678
811331,76 Prinsep Street 188663
811332,61 Tai Seng Avenue 534167
811333,101 Lorong 23 Geylang 388399
811334,22 Lorong 21A Geylang 388431
811335,70 South Bridge Road 058700
811336,50 Gambas Crescent 757022
811337,30 Cecil Street 049712
811338,100 PECK SEAH STREET 079333
811339,100 PECK SEAH STREET 079333
811340,460 Alexandra Road 119963
811341,20 Harbour Drive 117612
811342,156 MacPherson Road 348528
811343,15 Lorong 29 Geylang 388069
811344,168 Punggol Field 820168
811345,8 Cross Street 048424
811346,5 Upper Aljunied Link 367903
811347,31 Ocean Way 098375
811348,1 Queensway 149053
811349,1 Queensway 149053
811350,252 North Bridge Road 179103
811351,250 North Bridge Road 179101
811352,5 Raffles Place (Raffles Place MRT Station) 048618
811353,1 One-North Crescent Singapore 138538
811354,7 TAI SENG DRIVE 535218
811355,15 Enggor Street 079716
811356,28 Maxwell Road 069120
811357,16 Jalan Kilang Timor 159308
811358,3 Jalan Kilang Barat 159347
811358,15 Jalan Kilang 159415
811358,13 Jalan Kilang 159413
811358,20 Jalan Kilang 159418
811358,1003 Bukit Merah Central 159836
811358,  159716
811359,5 Tampines North Drive 5 528548
811360,121 Penang Road 238464
811360,123 Penang Road 238465
811361,36 Kim Tian Road 169279
811362,1 King George's Avenue 208557
811363,30 Orange Grave Rd 258352
811364,353 Jalan Besar 208989
811364,351 Jalan Besar 208988
811365,9 Bras Basah Road 189559
811366,9 Raffles Place 048619
811367,55 Newton Road 307987
811368,73 Bukit Timah Road 229832
811369,7 Serangoon North Avenue 5 554812
811370,90 Cecil Street 069531
811371,122 Eunos Avenue 7 409575
811371,120 Eunos Avenue 7 409574
811372,20 Changi Business Park Central 2 486031
811373,142 Race Course Road 218593
811374,179 River Valley Road 179033
811375,30 Merchant Road 058282
811376,11 Rivervale Crescent 545082
811377,118 Rivervale Drive 540118
811378,118 Rivervale Drive 540118
811380,115 Defu Lane 10 539228
811381,11 Unity Street 237995
811382,77 Robinson Road 068896
811383,61 Robinson Road 068893
811384,39 Robinson Road 068911
811385,144 Robinson Road 068908
811386,30 Robinson Road 048546
811387,221 Balestier Road 329928
811388,30 Shaw Road 367957
811389,35 Rochester Dr 138639
811390,1 Rochor Road 180001
811390,2 Rochor Road 180004
811391,633 Veerasamy Road 200633
811393,50 East Coast Road 428769
811394,22 Malacca Street 048980
811395,1 Phillip Street 048692
811396,3 Phillip Street 048693
811397,99 Irrawady Road 329568
811397,101 Irrawady Road 329565
811397,103 Irrawady Road 329566
811398,833 Bt Timah Rd 279887
811399,80 Genting Lane 349565
811400,52 Genting Lane 349560
811400,54 Genting Lane 349562
811401,8 Kaki Bukit Rd 2 417841
811402,55 Serangoon North Avenue 4 555859
811403,3 Church Street 049483
811404,1 Fusionopolis View 138577
811405,12 Tannery Lane 347775
811406,28 Woodlands Loop 738308
811407,1 Toh Tuck Link 596222
811408,109 Airport Cargo Road 819464
811409,160 Robinson Road 068914
811410,21 Soon Lee Road 628084
811411,2 Orchard Link 237978
811412,113 Somerset Road 238165
811412,  239818
811413,150 Macpherson Road 348524
811414,1 Science Park Road 117000
811415,0 Science Park Road 117000
811416,118 Lorong 23 Geylang 388402
811416,11 Sims Drive 387385
811418,7000 Ang Mo Kio Avenue 5 569877
811419,81 Ton Guan Road East 608606
811420,733 Bukit Timah Road 269748
811421,189 Selegie Road 188332
811422,145 Selegie Road 188312
811422,145A Selegie Road 188312
811422,145B Selegie Road 188312
811422,145C Selegie Road 188312
811422,147 Selegie Road 188313
811422,147A Selegie Road 188313
811422,147B Selegie Road 188313
811422,147C Selegie Road 188313
811422,149 Selegie Road 188314
811422,149A Selegie Road 188314
811422,149B Selegie Road 188314
811422,149C Selegie Road 188314
811422,151 Selegie Road 188315
811422,151A Selegie Road 188315
811422,151B Selegie Road 188315
811422,151C Selegie Road 188315
811422,153 Selegie Road 188316
811422,153A Selegie Road 188316
811422,153B Selegie Road 188316
811422,153C Selegie Road 188316
811423,9 Selegie Road 180009
811424,00 Fernvale Road 790000
811424,  797698
811424,  797686
811424,  797697
811425,00 Seletar West Farmway 798000
811426,511 Canberra Road 750511
811427,1 Admiralty Road East 759956
811428,604 Sembawang Road 758459
811428,  758455
811429,19 Pandan Avenue 609386
811430,21 Pandan Avenue 609388
811431,20 Martin Road 239070
811432,70 Compassvale Bow 544692
811433,00 Sennett Estate Shophouses 348000
811433,  348847
811433,  348540
811434,291 Serangoon Road 218107
811434,  218158
811435,320 Serangoon Road 218108
811435,  218165
811435,  218167
811436,10 Jln Serene 258748
811437,7 Sungei Kadut Street 6 728855
811437,47 Sungei Kadut Street 6 728873
811437,20 Sungei Kadut Street 4 729047
811437,  728780
811437,  729678
811438,00 Sungei Kadut Loop 720000
811438,  729479
811439,2 Shenton Way 068804
811440,4 SHENTON WAY 068807
811441,51 Tannery Lane 347798
811442,1 Scotts Road 228208
811443,12 Boon teck road 329586
811444,350 Orchard Road 238868
811444,  238864
811444,  238870
811444,  808080
811445,100 Beach Road 189702
811446,360 Balestier Road 329783
811447,100 Beach Road 189702
811448,745 Lorong 5 Toa Payoh 319455
811449,3 Shenton Way 068805
811450,3 Jalan Anak Bukit 588998
811451,3015 Bedok North Street 5 486350
811452,11 Tuas South Link 1 636901
811453,11 Chang Charn Road 159640
811454,705 Sims Drive 387384
811455,61 Kaki Bukit Avenue 1 417943
811455,91 Kaki Bukit Avenue 1 415980
811455,291 Kaki Bukit Avenue 1 416080
811455,99 Kaki Bukit Avenue 1 415984
811455,141 Kaki Bukit Avenue 1 416005
811455,75 Kaki Bukit Avenue 1 417950
811455,165 Kaki Bukit Avenue 1 416017
811455,213 Kaki Bukit Avenue 1 416041
811455,109 Kaki Bukit Avenue 1 415989
811455,129 Kaki Bukit Avenue 1 415999
811455,79 Kaki Bukit Avenue 1 417952
811455,223 Kaki Bukit Avenue 1 416046
811455,261 Kaki Bukit Avenue 1 416065
811456,3 Miller Street 188899
811457,96 Robinson Road 068899
811458,55 Siglap Road 455871
811458,  455202
811459,901 East Coast Road 459104
811460,8 Kim Chuan Drive 537083
811461,1 Rochor Canal Road 188504
811462,10 Jalan Besar 208787
811462,  208792
811463,315 Alexandra Road 159944
811464,896 Dunearn Road 589472
811465,2 Kovan Road 548008
811466,540 Sims Avenue 387603
811467,51 Lorong 3 Geylang 388868
811468,176 Sin Ming Drive 575721
811470,8 Sin Ming Road 575628
811471,28 Sin Ming Drive 575702
811471,32 Sin Ming Drive 575706
811472,6 Sin Ming Road 575585
811473,128 Prinsep Street 188655
811474,66 Tannery Lane 347805
811475,452 Tagore Industrial Avenue 787823
811475,  787836
811476,1021 Mornington Crescent 798659
811477,32 Ang Mo Kio Industrial Park 2 569510
811478,9 Bukit Batok Street 22 659585
811479,71 Bras Basah Road 189555
811480,47 Hill Street 179365
811481,7 Shenton Way 068810
811482,20 Cecil Street 049705
811483,1 Expo Drive 486150
811484,30 Raffles Avenue 039803
811485,72 Eunos Avenue 7 409570
811486,2 Stadium Walk 397691
811487,50 Raffles Place 048623
811488,71 Robinson Road 068895
811489,10 Eunos Road 8 408600
811490,B Connaught Drive 179682
811491,190 Clemenceau Avenue 239924
811492,110 Paya Lebar Road 409009
811493,55 Market Street 048941
811494,10 Kranji Link 728646
811495,4 Leng Kee Road 159088
811496,6 Battery Road 049909
811496,  048610
811496,  048000
811497,192 Waterloo Street 187966
811498,2 Bukit Batok Street 24 659480
811499,30 Lorong Ampas 328783
811500,100C Pasir Panjang Road 118519
811501,510 Thomson Road 298135
811502,45 Ubi Road 1 408696
811503,216 Joo Chiat Road 427483
811505,1 Fusionopolis Walk 138628
811506,23 New Industrial Road 536209
811507,1 Syed Alwi Road 207628
811508,25 Genting Road 349482
811509,2 Soon Wing Road 347893
811510,38 South Beach Road 189767
811511,00 South Bridge Road 059999
811511,"26 – 26B Smith Street, 058940"
811511,"276 – 276B South Bridge Road, 058825"
811511,"262 South Bridge Road, 058811"
811511,198 – 198B South Bridge Road 058747
811512,881 North Bridge Road 198784
811513,200 Cantonment Rd 089763
811514,5 Verdun Road 207274
811515,18 Tampines Industrial Crescent 528605
811515,  528549
811517,767 Upper Serangoon Road 534635
811518,250 Sims Avenue 387513
811519,1010 Dover Road 139658
811520,82 Genting Lane 349567
811521,1000 Toa Payoh North 318994
811522,2 Sixth Lok Yang Road 628100
811523,2 Bukit Merah Central 159835
811524,3 Anson Road 079909
811525,10 Sinaran Drive 307506
811526,250 Tanjong Pagar Road 088541
811527,155 Waterloo Street 187962
811528,61 Stamford Road 178892
811529,39 Stamford House 178885
811530,11 Jalan Mesin 368813
811531,277 River Valley Rd 238318
811532,67 UBI AVENUE 1 408942
811533,00 Upper Serangoon 539999
811533,  533857
811534,41A Bedok Ria Crescent 489929
811535,68 Jalan Jurong Kechil 596180
811536,1 Sultan Gate 198474
811537,100 Jalan Sultan 199001
811537,  199020
811538,30 Sembawang Drive 757713
811539,475 Choa Chu Kang Avenue 3 680475
811540,91 Bencoolen Street 189652
811540,187848
811540,187947
811540,187949
811541,91 Bencoolen Street 189652
811541,187848
811541,187947
811541,  187949
811542,3 Temasek Boulevard 038983
811543,9 Temasek Boulevard 038989
811543,8 Temasek Boulevard 038988
811543,7 Temasek Boulevard 038987
811543,5 Temasek Boulevard 038985
811543,6 Temasek Boulevard 038936
811543,9 Temasek Boulevard 038389
811543,6 Temasek Boulevard 038986
811543,2 Temasek Boulevard 038982
811544,51 Lorong 17 Geylang 388571
811545,168 Jalan Bukit Merah 150168
811546,168 Jalan Bukit Merah 150168
811547,91 Defu Lane 10 539221
811548,320 Circuit Road 379483
811549,110 Jalan Jurong Kechil 598606
811550,2 Fowlie Road 428505
811551,68 Kallang Pudding Road 349327
811552,25 Kaki Bukit Road 4 417800
811553,10 Toh Guan Road 608838
811554,1 Tampines North Drive 1 528559
811554,  528560
811554,  528821
811554,  069440
811555,00 Tampines Industrial Avenue 5 528633
811556,9 Tuas South Avenue 10 637014
811557,541 Bukit Batok Street 23 659546
811558,81 Tagore Lane 787502
811558,  010101
811559,23 Tagore Lane 787601
811560,421 Tagore Industrial Avenue 787805
811560,  111114
811561,6 Tagore Drive 787623
811562,308 Upper Paya Lebar Road 534938
811563,3 Irving Road 369522
811564,1020 Tai Seng Avenue 534416
811564,1026 Tai Seng Avenue 534413
811565,11 Irving Place 369551
811566,39 Jalan Pemimpin 577182
811567,845 Geylang Road 400845
811568,391B Orchard Road 238874
811569,36 Purvis Street 188613
811570,5 Purvis Street 188584
811571,399 Yung Sheng Road 610399
811572,11 Tampines Street 92 528872
811572,  528729
811572,  529543
811573,9005 Tampines Street 93 528839
811573,9012 Tampines Street 93 528845
811573,9003 Tampines Street 93 528837
811573,9008 Tampines Street 93 528843
811573,9006 Tampines Street 93 528840
811573,9007 Tampines Street 93 528841
811573,9010 Tampines Street 93 528844
811573,9002 Tampines Street 93 528836
811573,9004 Tampines Street 93 528838
811574,300 Tampines Avenue 5 529653
811575,4 Tampines Central 5 529510
811576,9 Tampines Street 32 529286
811577,5 Tampines Central 1 529540
811578,315 Outram Road 169074
811579,798 Upper Bukit Timah Road 678138
811580,911-913 Bukit Timah Road 589622
811581,15 Queen Street 188537
811582,15 Phillip Street 048694
811583,1 Harvey Road 369610
811584,60 Kallang Pudding Road 349320
811585,87 Bukit Timah Road 229834
811586,19 Lorong Kilat 598120
811587,10 Changi South Street 3 486147
811588,115A Commonwealth Drive 149596
811588,115B Commonwealth Drive 149597
811589,163 Tanglin Road 247933
811590,91 Tanglin Road 247918
811591,381 Tanglin Road 247965
811592,19 Tanglin Road 247909
811593,19 Tangling Road 247909
811594,320 Orchard Road 238865
811595,845 Geylang Road 400845
811595,  437071
811595,  437070
811595,368 Tanjong Katong Road 437125
811596,7 Wallich Street 078881
811597,7 Keppel Road 089053
811597,  088471
811598,2 Keppel Road 089065
811599,1 Tanjong Pagar Plaza 082001
811599,  078881
811599,  078883
811600,35 Tannery Road 347740
811601,37 Tannery Lane 347790
811602,40 Jalan Pemimpin 577185
811603,61 Upper Paya Lebar Road 534816
811604,71 Toh Guan Road East 608598
811605,701 Geylang Road 389687
811606,31 Kaki Bukit Road 3 417818
811607,8 Tagore Drive 787624
811608,67 Ubi Crescent 408560
811609,4008 Ang Mo Kio Avenue 10 569625
811609,4009 Ang Mo Kio Avenue 10 569738
811609,4010 Ang Mo Kio Avenue 10 569626
811609,4011 Ang Mo Kio Avenue 10 569627
811609,4012 Ang Mo Kio Avenue 10 569628
811610,5000 Ang Mo Kio Avenue 5 569870
811610,5002 Ang Mo Kio Avenue 5 569871
811610,5002B Ang Mo Kio Avenue 5 569882
811610,5004 Ang Mo Kio Avenue 5 569872
811610,5006 Ang Mo Kio Avenue 5 569873
811610,5008 Ang Mo Kio Avenue 5 569874
811611,10 Ang Mo Kio St 65 569059
811612,7 International Business Park 609919
811613,1 Kaki Bukit View 415941
811614,326 Changi Road 419801
811614,328 Changi Road 419803
811615,665 Buffalo Road 210665
811616,5 Tampines Central 6 529482
811617,20 Science Park Road 117674
811618,00 Telok Ayer Shop Houses (Default) 060000
811618,54 South Bridge Road 058685
811618,58 South Bridge Road 058689
811618,62 South Bridge Road 058692
811618,64 South Bridge Road 058694
811618,88 South Bridge Road 058716
811618,13 Ann Siang Road 069693
811618,  068589
811618,  068591
811618,  068603
811618,  068587
811618,  068590
811618,  069889
811618,  048416
811618,  069688
811619,52 Telok Blangah Road 098829
811619,  113356
811620,1200 Depot Road 109675
811621,16 Ayer Rajah Crescent 139965
811622,15 Shaw Road 367953
811623,97 Tank Rd 238066
811624,200 Jalan Sultan 199018
811625,222 Tagore Lane 787603
811626,101 Beach Road 189703
811627,1 Coleman Street 179803
811628,1 Coleman Street 179803
811629,21 Yung Ho Road 618593
811630,237 Alexandra Road 159929
811631,10 Science Park Road 117684
811632,11 Collyer Quay 049317
811633,51 Science Park Road 117586
811634,1 Old Parliament Lane 179429
811635,6 International Business Park 609918
811636,60 Orchard Road 238889
811637,180B Bencoolen Street 189648
811638,180A Bencoolen Street 189647
811639,0 Genting Road 349000
811639,10 Genting Road 349473
811640,60 Springside Walk 786020
811641,3C River Valley Road 179022
811642,1 Science Park Road 117528
811643,85 Science Park Drive 118259
811644,6 Eu Tong Sen Street 059817
811644,8 Eu Tong Sen Street 059818
811644,12 Eu Tong Sen Street 059819
811645,6 Eu Tong Sen Street 059817
811645,12 Eu Tong Sen Street 059819
811646,176 Orchard Road 238843
811647,81 Science Park Drive 118257
811648,380 Changi Road 419832
811649,1 marne road 208380
811650,1 Irving Place 369546
811650,  369549
811651,60 Alexandra Terrace 118502
811652,300 Beach Road 199555
811653,144 Robinson Road 068908
811654,138 Robinson Road 068906
811655,31 Science Park Road 117611
811656,83 Science Park Drive 118258
811657,914 East Coast Road 459108
811658,25 Bukit Batok Crescent 658066
811659,66 East Coast Road 428778
811660,3 Science Park Drive 118223
811661,61 Science Park Road 117525
811662,1 Nanson Road 238909
811663,41 Science Park Rd 117610
811664,100 Cecil Street 069532
811665,200 Turf Club Road 287994
811665,4 Turf Club Road 287990
811665,720 Dunearn Road 289631
811666,The Heart @ Marina One 
811667,260 Orchard Road 238855
811668,46 Kim Yam Road 239351
811668,58 Kim Yam Road 239359
811669,0 Jalan Jurong Kechil 599000
811670,4 Robinson Road 048543
811671,0 Tuas South Avenue 3 630000
811671,  637902
811672,8 Jurong Town Hall Road 609434
811673,50 Science Park Road 117406
811674,118 Upper Bukit Timah Road 588173
811675,6 Handy Road 229234
811676,6 Handy Road 229234
811677,80 Eu Tong Sen Street 059810
811678,9 North Buona Vista Drive 138588
811679,205 Balestier Road 329682
811680,1189 Upper Serangoon Road 534785
811680,1187 Upper Serangoon Road 533971
811681,387 Joo Chiat Road 427623
811682,105 Cecil Street 069534
811683,11 East Coast Road 428722
811684,11 East Coast Road 428722
811685,230 Jalan Besar 208906
811686,35 Robinson Road 068876
811687,1011 Upper Serangoon Road 534749
811688,291 New Bridge Road 088756
811689,9 Oxley Rise 238697
811690,16 Science Park Drive 118227
811691,30 Stevens Road 257840
811692,7500 Beach Road 199590
811694,1 Lorong 19 Geylang 388487
811695,189 Jalan Pelikat 537646
811695,183 Jalan Pelikat 537643
811696,108 Middle Road 188967
811697,3 Punggol Point Road 828694
811698,19 Cecil Road 049704
811699,60 Robertson Quay 238252
811700,380 Upper Bukit Timah Road 678040
811701,63 East Coast Road 428776
811702,71 Oxley Rise 238698
811703,11 Keng Cheow Street 059608
811704,20 Upper Circular Road 058416
811705,89 Science Park Drive 118261
811706,60 Macpherson Road 348615
811707,51 Changi Business Park Central 2 486066
811708,10 Bukit Batok Crescent 658079
811709,31 Bukit Batok Crescent 658070
811710,200 Pandan Gardens 609336
811712,2 International Business Park 609930
811713,457 Upper Coast Road 466503
811713,  466529
811713,  466406
811714,510 Geylang Road 389466
811715,1 International Business Park 609917
811716,100 High Street 179434
811717,45 Maxwell Road 069118
811718,6 Orange Grove Road 258331
811719,6 Tai Thong Crescent 347840
811720,2 Serangoon Road 218227
811721,241 Jalan Ahmad Ibrahim 629143
811722,1 Tuas South Avenue 6 637021
811723,30 Woodlands Avenue 1 739065
811724,20 Ubi Road 4 408622
811725,71 Lorong 23 Geylang 388386
811726,200 Upper Thomson Road 574424
811727,301 Upper Thomson Road 574408
811728,215 Upper Thomson Road 574349
811728,102 Thomson Ridge 574684
811728,221 Upper Thomson Road 574353
811728,57 Thomson Ridge 574641
811728,  577366
811729,9 Sing Ming Rd 575585
811730,11 Sin Ming Road 575629
811731,50 Chin Swee Road 169874
811732,30 Bideford Rd 229922
811733,15 Scotts Road 228218
811734,50 MacPherson Road 348471
811735,2 Leng Kee Rd 159086
811736,25 Pandan Crescent 128477
811736,  148103
811737,1 New Industrial Road 536196
811738,9 Raffles Boulevard 039596
811739,1091A Lower Delta Road 169207
811740,1090 Lower Delta Road 169201
811740,1093 Lower Delta Road 169204
811740,1092 Lower Delta Road 169203
811741,302 Tiong Bahru Road 168732
811741,  169715
811742,203 Toa Payoh North 310203
811743,21 Toh Guan Road East 608609
811744,20 Mccallum Street 069046
811744,  848489
811745,5 Clementi Loop 129816
811746,302 Orchard Road 238862
811747,101 Cecil Street 069533
811748,35 Kallang Pudding Road 349314
811748,37 Kallang Pudding Road 349315
811749,85 Playfair Road 368000
811750,1 Orchard Spring Lane 247729
811751,5 Maxwell Road 069110
811752,15 Hoe Chiang Road 089316
811753,54 Maude Road 208346
811753,  207601
811754,62 Cecil Street 049710
811755,18 Boon Lay Way 609966
811755,26 Boon Lay Way 609970
811755,8 Boon Lay Way 609964
811755,16 Boon Lay Way 609965
811755,  609967
811756,60 Martin Road 239065
811757,3E River Valley Road 179024
811758,33 Lorong 19 Geylang 388502
811759,11 Sam Leong Road 207903
811760,111 Somerset Road 238164
811761,970 Geylang Road 423492
811762,21 Tai Seng Drive 535223
811763,138 Joo Seng Road 368361
811764,8 Burn Road 369977
811765,14 Little Road 536987
811765,  536988
811766,8 Changi North Street 1 498829
811766,  079014
811767,71 Pioneer Road 639591
811768,64 Tuas South Avenue 2 637525
811768,  637527
811768,  638418
811769,1 Tuas Loop 637336
811770,53 Tuas South Avenue 1 637606
811770,57 Tuas View Walk 2 637628
811770,  542333
811770,  637265
811771,50 Tuas Avenue 639107
811772,15 Tuas Road 638516
811772,13C Tuas Road 638515
811773,1 Tuas South Street 1 630000
811773,  637000
811774,9 Tech Park Crescent 638123
811774,7A Tech Park Crescent 637839
811774,5A Tech Park Crescent 637838
811774,5 Tech Park Crescent 638127
811774,14 Tech Park Crescent 638118
811774,  638094
811775,0 Tuas West Avenue 638440
811775,  639443
811775,  629102
811775,  639364
811776,131 Tanglin Road 247924
811777,141 Cecil Street 069541
811778,1 Science Park Drive 118221
811779,20 Anson Road 079912
811780,3C Toh Guan Road East 608832
811781,61 Ubi Avenue 1 408941
811782,81 Ubi Avenue 4 408830
811782,1 Ub.1 467759
811783,55 Ubi Avenue 1 UBI 55 408935
811784,150 Ubi Avenue 4 408825
811785,18 Ubi Road 4 408616
811786,57 Ubi Avenue 1 408936
811787,3007 Ubi Road 1 UBI INDUSTRIAL ESTATE 408701
811787,3006 Ubi Road 1 408700
811787,3017 Ubi Road 1 408708
811787,3015 Ubi Road 1 408704
811787,  408702
811788,10 Ubi Crescent 408564
811788,60 Ubi Crescent 408569
811789,3023 Ubi Road 3 408663
811790,0 Changi Business Park Avenue 1 486000
811790,2 Changi Business Park Avenue 1 486015
811790,4 Changi Business Park Avenue 1 486016
811790,6 Changi Business Park Avenue 1 486017
811790,8 Changi Business Park Avenue 1 486018
811791,83 Clemenceau Avenue 239920
811792,83 Clemenceau Avenue 239918
811793,10 Pandan Crescent 128466
811793,8 Pandan Crescent 128464
811793,  148196
811793,  140196
811794,5 Shenton Way 068808
811795,1123 Serangoon Road 328207
811796,224 Telok Kurau Road 423836
811797,55 Toh Guan Rd East 608601
811798,171 Tras St 079025
811799,132 Joo Seng Road 368358
811800,20 Kramat Lane 228773
811801,101 Thomson Road 307591
811802,101 Thomson Road 307591
811803,51 Bukit Batok Crescent 658077
811804,148 Upper Bukit Timah Road 588178
811805,31 Pioneer Sector 1 628435
811806,80 Raffles Place 048624
811807,756 Upper Serangoon Road 534626
811807,  534742
811807,  534547
811807,  534760
811807,  534872
811807,  547809
811807,  534764
811808,0 Upper Thomson Road Shop Houses 787000
811808,906 Upper Thomson Road 787110
811808,  787111
811808,  787103
811808,  574395
811809,45 Maxwell Road 069118
811810,238 Balestier Road 329701
811811,121 Ubi Avenue 4 408766
811812,91 TUAS BAY DRIVE 637307
811813,37 Middle Road 188946
811814,V On Shenton
811815,30 Kallang Pudding Road 349312
811816,491B River Valley Road 248373
811817,491 River Valley Road 248371
811818,305 Alexandra Road 159942
811819,238 Thomson Road 307683
811820,33 Ubi Avenue 3 408868
811821,308 Telok Kurau Road 423858
811822,101 Kallang Avenue 339508
811823,8 Jalan Legundi 759274
811824,110 Lorong 23 Geylang 388410
811825,25 Lorong Kismis
811826,520 Balestier Road 329853
811827,2 Venture Drive 608526
811827,  219629
811828,103 Penang Rd 238467
811829,548 Woodlands Drive 44 730548
811830,750 Chai Chee Road 469000
811830,750A Chai Chee Road 469001
811830,750B Chai Chee Road 469002
811830,750D Chai Chee Road 469004
811830,750E Chai Chee Road 469005
811830,750C Chai Chee Road 469003
811831,3 South Buona Vista Road 118136
811832,1 Harbourfront Walk 098585
811833,50 Robinson Road 068882
811834,501 Balestier Road 329844
811835,32 Wallich Street 078880
811836,11 Pandan Crescent 128467
811837,390A Havelock Road 169664
811838,261 Waterloo Street 180261
811839,261 Waterloo Street 180261
811840,83 Punggol Central 828761
811841,71 Woodlands Industrial Park E9 757048
811842,1 Bukit Batok Crescent 658064
811843,21 Bukit Batok Crescent 658065
811844,801 Lorong 7 Toa Payoh 319319
811845,35 Jalan Pemimpin 577176
811846,64D Kallang Pudding Road 349323
811847,20 Bideford Road 229921
811848,154 West Coast Road 127371
811849,154 West Coast Road 127371
811850,12 West Coast Walk 127157
811851,10 Buroh Street 627564
811852,1 Bukit Batok Central Link 658713
811853,20 Pioneer Crescent 628555
811853,22 Pioneer Crescent 628556
811853,24 Pioneer Crescent 628557
811853,26 Pioneer Crescent 628558
811853,28 Pioneer Crescent 628559
811853,30 Pioneer Crescent 628560
811854,188 Tuas South Avenue 2 637199
811854,  637158
811854,  637536
811855,11 Tuas Bay Close 636996
811856,237 Pandan Loop 128424
811857,3 Gateway Drive 608532
811857,  609606
811858,1 Gateway Drive 608531
811859,1 Tuas View Place 637433
811859,  737437
811860,105 Tuas View Walk 637729
811861,71 Tuas View Place 637434
811862,27 Tuas Bay Walk 637127
811862,  119279
811863,27 West Coast Highway 117867
811864,501 Orchard Road 238880
811865,32 Maxwell Road 069115
811865,48 White House Park 257620
811866,1 Pasir Ris Central Street 3 518457
811867,30 Marsiling Industrial Estate Road 739211
811868,8 Wilkie Road 228095
811869,15 Yishun Industrial Street 1 768091
811870,5 Guillemard Road 399685
811870,  399683
811871,107 Tampines Road 535129
811872,105 Tampines Road 535127
811873,77 Lorong 19 Geylang 388513
811874,3 Killiney Road 239519
811875,163 Penang Road 238463
811876,6 Ubi Road 1 408726
811877,116 Changi Road 419718
811877,  419725
811878,116 Changi Road 419718
811879,38A Jalan Pemimpin 577179
811880,520 North Bridge Road 188742
811881,435 Orchard Road 238877
811882,190 MacPherson Road 348548
811883,448 Changi Road 419975
811884,00 Yishun Avenue 4 769999
811885,11 Woodlands Close 737853
811886,190 Woodlands Industrial Park E5 757516
811886,252 Woodlands Industrial Park E5 757308
811886,242 Woodlands Industrial Park E5 757303
811886,  757508
811887,33 Marsiling Industrial Estate Road 3 739256
811887,35 Marsiling Industrial Estate Road 3 739257
811888,900 South Woodlands Drive 730900
811889,4 Woodlands Sector 2 737724
811889,6 Woodlands Sector 2 737725
811889,8 Woodlands Sector 2 737726
811889,10 Woodlands Sector 2 737727
811889,12 Woodlands Sector 2 737678
811889,14 Woodlands Sector 2 737679
811889,16 Woodlands Sector 2 737680
811889,18 Woodlands Sector 2 737681
811889,20 Woodlands Sector 2 737682
811889,22 Woodlands Sector 2 737683
811889,24 Woodlands Sector 2 737684
811889,26 Woodlands Sector 2 737685
811889,28 Woodlands Sector 2 737686
811889,30 Woodlands Sector 2 737687
811889,32 Woodlands Sector 2 737688
811889,34 Woodlands Sector 2 737689
811889,36 Woodlands Sector 2 737690
811889,38 Woodlands Sector 2 737691
811889,40 Woodlands Sector 2 737692
811889,42 Woodlands Sector 2 737693
811889,44 Woodlands Sector 2 737694
811889,46 Woodlands Sector 2 737695
811889,48 Woodlands Sector 2 737696
811889,50 Woodlands Sector 2 737697
811889,52 Woodlands Sector 2 737698
811889,54 Woodlands Sector 2 737699
811889,56 Woodlands Sector 2 737700
811890,22 Woodlands Link 738734
811890,20 Woodlands Link 738733
811891,31 Woodlands close 737855
811892,6 Woodlands Industrial Park E1 757729
811892,19 Woodlands Industrial Park E1 757719
811893,71 Woodlands Avenue 10 737743
811894,  730000
811895,0 Woodlands Loop 730000
811895,12 Woodlands Loop 738283
811895,15 Woodlands Loop 738322
811895,  757048
811896,768 Woodlands Ave 6 730768
811897,883 Woodlands Street 82 730883
811898,268 Woodlands Central Road 738931
811899,2 Woodlands Sector 1 738068
811899,  737700
811900,201 Woodlands Avenue 9 738955
811900,203 Woodlands Avenue 9 738956
811900,205 Woodlands Avenue 9 738957
811900,207 Woodlands Avenue 9 738958
811900,209 Woodlands Avenue 9 738959
811900,211 Woodlands Avenue 9 738960
811901,6 Woodlands Square 737737
811901,8 Woodlands Square 737713
811901,10 Woodlands Square 737714
811901,12 Woodlands Square 737715
811901,14 Woodlands Square 737716
811902,6 Woodlands Square 737737
811902,8 Woodlands Square 737713
811902,10 Woodlands Square 737714
811902,12 Woodlands Square 737715
811902,14 Woodlands Square 737716
811903,"39 Ubi Road 1,Singapore 408695"
811904,3 Changi South Street 2 486548
811904,7 Changi South Street 2 486415
811904,6 Changi South Street 2 486349
811905,100A Eu Tong Sen Street 059813
811906,730 Upper Serangoon Road 534613
811907,1 Lor 2 Toa Payoh 319637
811908,1 Lorong 2 Toa Payoh 319637
811909,268 Orchard Road 238856
811910,123 Genting Lane 349574
811911,25 Shenton Way 068812
811912,387B Woodlands Road 677948
811912,397 Woodlands Road 677994
811912,  677983
811913,21 Choa Chu Kang North 6 689578
811914,624 Choa Chu Kang Street 62 680624
811915,180 Paya Lebar Road 409032
811916,65 Sims Avenue 387418
811917,1 Orchard Road 238824
811919,90 Lorong 23 Geylang 388393
811920,3 Ubi Crescent 408558
811921,1 Yishun Street 23 768441
811922,33 Maude Road 208344
811923,37 Lorong 23 Geylang 388371
811924,5 Woodlands Terrace 738430
811925,8 Ubi Road 2 408538
811926,115 Eunos Avenue 3 409839
811927,20 Ah Hood Road 329984
