900005,Penthouse
900007,Ground Floor
900008,Renovated
900014,Roof Terrace
900020,Ground Floor
900021,Renovated
900023,Corner Unit
900026,Low Floor
900027,Terrace
900027,Roof Terrace
900028,Renovated
900033,Ground Floor
900037,Ground Floor
900039,Ground Floor
900040,Corner Unit
900041,Ground Floor
900042,Balcony
900044,Corner Unit
900045,Renovated
900046,Ground Floor
900056,Ground Floor
900058,Ground Floor
900059,Renovated
900062,Low Floor
900063,High Floor
900064,High Floor
900065,High Floor
900069,Renovated
900073,Corner Unit
900074,Renovated
900074,High Floor
900075,Ground Floor
900079,Renovated
900081,Renovated
900081,High Floor
900083,Ground Floor
900086,Ground Floor
900086,Renovated
900087,Ground Floor
900091,Ground Floor
900093,Ground Floor
900094,Ground Floor
900094,Renovated
900095,Ground Floor
900095,Renovated
900099,Renovated
900100,Air-conditioning
900115,Renovated
900116,Ground Floor
900119,High Floor
900119,City View
900119,Terrace
900121,Ground Floor
900123,Renovated
900131,Renovated
900140,Ground Floor
900142,Corner Unit
900143,Terrace
900150,Roof Terrace
900160,Renovated
900160,High Floor
900160,Balcony
900161,Ground Floor
900162,High Floor
900163,Ground Floor
900164,Ground Floor
900165,Terrace
900172,Ground Floor
900175,Ground Floor
900176,Ground Floor
900180,Ground Floor
900186,Ground Floor
900187,Terrace
900190,High Floor
900192,Ground Floor
900195,Renovated
900195,High Floor
900195,Corner Unit
900200,Terrace
900200,Renovated
900200,High Floor
900205,High Floor
900212,Penthouse
900215,Terrace
900221,Balcony
900223,Low Floor
900224,High Floor
900228,Ground Floor
900229,Ground Floor
900231,Ground Floor
900232,Corner Unit
900234,Corner Unit
900237,High Floor
900240,High Floor
900242,Ground Floor
900245,Ground Floor
900249,Ground Floor
900250,Renovated
900250,Ground Floor
900251,Ground Floor
900253,Renovated
900253,High Floor
900255,High Floor
900263,Sea View
900263,Ground Floor
900267,Ground Floor
900269,Ground Floor
900269,High Floor
900270,Penthouse
900270,City View
900272,Renovated
900273,Ground Floor
900278,Renovated
900278,Ground Floor
900281,Ground Floor
900282,Corner Unit
900284,Renovated
900285,Renovated
900287,High Floor
900290,Renovated
900290,Ground Floor
900292,Ground Floor
900297,Ground Floor
900300,Ground Floor
900301,Renovated
900303,High Floor
900303,Jacuzzi
900306,Renovated
900307,Ground Floor
900312,Roof Terrace
900314,Air-conditioning
900319,High Floor
900319,Ground Floor
900323,Ground Floor
900325,Ground Floor
900326,Renovated
900327,Jacuzzi
900328,Terrace
900329,Terrace
900330,Jacuzzi
900331,High Floor
900332,Corner Unit
900337,High Floor
900339,Air-conditioning
900343,Corner Unit
900346,Renovated
900346,Terrace
900347,Terrace
900347,Renovated
900348,Ground Floor
900349,Ground Floor
900350,High Floor
900358,High Floor
900358,Renovated
900361,Ground Floor
900363,High Floor
900365,Renovated
900367,High Floor
900374,Ground Floor
900374,Renovated
900376,High Floor
900376,Terrace
900379,High Floor
900389,Corner Unit
900390,Renovated
900405,High Floor
900408,Renovated
900411,Renovated
900412,Renovated
900412,Terrace
900412,Jacuzzi
900415,Jacuzzi
900416,Ground Floor
900417,Renovated
900418,Renovated
900420,Ground Floor
900428,Corner Unit
900428,Balcony
900429,High Floor
900430,Ground Floor
900431,Sea View
900432,Corner Unit
900432,Jacuzzi
900440,Ground Floor
900446,Terrace
900447,Corner Unit
900454,Ground Floor
900458,Low Floor
900460,Renovated
900460,Ground Floor
900466,Corner Unit
900468,High Floor
900469,Corner Unit
900470,Terrace
900471,Renovated
900471,Corner Unit
900473,Penthouse
900478,Ground Floor
900478,Terrace
900479,Ground Floor
900479,Terrace
900482,Ground Floor
900482,Terrace
900486,Ground Floor
900491,High Floor
900492,Terrace
900493,Balcony
900493,High Floor
900494,Corner Unit
900495,Renovated
900497,Renovated
900497,Ground Floor
900504,Air-conditioning
900505,Renovated
900506,Renovated
900507,Balcony
900510,Corner Unit
900511,Corner Unit
900519,Air-conditioning
900520,High Floor
900520,City View
900520,Terrace
900523,Ground Floor
900525,Renovated
900527,Corner Unit
900528,High Floor
900529,Renovated
900532,Ground Floor
900538,Corner Unit
900538,Terrace
900538,Ground Floor
900549,Terrace
900552,Renovated
900554,Renovated
900555,Renovated
900557,Renovated
900558,High Floor
900563,Ground Floor
900564,Air-conditioning
900568,Renovated
900569,High Floor
900569,Sea View
900570,Ground Floor
900574,Ground Floor
900577,Ground Floor
900579,Renovated
900580,Renovated
900582,Renovated
900583,Ground Floor
900586,Renovated
900587,Ground Floor
900588,Renovated
900590,Corner Unit
900592,Corner Unit
900593,Ground Floor
900594,Renovated
900602,Original Condition
900604,Ground Floor
900607,Renovated
900608,Corner Unit
900609,Ground Floor
900609,High Floor
900609,Terrace
900610,Renovated
900610,Ground Floor
900611,Renovated
900612,Ground Floor
900612,High Floor
900612,Terrace
900617,Terrace
900621,Ground Floor
900624,High Floor
900624,Renovated
900628,Ground Floor
900631,Renovated
900633,Ground Floor
900635,Ground Floor
900637,Renovated
900638,Renovated
900639,Renovated
900640,Ground Floor
900641,Air-conditioning
900644,Ground Floor
900645,Renovated
900645,High Floor
900646,Low Floor
900650,Corner Unit
900652,Ground Floor
900652,High Floor
900653,Renovated
900657,Ground Floor
900658,Ground Floor
900660,High Floor
900662,Renovated
900662,Roof Terrace
900663,Renovated
900663,Roof Terrace
900664,Renovated
900664,Roof Terrace
900665,Ground Floor
900665,Renovated
900666,Ground Floor
900667,Ground Floor
900668,Renovated
900669,Renovated
900670,Renovated
900670,Balcony
900678,Ground Floor
900679,Renovated
900679,Ground Floor
900682,Ground Floor
900685,Corner Unit
900689,Ground Floor
900690,Renovated
900690,Ground Floor
900691,Renovated
900691,Ground Floor
900694,Ground Floor
900699,Renovated
900700,Renovated
900706,Ground Floor
900707,Ground Floor
900708,Renovated
900708,Roof Terrace
900709,Renovated
900709,Roof Terrace
900710,Renovated
900710,Roof Terrace
900711,Renovated
900711,Ground Floor
900712,Ground Floor
900713,Ground Floor
900714,Ground Floor
900715,Intercom
900718,Ground Floor
900718,Corner Unit
900719,Corner Unit
900720,Ground Floor
900720,Corner Unit
900721,Corner Unit
900729,Renovated
900729,Roof Terrace
900730,Renovated
900730,Roof Terrace
900731,Renovated
900732,Ground Floor
900735,Renovated
900739,Ground Floor
900739,Renovated
900741,High Floor
900749,Ground Floor
900759,Ground Floor
900765,Corner Unit
900779,Ground Floor
900780,Sea View
900780,City View
900780,Low Floor
900781,Sea View
900781,City View
900785,Renovated
900786,City View
900788,Renovated
900790,Ground Floor
900794,Corner Unit
900822,Renovated
900824,High Floor
900824,Terrace
900824,Jacuzzi
900825,Ground Floor
900826,Renovated
900829,High Floor
900831,Renovated
900834,Renovated
900835,Corner Unit
900838,Corner Unit
900838,Water Heater
900839,Corner Unit
900839,City View
900844,Ground Floor
900845,Renovated
900847,High Floor
900847,Renovated
900856,Renovated
900857,Renovated
900858,Sea View
900861,Sea View
900863,Sea View
900864,Renovated
900866,Sea View
900871,Balcony
900875,Roof Terrace
900887,High Floor
900887,Ground Floor
900889,Ground Floor
900891,Renovated
900899,Terrace
900902,City View
900904,High Floor
900906,High Floor
900907,Ground Floor
900926,Renovated
900928,Ground Floor
900932,Sea View
900937,High Floor
900947,Renovated
900954,High Floor
900959,High Floor
900960,Ground Floor
900962,Terrace
900966,Ground Floor
900969,High Floor
900969,City View
900970,High Floor
900972,Balcony
900974,Ground Floor
900976,High Floor
900981,Roof Terrace
900987,Ground Floor
900988,Ground Floor
900992,Renovated
900995,Ground Floor
900999,Ground Floor
