1,https://www.propertyguru.com.sg/listing/hdb-for-sale-93-commonwealth-drive-20624384
2,https://www.propertyguru.com.sg/listing/hdb-for-sale-401-serangoon-avenue-1-21021069
3,https://www.propertyguru.com.sg/listing/hdb-for-sale-547-serangoon-north-avenue-3-22628859
4,https://www.propertyguru.com.sg/listing/hdb-for-sale-85-telok-blangah-heights-21606333
5,https://www.propertyguru.com.sg/listing/hdb-for-sale-207b-punggol-place-22236116
6,https://www.propertyguru.com.sg/listing/hdb-for-sale-212-ang-mo-kio-avenue-3-22629752
7,https://www.propertyguru.com.sg/listing/hdb-for-sale-37-marsiling-drive-22461647
8,https://www.propertyguru.com.sg/listing/hdb-for-sale-539-ang-mo-kio-avenue-10-22461495
9,https://www.propertyguru.com.sg/listing/hdb-for-sale-181-edgefield-plains-22632615
10,https://www.propertyguru.com.sg/listing/hdb-for-sale-326c-anchorvale-road-22697193
11,https://www.propertyguru.com.sg/listing/hdb-for-sale-475b-upper-serangoon-crescent-22272010
12,https://www.propertyguru.com.sg/listing/hdb-for-sale-870a-tampines-street-86-22629569
13,https://www.propertyguru.com.sg/listing/hdb-for-sale-86-dawson-road-22622582
14,https://www.propertyguru.com.sg/listing/hdb-for-sale-547-serangoon-north-avenue-3-22637633
15,https://www.propertyguru.com.sg/listing/hdb-for-sale-523d-tampines-central-7-21886803
16,https://www.propertyguru.com.sg/listing/hdb-for-sale-21-eunos-crescent-22576955
17,https://www.propertyguru.com.sg/listing/hdb-for-sale-94-geylang-bahru-22695269
18,https://www.propertyguru.com.sg/listing/hdb-for-sale-443b-fajar-road-22634217
19,https://www.propertyguru.com.sg/listing/hdb-for-sale-748b-bedok-reservoir-crescent-22117493
20,https://www.propertyguru.com.sg/listing/hdb-for-sale-91a-telok-blangah-street-31-22678931
21,https://www.propertyguru.com.sg/listing/hdb-for-sale-550a-segar-road-22653421
22,https://www.propertyguru.com.sg/listing/hdb-for-sale-199-boon-lay-drive-22117387
23,https://www.propertyguru.com.sg/listing/hdb-for-sale-299-punggol-central-21616615
24,https://www.propertyguru.com.sg/listing/hdb-for-sale-421-bedok-north-road-22198265
25,https://www.propertyguru.com.sg/listing/hdb-for-sale-36-eunos-crescent-21502693
26,https://www.propertyguru.com.sg/listing/hdb-for-sale-524-serangoon-north-avenue-4-22572144
27,https://www.propertyguru.com.sg/listing/hdb-for-sale-704-hougang-avenue-2-22255753
28,https://www.propertyguru.com.sg/listing/hdb-for-sale-815-tampines-avenue-4-21603907
29,https://www.propertyguru.com.sg/listing/hdb-for-sale-68-bedok-south-avenue-3-22703947
30,https://www.propertyguru.com.sg/listing/hdb-for-sale-8-holland-avenue-22274683
31,https://www.propertyguru.com.sg/listing/hdb-for-sale-709-ang-mo-kio-avenue-8-22693828
32,https://www.propertyguru.com.sg/listing/hdb-for-sale-5-changi-village-road-22718592
33,https://www.propertyguru.com.sg/listing/hdb-for-sale-122-hougang-avenue-1-21788912
34,https://www.propertyguru.com.sg/listing/hdb-for-sale-183-jelebu-road-22599241
35,https://www.propertyguru.com.sg/listing/hdb-for-sale-430a-fernvale-link-22298038
36,https://www.propertyguru.com.sg/listing/hdb-for-sale-561b-jurong-west-street-42-22619919
37,https://www.propertyguru.com.sg/listing/hdb-for-sale-297a-compassvale-street-22659576
38,https://www.propertyguru.com.sg/listing/hdb-for-sale-123-simei-street-1-22261238
39,https://www.propertyguru.com.sg/listing/hdb-for-sale-260b-punggol-way-22399694
40,https://www.propertyguru.com.sg/listing/hdb-for-sale-104-jalan-rajah-22713657
41,https://www.propertyguru.com.sg/listing/hdb-for-sale-104-jalan-rajah-22713657
42,https://www.propertyguru.com.sg/listing/hdb-for-sale-313b-sumang-link-22332588
43,https://www.propertyguru.com.sg/listing/hdb-for-sale-471a-fernvale-street-22666158
44,https://www.propertyguru.com.sg/listing/hdb-for-sale-684c-woodlands-drive-62-22009976
45,https://www.propertyguru.com.sg/listing/hdb-for-sale-475d-upper-serangoon-crescent-22277130
46,https://www.propertyguru.com.sg/listing/hdb-for-sale-308a-punggol-walk-22415819
47,https://www.propertyguru.com.sg/listing/hdb-for-sale-266d-punggol-way-22619945
48,https://www.propertyguru.com.sg/listing/hdb-for-sale-138-rivervale-street-21733515
49,https://www.propertyguru.com.sg/listing/hdb-for-sale-308b-punggol-walk-22433002
50,https://www.propertyguru.com.sg/listing/hdb-for-sale-259a-punggol-field-22417994
51,https://www.propertyguru.com.sg/listing/hdb-for-sale-20-dover-crescent-22008470
52,https://www.propertyguru.com.sg/listing/hdb-for-sale-250-pasir-ris-street-21-22314305
53,https://www.propertyguru.com.sg/listing/hdb-for-sale-508-serangoon-north-avenue-4-21786209
54,https://www.propertyguru.com.sg/listing/hdb-for-sale-475b-upper-serangoon-crescent-21970872
55,https://www.propertyguru.com.sg/listing/hdb-for-sale-475c-upper-serangoon-crescent-22437076
56,https://www.propertyguru.com.sg/listing/hdb-for-sale-330b-anchorvale-street-22631848
57,https://www.propertyguru.com.sg/listing/hdb-for-sale-415c-fernvale-link-22254663
58,https://www.propertyguru.com.sg/listing/hdb-for-sale-201c-punggol-field-22704316
59,https://www.propertyguru.com.sg/listing/hdb-for-sale-312c-sumang-link-22719366
60,https://www.propertyguru.com.sg/listing/hdb-for-sale-271a-punggol-walk-22224916
61,https://www.propertyguru.com.sg/listing/hdb-for-sale-305d-punggol-drive-22128841
62,https://www.propertyguru.com.sg/listing/hdb-for-sale-666a-punggol-drive-22149867
63,https://www.propertyguru.com.sg/listing/hdb-for-sale-310b-punggol-walk-22323856
64,https://www.propertyguru.com.sg/listing/hdb-for-sale-547-serangoon-north-avenue-3-22567635
65,https://www.propertyguru.com.sg/listing/hdb-for-sale-622c-punggol-central-22287415
66,https://www.propertyguru.com.sg/listing/hdb-for-sale-87-dawson-road-22445575
67,https://www.propertyguru.com.sg/listing/hdb-for-sale-660-yishun-avenue-4-22367274
68,https://www.propertyguru.com.sg/listing/hdb-for-sale-266c-punggol-way-22508168
69,https://www.propertyguru.com.sg/listing/hdb-for-sale-522-woodlands-drive-14-22270678
70,https://www.propertyguru.com.sg/listing/hdb-for-sale-585-ang-mo-kio-avenue-3-22151739
71,https://www.propertyguru.com.sg/listing/hdb-for-sale-306-woodlands-street-31-22252250
72,https://www.propertyguru.com.sg/listing/hdb-for-sale-311b-clementi-avenue-4-22368985
73,https://www.propertyguru.com.sg/listing/hdb-for-sale-664d-jurong-west-street-64-22318355
74,https://www.propertyguru.com.sg/listing/hdb-for-sale-311c-clementi-avenue-4-22534934
75,https://www.propertyguru.com.sg/listing/hdb-for-sale-43-circuit-road-21969226
76,https://www.propertyguru.com.sg/listing/hdb-for-sale-330-sembawang-close-22386401
77,https://www.propertyguru.com.sg/listing/hdb-for-sale-457-ang-mo-kio-avenue-10-22415467
78,https://www.propertyguru.com.sg/listing/hdb-for-sale-520c-tampines-central-8-21931438
79,https://www.propertyguru.com.sg/listing/hdb-for-sale-115-potong-pasir-avenue-1-22687043
80,https://www.propertyguru.com.sg/listing/hdb-for-sale-288b-punggol-place-21826318
81,https://www.propertyguru.com.sg/listing/hdb-for-sale-122-simei-street-1-22123311
82,https://www.propertyguru.com.sg/listing/hdb-for-sale-883-tampines-street-84-21941084
83,https://www.propertyguru.com.sg/listing/hdb-for-sale-111-clementi-street-13-22196532
84,https://www.propertyguru.com.sg/listing/hdb-for-sale-37-marsiling-drive-22223337
85,https://www.propertyguru.com.sg/listing/hdb-for-sale-171-ang-mo-kio-avenue-4-21325068
86,https://www.propertyguru.com.sg/listing/hdb-for-sale-212-ang-mo-kio-avenue-3-22728794
87,https://www.propertyguru.com.sg/listing/hdb-for-sale-549b-segar-road-22494531
88,https://www.propertyguru.com.sg/listing/hdb-for-sale-588b-ang-mo-kio-street-52-22618644
89,https://www.propertyguru.com.sg/listing/hdb-for-sale-808c-chai-chee-road-22634822
90,https://www.propertyguru.com.sg/listing/hdb-for-sale-219-bishan-street-23-22613539
91,https://www.propertyguru.com.sg/listing/hdb-for-sale-588b-ang-mo-kio-street-52-22696365
92,https://www.propertyguru.com.sg/listing/hdb-for-sale-638a-punggol-drive-22135229
93,https://www.propertyguru.com.sg/listing/hdb-for-sale-202a-punggol-field-22666013
94,https://www.propertyguru.com.sg/listing/hdb-for-sale-57-teban-gardens-road-22579535
95,https://www.propertyguru.com.sg/listing/hdb-for-sale-289a-punggol-place-22481254
96,https://www.propertyguru.com.sg/listing/hdb-for-sale-122-hougang-avenue-1-21951059
97,https://www.propertyguru.com.sg/listing/hdb-for-sale-181-bedok-north-road-22207088
98,https://www.propertyguru.com.sg/listing/hdb-for-sale-22-queen-s-close-21315550
99,https://www.propertyguru.com.sg/listing/hdb-for-sale-pinnacle-duxton-22732418
100,https://www.propertyguru.com.sg/listing/hdb-for-sale-154-bishan-street-13-21954982
101,https://www.propertyguru.com.sg/listing/hdb-for-sale-452a-sengkang-west-way-22447332
102,https://www.propertyguru.com.sg/listing/hdb-for-sale-614-yishun-street-61-22429412
103,https://www.propertyguru.com.sg/listing/hdb-for-sale-293-bishan-street-22-22105390
104,https://www.propertyguru.com.sg/listing/hdb-for-sale-672b-edgefield-plains-22053138
105,https://www.propertyguru.com.sg/listing/hdb-for-sale-273b-bishan-street-24-22540266
106,https://www.propertyguru.com.sg/listing/hdb-for-sale-52-telok-blangah-drive-22264132
107,https://www.propertyguru.com.sg/listing/hdb-for-sale-101-pasir-ris-street-12-22577950
108,https://www.propertyguru.com.sg/listing/hdb-for-sale-88-dawson-road-22716365
109,https://www.propertyguru.com.sg/listing/hdb-for-sale-165-bishan-street-13-21825088
110,https://www.propertyguru.com.sg/listing/hdb-for-sale-121-kim-tian-place-22242624
111,https://www.propertyguru.com.sg/listing/hdb-for-sale-parkland-residences-21999227
112,https://www.propertyguru.com.sg/listing/hdb-for-sale-506-bedok-north-avenue-3-22709239
113,https://www.propertyguru.com.sg/listing/hdb-for-sale-773-bedok-reservoir-view-22501856
114,https://www.propertyguru.com.sg/listing/hdb-for-sale-748c-bedok-reservoir-crescent-21960850
115,https://www.propertyguru.com.sg/listing/hdb-for-sale-415b-fernvale-link-22234296
116,https://www.propertyguru.com.sg/listing/hdb-for-sale-27-jalan-membina-22394508
117,https://www.propertyguru.com.sg/listing/hdb-for-sale-352-woodlands-avenue-1-22675436
118,https://www.propertyguru.com.sg/listing/hdb-for-sale-667d-jurong-west-street-65-22729783
119,https://www.propertyguru.com.sg/listing/hdb-for-sale-290b-bukit-batok-street-24-21838127
120,https://www.propertyguru.com.sg/listing/hdb-for-sale-539-ang-mo-kio-avenue-10-21595243
121,https://www.propertyguru.com.sg/listing/hdb-for-sale-424-bedok-north-avenue-1-22260325
122,https://www.propertyguru.com.sg/listing/hdb-for-sale-552-bedok-north-avenue-1-22220895
123,https://www.propertyguru.com.sg/listing/hdb-for-sale-667d-jurong-west-street-65-22717763
124,https://www.propertyguru.com.sg/listing/hdb-for-sale-43-marine-crescent-21961812
125,https://www.propertyguru.com.sg/listing/hdb-for-sale-46-marine-crescent-22167541
126,https://www.propertyguru.com.sg/listing/hdb-for-sale-424-serangoon-central-22559517
127,https://www.propertyguru.com.sg/listing/hdb-for-sale-81-lorong-4-toa-payoh-22558762
128,https://www.propertyguru.com.sg/listing/hdb-for-sale-418-pasir-ris-drive-6-22558473
129,https://www.propertyguru.com.sg/listing/hdb-for-sale-403d-fernvale-lane-22609285
130,https://www.propertyguru.com.sg/listing/hdb-for-sale-856b-tampines-street-82-22120301
131,https://www.propertyguru.com.sg/listing/hdb-for-sale-208a-compassvale-lane-22546412
132,https://www.propertyguru.com.sg/listing/hdb-for-sale-13-cantonment-close-21718559
133,https://www.propertyguru.com.sg/listing/hdb-for-sale-448-pasir-ris-drive-6-22194103
134,https://www.propertyguru.com.sg/listing/hdb-for-sale-260b-punggol-way-22344572
135,https://www.propertyguru.com.sg/listing/hdb-for-sale-351-tampines-street-33-22257830
136,https://www.propertyguru.com.sg/listing/hdb-for-sale-308a-punggol-walk-22444474
137,https://www.propertyguru.com.sg/listing/hdb-for-sale-219c-bedok-central-22423746
138,https://www.propertyguru.com.sg/listing/hdb-for-sale-588d-ang-mo-kio-street-52-19849838
139,https://www.propertyguru.com.sg/listing/hdb-for-sale-9-holland-avenue-22455806
140,https://www.propertyguru.com.sg/listing/hdb-for-sale-541-pasir-ris-street-51-22042250
141,https://www.propertyguru.com.sg/listing/hdb-for-sale-268-tampines-street-21-22355098
142,https://www.propertyguru.com.sg/listing/hdb-for-sale-673b-edgefield-plains-22585979
143,https://www.propertyguru.com.sg/listing/hdb-for-sale-520-tampines-central-8-22718738
144,https://www.propertyguru.com.sg/listing/hdb-for-sale-748c-bedok-reservoir-crescent-22055414
145,https://www.propertyguru.com.sg/listing/hdb-for-sale-75-bedok-north-road-22633420
146,https://www.propertyguru.com.sg/listing/hdb-for-sale-311b-clementi-avenue-4-22057455
147,https://www.propertyguru.com.sg/listing/hdb-for-sale-120-ang-mo-kio-avenue-3-22685321
148,https://www.propertyguru.com.sg/listing/hdb-for-sale-301-clementi-avenue-4-22219149
149,https://www.propertyguru.com.sg/listing/hdb-for-sale-671a-edgefield-plains-22135311
150,https://www.propertyguru.com.sg/listing/hdb-for-sale-92-dawson-road-22624057
151,https://www.propertyguru.com.sg/listing/hdb-for-sale-271a-sengkang-central-22634377
152,https://www.propertyguru.com.sg/listing/hdb-for-sale-672d-edgefield-plains-22115872
153,https://www.propertyguru.com.sg/listing/hdb-for-sale-317a-yishun-avenue-9-22718630
154,https://www.propertyguru.com.sg/listing/hdb-for-sale-87-dawson-road-22632402
155,https://www.propertyguru.com.sg/listing/hdb-for-sale-89-dawson-road-22268030
156,https://www.propertyguru.com.sg/listing/hdb-for-sale-233-simei-street-4-22318383
157,https://www.propertyguru.com.sg/listing/hdb-for-sale-518c-tampines-central-7-22299266
158,https://www.propertyguru.com.sg/listing/hdb-for-sale-528b-pasir-ris-street-51-22309979
159,https://www.propertyguru.com.sg/listing/hdb-for-sale-143-tampines-street-12-22014435
160,https://www.propertyguru.com.sg/listing/hdb-for-sale-875-woodlands-street-82-22516106
161,https://www.propertyguru.com.sg/listing/hdb-for-sale-91-dawson-road-22341304
162,https://www.propertyguru.com.sg/listing/hdb-for-sale-251-bishan-street-22-22323825
163,https://www.propertyguru.com.sg/listing/hdb-for-sale-26-telok-blangah-crescent-22313189
164,https://www.propertyguru.com.sg/listing/hdb-for-sale-520a-tampines-central-8-22276599
165,https://www.propertyguru.com.sg/listing/hdb-for-sale-470c-upper-serangoon-crescent-21969198
166,https://www.propertyguru.com.sg/listing/hdb-for-sale-366-yishun-ring-road-22674561
167,https://www.propertyguru.com.sg/listing/hdb-for-sale-717-clementi-west-street-2-22316839
168,https://www.propertyguru.com.sg/listing/hdb-for-sale-650-ang-mo-kio-street-61-22727924
169,https://www.propertyguru.com.sg/listing/hdb-for-sale-333a-yishun-street-31-22270599
170,https://www.propertyguru.com.sg/listing/hdb-for-sale-lakevista-22644445
171,https://www.propertyguru.com.sg/listing/hdb-for-sale-138a-yuan-ching-road-22632249
172,https://www.propertyguru.com.sg/listing/hdb-for-sale-475d-upper-serangoon-crescent-22609884
173,https://www.propertyguru.com.sg/listing/hdb-for-sale-86-dawson-road-22475860
174,https://www.propertyguru.com.sg/listing/hdb-for-sale-336b-anchorvale-crescent-22233472
175,https://www.propertyguru.com.sg/listing/hdb-for-sale-653a-jurong-west-street-61-22271793
176,https://www.propertyguru.com.sg/listing/hdb-for-sale-245-simei-street-5-22475859
177,https://www.propertyguru.com.sg/listing/hdb-for-sale-681a-jurong-west-central-1-22188032
178,https://www.propertyguru.com.sg/listing/hdb-for-sale-665a-jurong-west-street-64-22487744
179,https://www.propertyguru.com.sg/listing/hdb-for-sale-376c-hougang-street-32-22383702
180,https://www.propertyguru.com.sg/listing/hdb-for-sale-138c-lorong-1a-toa-payoh-22641826
181,https://www.propertyguru.com.sg/listing/hdb-for-sale-138c-lorong-1a-toa-payoh-22641826
182,https://www.propertyguru.com.sg/listing/hdb-for-sale-273-toh-guan-road-22551094
183,https://www.propertyguru.com.sg/listing/hdb-for-sale-266-pasir-ris-street-21-22509164
184,https://www.propertyguru.com.sg/listing/hdb-for-sale-321-tampines-street-33-22713340
185,https://www.propertyguru.com.sg/listing/hdb-for-sale-86-dawson-road-22639326
186,https://www.propertyguru.com.sg/listing/hdb-for-sale-7-marine-terrace-22274744
187,https://www.propertyguru.com.sg/listing/hdb-for-sale-485-segar-road-22554951
188,https://www.propertyguru.com.sg/listing/hdb-for-sale-175a-yung-kuang-road-22651058
189,https://www.propertyguru.com.sg/listing/hdb-for-sale-636b-senja-road-22564849
190,https://www.propertyguru.com.sg/listing/hdb-for-sale-635b-senja-road-22706088
191,https://www.propertyguru.com.sg/listing/hdb-for-sale-371-hougang-street-31-22437874
192,https://www.propertyguru.com.sg/listing/hdb-for-sale-337-clementi-avenue-2-22408952
193,https://www.propertyguru.com.sg/listing/hdb-for-sale-196a-punggol-field-22647223
194,https://www.propertyguru.com.sg/listing/hdb-for-sale-126-bedok-north-street-2-22505346
195,https://www.propertyguru.com.sg/listing/hdb-for-sale-925-hougang-street-91-22238636
196,https://www.propertyguru.com.sg/listing/hdb-for-sale-235-hougang-street-21-22136298
197,https://www.propertyguru.com.sg/listing/hdb-for-sale-210a-punggol-place-22673115
198,https://www.propertyguru.com.sg/listing/hdb-for-sale-528c-pasir-ris-street-51-22685875
199,https://www.propertyguru.com.sg/listing/hdb-for-sale-143-tampines-street-12-22475356
200,https://www.propertyguru.com.sg/listing/hdb-for-sale-309-serangoon-avenue-2-21939295
201,https://www.propertyguru.com.sg/listing/hdb-for-sale-265c-punggol-way-22502369
202,https://www.propertyguru.com.sg/listing/hdb-for-sale-681a-jurong-west-central-1-22262157
203,https://www.propertyguru.com.sg/listing/hdb-for-sale-518b-tampines-central-7-22726751
204,https://www.propertyguru.com.sg/listing/hdb-for-sale-138-edgedale-plains-22254473
205,https://www.propertyguru.com.sg/listing/hdb-for-sale-13-marine-terrace-22170443
206,https://www.propertyguru.com.sg/listing/hdb-for-sale-665a-punggol-drive-22299462
207,https://www.propertyguru.com.sg/listing/hdb-for-sale-469c-sengkang-west-way-22475376
208,https://www.propertyguru.com.sg/listing/hdb-for-sale-475d-upper-serangoon-crescent-21998534
209,https://www.propertyguru.com.sg/listing/hdb-for-sale-23-dover-crescent-22349475
210,https://www.propertyguru.com.sg/listing/hdb-for-sale-282a-sengkang-east-avenue-22621640
211,https://www.propertyguru.com.sg/listing/hdb-for-sale-308a-punggol-walk-22446699
212,https://www.propertyguru.com.sg/listing/hdb-for-sale-519a-tampines-central-8-22126091
213,https://www.propertyguru.com.sg/listing/hdb-for-sale-664b-punggol-drive-22612729
214,https://www.propertyguru.com.sg/listing/hdb-for-sale-265b-compassvale-link-22312369
215,https://www.propertyguru.com.sg/listing/hdb-for-sale-310b-punggol-walk-22529384
216,https://www.propertyguru.com.sg/listing/hdb-for-sale-19-saint-george-s-road-22299017
217,https://www.propertyguru.com.sg/listing/hdb-for-sale-677d-punggol-drive-22673770
218,https://www.propertyguru.com.sg/listing/hdb-for-sale-344-ang-mo-kio-avenue-3-22095695
219,https://www.propertyguru.com.sg/listing/hdb-for-sale-476b-upper-serangoon-view-22514360
220,https://www.propertyguru.com.sg/listing/hdb-for-sale-417-pasir-ris-drive-6-22652802
221,https://www.propertyguru.com.sg/listing/hdb-for-sale-533-bukit-panjang-ring-road-22610087
222,https://www.propertyguru.com.sg/listing/hdb-for-sale-588c-ang-mo-kio-street-52-22430098
223,https://www.propertyguru.com.sg/listing/hdb-for-sale-308c-punggol-walk-22340346
224,https://www.propertyguru.com.sg/listing/hdb-for-sale-266b-punggol-way-22198881
225,https://www.propertyguru.com.sg/listing/hdb-for-sale-475d-upper-serangoon-crescent-21768345
226,https://www.propertyguru.com.sg/listing/hdb-for-sale-533-bukit-batok-street-51-22287017
227,https://www.propertyguru.com.sg/listing/hdb-for-sale-321-sembawang-close-22697851
228,https://www.propertyguru.com.sg/listing/hdb-for-sale-572-hougang-street-51-22130819
229,https://www.propertyguru.com.sg/listing/hdb-for-sale-446-pasir-ris-drive-6-22694295
230,https://www.propertyguru.com.sg/listing/hdb-for-sale-110-lengkong-tiga-21545981
231,https://www.propertyguru.com.sg/listing/hdb-for-sale-230-hougang-avenue-1-22355241
232,https://www.propertyguru.com.sg/listing/hdb-for-sale-465-segar-road-22715307
233,https://www.propertyguru.com.sg/listing/hdb-for-sale-471-jurong-west-street-41-21930967
234,https://www.propertyguru.com.sg/listing/hdb-for-sale-666b-punggol-drive-22674991
235,https://www.propertyguru.com.sg/listing/hdb-for-sale-120-potong-pasir-avenue-1-22541026
236,https://www.propertyguru.com.sg/listing/hdb-for-sale-41-sims-drive-22216368
237,https://www.propertyguru.com.sg/listing/hdb-for-sale-22-boon-keng-road-22044508
238,https://www.propertyguru.com.sg/listing/hdb-for-sale-86-whampoa-drive-22544726
239,https://www.propertyguru.com.sg/listing/hdb-for-sale-51-new-upper-changi-road-22573186
240,https://www.propertyguru.com.sg/listing/hdb-for-sale-666a-punggol-drive-22599434
241,https://www.propertyguru.com.sg/listing/hdb-for-sale-264a-punggol-way-22290377
242,https://www.propertyguru.com.sg/listing/hdb-for-sale-528c-pasir-ris-street-51-22631969
243,https://www.propertyguru.com.sg/listing/hdb-for-sale-528c-pasir-ris-street-51-22448207
244,https://www.propertyguru.com.sg/listing/hdb-for-sale-939-hougang-street-92-22579716
245,https://www.propertyguru.com.sg/listing/hdb-for-sale-258c-punggol-field-22191644
246,https://www.propertyguru.com.sg/listing/hdb-for-sale-305-clementi-avenue-4-22051468
247,https://www.propertyguru.com.sg/listing/hdb-for-sale-138a-yuan-ching-road-22265201
248,https://www.propertyguru.com.sg/listing/hdb-for-sale-313-sembawang-drive-22697872
249,https://www.propertyguru.com.sg/listing/hdb-for-sale-440b-fernvale-link-22294941
250,https://www.propertyguru.com.sg/listing/hdb-for-sale-220b-bedok-central-22127898
251,https://www.propertyguru.com.sg/listing/hdb-for-sale-549-hougang-street-51-22438156
252,https://www.propertyguru.com.sg/listing/hdb-for-sale-668a-edgefield-plains-22638980
253,https://www.propertyguru.com.sg/listing/hdb-for-sale-475d-upper-serangoon-crescent-22417171
254,https://www.propertyguru.com.sg/listing/hdb-for-sale-774-bedok-reservoir-view-22412400
255,https://www.propertyguru.com.sg/listing/hdb-for-sale-183b-rivervale-crescent-22012941
256,https://www.propertyguru.com.sg/listing/hdb-for-sale-72-bedok-south-avenue-3-22268605
257,https://www.propertyguru.com.sg/listing/hdb-for-sale-988c-buangkok-green-22455521
258,https://www.propertyguru.com.sg/listing/hdb-for-sale-519-bedok-north-avenue-1-22290942
259,https://www.propertyguru.com.sg/listing/hdb-for-sale-150-bedok-reservoir-road-22723613
260,https://www.propertyguru.com.sg/listing/hdb-for-sale-344-bukit-batok-street-34-22730855
261,https://www.propertyguru.com.sg/listing/hdb-for-sale-211-bukit-batok-street-21-22036923
262,https://www.propertyguru.com.sg/listing/hdb-for-sale-16-jalan-tenteram-22642859
263,https://www.propertyguru.com.sg/listing/hdb-for-sale-43-marine-crescent-22232059
264,https://www.propertyguru.com.sg/listing/hdb-for-sale-28-cassia-crescent-22288439
265,https://www.propertyguru.com.sg/listing/hdb-for-sale-119-bukit-merah-view-22730763
266,https://www.propertyguru.com.sg/listing/hdb-for-sale-520c-tampines-central-8-22730680
267,https://www.propertyguru.com.sg/listing/hdb-for-sale-815a-choa-chu-kang-avenue-7-22176214
268,https://www.propertyguru.com.sg/listing/hdb-for-sale-196a-punggol-field-21950591
269,https://www.propertyguru.com.sg/listing/hdb-for-sale-34-whampoa-west-21819356
270,https://www.propertyguru.com.sg/listing/hdb-for-sale-1-dover-road-22719865
271,https://www.propertyguru.com.sg/listing/hdb-for-sale-498e-tampines-street-45-22127852
272,https://www.propertyguru.com.sg/listing/hdb-for-sale-204-petir-road-22702535
273,https://www.propertyguru.com.sg/listing/hdb-for-sale-256-tampines-street-21-22702514
274,https://www.propertyguru.com.sg/listing/hdb-for-sale-361-tampines-street-34-22702489
275,https://www.propertyguru.com.sg/listing/hdb-for-sale-636b-senja-road-22467870
276,https://www.propertyguru.com.sg/listing/hdb-for-sale-748b-bedok-reservoir-crescent-22467964
277,https://www.propertyguru.com.sg/listing/hdb-for-sale-724-bedok-reservoir-road-22653302
278,https://www.propertyguru.com.sg/listing/hdb-for-sale-227-serangoon-avenue-4-22305215
279,https://www.propertyguru.com.sg/listing/hdb-for-sale-194-kim-keat-avenue-22273072
280,https://www.propertyguru.com.sg/listing/hdb-for-sale-520-tampines-central-8-22710851
281,https://www.propertyguru.com.sg/listing/hdb-for-sale-815a-choa-chu-kang-avenue-7-22470004
282,https://www.propertyguru.com.sg/listing/hdb-for-sale-26d-jalan-membina-22719229
283,https://www.propertyguru.com.sg/listing/hdb-for-sale-747c-bedok-reservoir-crescent-22221201
284,https://www.propertyguru.com.sg/listing/hdb-for-sale-264e-compassvale-bow-22356959
285,https://www.propertyguru.com.sg/listing/hdb-for-sale-470c-upper-serangoon-crescent-21960964
286,https://www.propertyguru.com.sg/listing/hdb-for-sale-475c-upper-serangoon-crescent-21952358
287,https://www.propertyguru.com.sg/listing/hdb-for-sale-440c-clementi-avenue-3-22708805
288,https://www.propertyguru.com.sg/listing/hdb-for-sale-86-dawson-road-22588591
289,https://www.propertyguru.com.sg/listing/hdb-for-sale-363-bukit-batok-street-31-22402663
290,https://www.propertyguru.com.sg/listing/hdb-for-sale-830-hougang-central-22151163
291,https://www.propertyguru.com.sg/listing/hdb-for-sale-469a-sengkang-west-way-22372896
292,https://www.propertyguru.com.sg/listing/hdb-for-sale-308a-punggol-walk-22399571
293,https://www.propertyguru.com.sg/listing/hdb-for-sale-648-punggol-central-21830220
294,https://www.propertyguru.com.sg/listing/hdb-for-sale-320c-anchorvale-drive-22393062
295,https://www.propertyguru.com.sg/listing/hdb-for-sale-588-woodlands-drive-16-22717429
296,https://www.propertyguru.com.sg/listing/hdb-for-sale-259a-punggol-field-22194356
297,https://www.propertyguru.com.sg/listing/hdb-for-sale-17-telok-blangah-crescent-22059431
298,https://www.propertyguru.com.sg/listing/hdb-for-sale-448-choa-chu-kang-avenue-4-21788890
299,https://www.propertyguru.com.sg/listing/hdb-for-sale-pinnacle-duxton-22495402
300,https://www.propertyguru.com.sg/listing/hdb-for-sale-664a-punggol-drive-22438259
301,https://www.propertyguru.com.sg/listing/hdb-for-sale-166b-punggol-central-22017442
302,https://www.propertyguru.com.sg/listing/hdb-for-sale-637b-punggol-drive-22082975
303,https://www.propertyguru.com.sg/listing/hdb-for-sale-311b-clementi-avenue-4-22217271
304,https://www.propertyguru.com.sg/listing/hdb-for-sale-359-clementi-avenue-2-21527215
305,https://www.propertyguru.com.sg/listing/hdb-for-sale-355-clementi-avenue-2-22729493
306,https://www.propertyguru.com.sg/listing/hdb-for-sale-132-bedok-north-street-2-22630108
307,https://www.propertyguru.com.sg/listing/hdb-for-sale-311a-clementi-avenue-4-22483016
308,https://www.propertyguru.com.sg/listing/hdb-for-sale-86-dawson-road-22667590
309,https://www.propertyguru.com.sg/listing/hdb-for-sale-807a-chai-chee-road-22183438
310,https://www.propertyguru.com.sg/listing/hdb-for-sale-475b-upper-serangoon-crescent-22120056
311,https://www.propertyguru.com.sg/listing/hdb-for-sale-406a-fernvale-road-22637111
312,https://www.propertyguru.com.sg/listing/hdb-for-sale-355-clementi-avenue-2-22262185
313,https://www.propertyguru.com.sg/listing/hdb-for-sale-77-marine-drive-22639261
314,https://www.propertyguru.com.sg/listing/hdb-for-sale-834-woodlands-street-83-18955420
315,https://www.propertyguru.com.sg/listing/hdb-for-sale-342c-yishun-ring-road-22279007
316,https://www.propertyguru.com.sg/listing/hdb-for-sale-724-yishun-street-71-21582481
317,https://www.propertyguru.com.sg/listing/hdb-for-sale-475d-upper-serangoon-crescent-22279604
318,https://www.propertyguru.com.sg/listing/hdb-for-sale-267a-punggol-field-22107693
319,https://www.propertyguru.com.sg/listing/hdb-for-sale-258c-punggol-field-22615059
320,https://www.propertyguru.com.sg/listing/hdb-for-sale-266c-punggol-way-22598049
321,https://www.propertyguru.com.sg/listing/hdb-for-sale-213b-punggol-walk-22568557
322,https://www.propertyguru.com.sg/listing/hdb-for-sale-245-bishan-street-22-22228341
323,https://www.propertyguru.com.sg/listing/hdb-for-sale-125-bishan-street-12-22308667
324,https://www.propertyguru.com.sg/listing/hdb-for-sale-26-telok-blangah-crescent-22515749
325,https://www.propertyguru.com.sg/listing/hdb-for-sale-679b-punggol-drive-22373402
326,https://www.propertyguru.com.sg/listing/hdb-for-sale-91-dawson-road-22341360
327,https://www.propertyguru.com.sg/listing/hdb-for-sale-520a-tampines-central-8-22276637
328,https://www.propertyguru.com.sg/listing/hdb-for-sale-308a-punggol-walk-22415893
329,https://www.propertyguru.com.sg/listing/hdb-for-sale-328-ang-mo-kio-avenue-3-22278234
330,https://www.propertyguru.com.sg/listing/hdb-for-sale-32-marine-crescent-22022356
331,https://www.propertyguru.com.sg/listing/hdb-for-sale-87-dawson-road-22491626
332,https://www.propertyguru.com.sg/listing/hdb-for-sale-298a-compassvale-street-22199339
333,https://www.propertyguru.com.sg/listing/hdb-for-sale-545-bedok-north-street-3-22163567
334,https://www.propertyguru.com.sg/listing/hdb-for-sale-429-ang-mo-kio-avenue-3-22511247
335,https://www.propertyguru.com.sg/listing/hdb-for-sale-526c-pasir-ris-street-51-21971264
336,https://www.propertyguru.com.sg/listing/hdb-for-sale-117b-jalan-tenteram-22260446
337,https://www.propertyguru.com.sg/listing/hdb-for-sale-220b-bedok-central-22225649
338,https://www.propertyguru.com.sg/listing/hdb-for-sale-515c-tampines-central-7-22260504
339,https://www.propertyguru.com.sg/listing/hdb-for-sale-86-telok-blangah-heights-22140206
340,https://www.propertyguru.com.sg/listing/hdb-for-sale-49-strathmore-avenue-22701249
341,https://www.propertyguru.com.sg/listing/hdb-for-sale-51-strathmore-avenue-22185242
342,https://www.propertyguru.com.sg/listing/hdb-for-sale-86-dawson-road-22609377
343,https://www.propertyguru.com.sg/listing/hdb-for-sale-561b-jurong-west-street-42-22625373
344,https://www.propertyguru.com.sg/listing/hdb-for-sale-487-segar-road-22728678
345,https://www.propertyguru.com.sg/listing/hdb-for-sale-190-punggol-central-22406243
346,https://www.propertyguru.com.sg/listing/hdb-for-sale-22-bedok-south-avenue-1-22317127
347,https://www.propertyguru.com.sg/listing/hdb-for-sale-202-toa-payoh-north-22728856
348,https://www.propertyguru.com.sg/listing/hdb-for-sale-458-yishun-avenue-11-22184786
349,https://www.propertyguru.com.sg/listing/hdb-for-sale-55-strathmore-avenue-22701794
350,https://www.propertyguru.com.sg/listing/hdb-for-sale-27b-jalan-membina-22702475
351,https://www.propertyguru.com.sg/listing/hdb-for-sale-26d-jalan-membina-22483228
352,https://www.propertyguru.com.sg/listing/hdb-for-sale-19-cantonment-close-22707923
353,https://www.propertyguru.com.sg/listing/hdb-for-sale-88-telok-blangah-heights-22483087
354,https://www.propertyguru.com.sg/listing/hdb-for-sale-84-telok-blangah-heights-22171076
355,https://www.propertyguru.com.sg/listing/hdb-for-sale-66-marine-drive-21569311
356,https://www.propertyguru.com.sg/listing/hdb-for-sale-17-cantonment-close-22378065
357,https://www.propertyguru.com.sg/listing/hdb-for-sale-308c-punggol-walk-22377217
358,https://www.propertyguru.com.sg/listing/hdb-for-sale-303c-punggol-central-22338618
359,https://www.propertyguru.com.sg/listing/hdb-for-sale-163a-punggol-central-21851228
360,https://www.propertyguru.com.sg/listing/hdb-for-sale-9-pine-close-22220413
361,https://www.propertyguru.com.sg/listing/hdb-for-sale-748c-bedok-reservoir-crescent-22307822
362,https://www.propertyguru.com.sg/listing/hdb-for-sale-201-bukit-batok-street-21-21052330
363,https://www.propertyguru.com.sg/listing/hdb-for-sale-3-upper-aljunied-lane-22371810
364,https://www.propertyguru.com.sg/listing/hdb-for-sale-212a-punggol-walk-22133677
365,https://www.propertyguru.com.sg/listing/hdb-for-sale-469b-sengkang-west-way-22332817
366,https://www.propertyguru.com.sg/listing/hdb-for-sale-pinnacle-duxton-22406680
367,https://www.propertyguru.com.sg/listing/hdb-for-sale-524a-pasir-ris-street-51-22508049
368,https://www.propertyguru.com.sg/listing/hdb-for-sale-389-bukit-batok-west-avenue-5-22182783
369,https://www.propertyguru.com.sg/listing/hdb-for-sale-458-segar-road-22419979
370,https://www.propertyguru.com.sg/listing/hdb-for-sale-465-segar-road-22599674
371,https://www.propertyguru.com.sg/listing/hdb-for-sale-308c-punggol-walk-22173869
372,https://www.propertyguru.com.sg/listing/hdb-for-sale-121-potong-pasir-avenue-1-22080804
373,https://www.propertyguru.com.sg/listing/hdb-for-sale-14-ghim-moh-road-21893807
374,https://www.propertyguru.com.sg/listing/hdb-for-sale-308b-punggol-walk-22724676
375,https://www.propertyguru.com.sg/listing/hdb-for-sale-469b-sengkang-west-way-22265158
376,https://www.propertyguru.com.sg/listing/hdb-for-sale-450a-sengkang-west-way-22088440
377,https://www.propertyguru.com.sg/listing/hdb-for-sale-181-yung-sheng-road-21514145
378,https://www.propertyguru.com.sg/listing/hdb-for-sale-77a-redhill-road-21865077
379,https://www.propertyguru.com.sg/listing/hdb-for-sale-603-clementi-west-street-1-22123654
380,https://www.propertyguru.com.sg/listing/hdb-for-sale-309a-ang-mo-kio-street-31-22548227
381,https://www.propertyguru.com.sg/listing/hdb-for-sale-309a-ang-mo-kio-street-31-22548227
382,https://www.propertyguru.com.sg/listing/hdb-for-sale-456-tampines-street-42-22364755
383,https://www.propertyguru.com.sg/listing/hdb-for-sale-92-dawson-road-22590601
384,https://www.propertyguru.com.sg/listing/hdb-for-sale-93-dawson-road-22523813
385,https://www.propertyguru.com.sg/listing/hdb-for-sale-310a-punggol-walk-22549191
386,https://www.propertyguru.com.sg/listing/hdb-for-sale-817-woodlands-street-82-21281007
387,https://www.propertyguru.com.sg/listing/hdb-for-sale-85-telok-blangah-heights-22027815
388,https://www.propertyguru.com.sg/listing/hdb-for-sale-260a-punggol-way-22275940
389,https://www.propertyguru.com.sg/listing/hdb-for-sale-5-changi-village-road-22212973
390,https://www.propertyguru.com.sg/listing/hdb-for-sale-416a-fernvale-link-22515162
391,https://www.propertyguru.com.sg/listing/hdb-for-sale-520-jurong-west-street-52-22238506
392,https://www.propertyguru.com.sg/listing/hdb-for-sale-204c-punggol-field-22413846
393,https://www.propertyguru.com.sg/listing/hdb-for-sale-27a-jalan-membina-22500970
394,https://www.propertyguru.com.sg/listing/hdb-for-sale-489d-choa-chu-kang-avenue-5-22494739
395,https://www.propertyguru.com.sg/listing/hdb-for-sale-308a-punggol-walk-22415694
396,https://www.propertyguru.com.sg/listing/hdb-for-sale-475d-upper-serangoon-crescent-22276513
397,https://www.propertyguru.com.sg/listing/hdb-for-sale-239-pasir-ris-street-21-22105614
398,https://www.propertyguru.com.sg/listing/hdb-for-sale-272b-punggol-walk-22330699
399,https://www.propertyguru.com.sg/listing/hdb-for-sale-121-pasir-ris-street-11-22349755
400,https://www.propertyguru.com.sg/listing/hdb-for-sale-201-bukit-batok-street-21-22316859
401,https://www.propertyguru.com.sg/listing/hdb-for-sale-308c-punggol-walk-22477359
402,https://www.propertyguru.com.sg/listing/hdb-for-sale-313d-anchorvale-road-22453408
403,https://www.propertyguru.com.sg/listing/hdb-for-sale-55-jalan-bahagia-21997297
404,https://www.propertyguru.com.sg/listing/hdb-for-sale-153a-lorong-1-toa-payoh-21120256
405,https://www.propertyguru.com.sg/listing/hdb-for-sale-11-pine-close-21253253
406,https://www.propertyguru.com.sg/listing/hdb-for-sale-9-joo-seng-road-22225274
407,https://www.propertyguru.com.sg/listing/hdb-for-sale-336d-anchorvale-crescent-22315879
408,https://www.propertyguru.com.sg/listing/hdb-for-sale-259b-punggol-field-22326269
409,https://www.propertyguru.com.sg/listing/hdb-for-sale-2-holland-avenue-22459828
410,https://www.propertyguru.com.sg/listing/hdb-for-sale-111-jurong-east-street-13-22195830
411,https://www.propertyguru.com.sg/listing/hdb-for-sale-634b-senja-road-21995510
412,https://www.propertyguru.com.sg/listing/hdb-for-sale-671b-edgefield-plains-22399869
413,https://www.propertyguru.com.sg/listing/hdb-for-sale-334-serangoon-avenue-3-22235234
414,https://www.propertyguru.com.sg/listing/hdb-for-sale-265c-punggol-way-22161732
415,https://www.propertyguru.com.sg/listing/hdb-for-sale-451b-sengkang-west-way-22063159
416,https://www.propertyguru.com.sg/listing/hdb-for-sale-43-marine-crescent-22179658
417,https://www.propertyguru.com.sg/listing/hdb-for-sale-102-bukit-batok-west-avenue-6-22475117
418,https://www.propertyguru.com.sg/listing/hdb-for-sale-132-bedok-north-street-2-22483256
419,https://www.propertyguru.com.sg/listing/hdb-for-sale-890a-tampines-avenue-1-22726204
420,https://www.propertyguru.com.sg/listing/hdb-for-sale-273b-bishan-street-24-21982723
421,https://www.propertyguru.com.sg/listing/hdb-for-sale-890a-tampines-avenue-1-22726204
422,https://www.propertyguru.com.sg/listing/hdb-for-sale-273b-bishan-street-24-21982723
423,https://www.propertyguru.com.sg/listing/hdb-for-sale-294-tampines-street-22-21926129
424,https://www.propertyguru.com.sg/listing/hdb-for-sale-524b-tampines-central-7-22633088
425,https://www.propertyguru.com.sg/listing/hdb-for-sale-122-paya-lebar-way-22283362
426,https://www.propertyguru.com.sg/listing/hdb-for-sale-440b-fernvale-link-22249694
427,https://www.propertyguru.com.sg/listing/hdb-for-sale-306-jurong-east-street-32-22177587
428,https://www.propertyguru.com.sg/listing/hdb-for-sale-310a-punggol-walk-22442427
429,https://www.propertyguru.com.sg/listing/hdb-for-sale-89-dawson-road-22711578
430,https://www.propertyguru.com.sg/listing/hdb-for-sale-333d-anchorvale-link-22291736
431,https://www.propertyguru.com.sg/listing/hdb-for-sale-92-dawson-road-22443604
432,https://www.propertyguru.com.sg/listing/hdb-for-sale-101-aljunied-crescent-22406439
433,https://www.propertyguru.com.sg/listing/hdb-for-sale-102-lengkong-tiga-21786242
434,https://www.propertyguru.com.sg/listing/hdb-for-sale-701-yishun-avenue-5-22385429
435,https://www.propertyguru.com.sg/listing/hdb-for-sale-498e-tampines-street-45-22342463
436,https://www.propertyguru.com.sg/listing/hdb-for-sale-354-bukit-batok-street-31-22148367
437,https://www.propertyguru.com.sg/listing/hdb-for-sale-138b-yuan-ching-road-21837451
438,https://www.propertyguru.com.sg/listing/hdb-for-sale-871-tampines-street-84-22196786
439,https://www.propertyguru.com.sg/listing/hdb-for-sale-708-clementi-west-street-2-22131321
440,https://www.propertyguru.com.sg/listing/hdb-for-sale-35-circuit-road-21879804
441,https://www.propertyguru.com.sg/listing/hdb-for-sale-35-circuit-road-21879804
442,https://www.propertyguru.com.sg/listing/hdb-for-sale-263-waterloo-street-21966306
443,https://www.propertyguru.com.sg/listing/hdb-for-sale-409a-fernvale-road-22033659
444,https://www.propertyguru.com.sg/listing/hdb-for-sale-235-tampines-street-21-22317554
445,https://www.propertyguru.com.sg/listing/hdb-for-sale-361-tampines-street-34-22199168
446,https://www.propertyguru.com.sg/listing/hdb-for-sale-275-tampines-street-22-22320327
447,https://www.propertyguru.com.sg/listing/hdb-for-sale-524c-pasir-ris-street-51-22327643
448,https://www.propertyguru.com.sg/listing/hdb-for-sale-143-tampines-street-12-22147498
449,https://www.propertyguru.com.sg/listing/hdb-for-sale-341-clementi-avenue-5-22388661
450,https://www.propertyguru.com.sg/listing/hdb-for-sale-364-tampines-street-34-22568194
451,https://www.propertyguru.com.sg/listing/hdb-for-sale-105-simei-street-1-22574959
452,https://www.propertyguru.com.sg/listing/hdb-for-sale-151-tampines-street-12-22573817
453,https://www.propertyguru.com.sg/listing/hdb-for-sale-225-simei-street-4-22318223
454,https://www.propertyguru.com.sg/listing/hdb-for-sale-dbss-belvia-22574973
455,https://www.propertyguru.com.sg/listing/hdb-for-sale-465-segar-road-22682087
456,https://www.propertyguru.com.sg/listing/hdb-for-sale-260-tampines-street-21-22429341
457,https://www.propertyguru.com.sg/listing/hdb-for-sale-472a-fernvale-street-22682393
458,https://www.propertyguru.com.sg/listing/hdb-for-sale-967-hougang-avenue-9-22498476
459,https://www.propertyguru.com.sg/listing/hdb-for-sale-210c-compassvale-lane-22298003
460,https://www.propertyguru.com.sg/listing/hdb-for-sale-7-boon-keng-road-22166274
461,https://www.propertyguru.com.sg/listing/hdb-for-sale-498g-tampines-street-45-22475591
462,https://www.propertyguru.com.sg/listing/hdb-for-sale-519c-tampines-central-8-21739010
463,https://www.propertyguru.com.sg/listing/hdb-for-sale-220-pasir-ris-street-21-22719218
464,https://www.propertyguru.com.sg/listing/hdb-for-sale-208-pasir-ris-street-21-22165775
465,https://www.propertyguru.com.sg/listing/hdb-for-sale-858-tampines-avenue-5-21655239
466,https://www.propertyguru.com.sg/listing/hdb-for-sale-207b-punggol-place-22115764
467,https://www.propertyguru.com.sg/listing/hdb-for-sale-534-jelapang-road-22079872
468,https://www.propertyguru.com.sg/listing/hdb-for-sale-663c-punggol-drive-22651187
469,https://www.propertyguru.com.sg/listing/hdb-for-sale-308a-punggol-walk-22698890
470,https://www.propertyguru.com.sg/listing/hdb-for-sale-689f-woodlands-drive-75-22618585
471,https://www.propertyguru.com.sg/listing/hdb-for-sale-112-simei-street-1-22194268
472,https://www.propertyguru.com.sg/listing/hdb-for-sale-351-clementi-avenue-2-22669801
473,https://www.propertyguru.com.sg/listing/hdb-for-sale-669a-edgefield-plains-22338948
474,https://www.propertyguru.com.sg/listing/hdb-for-sale-163-bedok-south-road-22355079
475,https://www.propertyguru.com.sg/listing/hdb-for-sale-225-serangoon-avenue-4-22357483
476,https://www.propertyguru.com.sg/listing/hdb-for-sale-86-dawson-road-22727301
477,https://www.propertyguru.com.sg/listing/hdb-for-sale-624b-punggol-central-22590655
478,https://www.propertyguru.com.sg/listing/hdb-for-sale-14a-lorong-7-toa-payoh-22650904
479,https://www.propertyguru.com.sg/listing/hdb-for-sale-543-ang-mo-kio-avenue-10-22716828
480,https://www.propertyguru.com.sg/listing/hdb-for-sale-310b-punggol-walk-22371462
481,https://www.propertyguru.com.sg/listing/hdb-for-sale-543-ang-mo-kio-avenue-10-22716828
482,https://www.propertyguru.com.sg/listing/hdb-for-sale-310b-punggol-walk-22371462
483,https://www.propertyguru.com.sg/listing/hdb-for-sale-489c-choa-chu-kang-avenue-5-22447110
484,https://www.propertyguru.com.sg/listing/hdb-for-sale-20-lorong-7-toa-payoh-22619078
485,https://www.propertyguru.com.sg/listing/hdb-for-sale-348d-yishun-avenue-11-21944834
486,https://www.propertyguru.com.sg/listing/hdb-for-sale-631-ang-mo-kio-avenue-4-22559041
487,https://www.propertyguru.com.sg/listing/hdb-for-sale-285d-toh-guan-road-22657984
488,https://www.propertyguru.com.sg/listing/hdb-for-sale-120-simei-street-1-22520097
489,https://www.propertyguru.com.sg/listing/hdb-for-sale-717-bedok-reservoir-road-22333223
490,https://www.propertyguru.com.sg/listing/hdb-for-sale-7-teck-whye-avenue-22334701
491,https://www.propertyguru.com.sg/listing/hdb-for-sale-265-tampines-street-21-22233690
492,https://www.propertyguru.com.sg/listing/hdb-for-sale-228-pending-road-22100942
493,https://www.propertyguru.com.sg/listing/hdb-for-sale-51-lengkok-bahru-21837037
494,https://www.propertyguru.com.sg/listing/hdb-for-sale-260a-punggol-way-22706841
495,https://www.propertyguru.com.sg/listing/hdb-for-sale-519b-tampines-central-8-22111684
496,https://www.propertyguru.com.sg/listing/hdb-for-sale-230-compassvale-walk-22372930
497,https://www.propertyguru.com.sg/listing/hdb-for-sale-681a-jurong-west-central-1-22436738
498,https://www.propertyguru.com.sg/listing/hdb-for-sale-140-rivervale-street-22692115
499,https://www.propertyguru.com.sg/listing/hdb-for-sale-415a-fernvale-link-22687520
500,https://www.propertyguru.com.sg/listing/hdb-for-sale-265c-punggol-way-22713167
501,https://www.propertyguru.com.sg/listing/hdb-for-sale-265c-punggol-way-22713167
502,https://www.propertyguru.com.sg/listing/hdb-for-sale-79b-toa-payoh-central-22450533
503,https://www.propertyguru.com.sg/listing/hdb-for-sale-477a-upper-serangoon-view-22323208
504,https://www.propertyguru.com.sg/listing/hdb-for-sale-627-jurong-west-street-65-22460168
505,https://www.propertyguru.com.sg/listing/hdb-for-sale-443c-fajar-road-22629704
506,https://www.propertyguru.com.sg/listing/hdb-for-sale-416a-fernvale-link-22429323
507,https://www.propertyguru.com.sg/listing/hdb-for-sale-50-circuit-road-22260051
508,https://www.propertyguru.com.sg/listing/hdb-for-sale-226c-compassvale-walk-22338175
509,https://www.propertyguru.com.sg/listing/hdb-for-sale-101-gangsa-road-22232575
510,https://www.propertyguru.com.sg/listing/hdb-for-sale-613-choa-chu-kang-street-62-22514875
511,https://www.propertyguru.com.sg/listing/hdb-for-sale-683a-choa-chu-kang-crescent-21392420
512,https://www.propertyguru.com.sg/listing/hdb-for-sale-686b-choa-chu-kang-crescent-22439586
513,https://www.propertyguru.com.sg/listing/hdb-for-sale-308a-punggol-walk-22612683
514,https://www.propertyguru.com.sg/listing/hdb-for-sale-748c-bedok-reservoir-crescent-21890394
515,https://www.propertyguru.com.sg/listing/hdb-for-sale-308c-punggol-walk-22199428
516,https://www.propertyguru.com.sg/listing/hdb-for-sale-310a-punggol-walk-22293476
517,https://www.propertyguru.com.sg/listing/hdb-for-sale-525b-pasir-ris-street-51-22087045
518,https://www.propertyguru.com.sg/listing/hdb-for-sale-507-bedok-north-avenue-3-22414265
519,https://www.propertyguru.com.sg/listing/hdb-for-sale-679-choa-chu-kang-crescent-22347964
520,https://www.propertyguru.com.sg/listing/hdb-for-sale-855-yishun-ring-road-21389514
521,https://www.propertyguru.com.sg/listing/hdb-for-sale-158a-rivervale-crescent-22252868
522,https://www.propertyguru.com.sg/listing/hdb-for-sale-447a-jalan-kayu-22722015
523,https://www.propertyguru.com.sg/listing/hdb-for-sale-477c-upper-serangoon-view-22492751
524,https://www.propertyguru.com.sg/listing/hdb-for-sale-482-pasir-ris-drive-4-22079597
525,https://www.propertyguru.com.sg/listing/hdb-for-sale-290e-bukit-batok-street-24-22727235
526,https://www.propertyguru.com.sg/listing/hdb-for-sale-716-bedok-reservoir-road-22207851
527,https://www.propertyguru.com.sg/listing/hdb-for-sale-113-simei-street-1-21951891
528,https://www.propertyguru.com.sg/listing/hdb-for-sale-325b-sengkang-east-way-22719920
529,https://www.propertyguru.com.sg/listing/hdb-for-sale-671a-edgefield-plains-22708015
530,https://www.propertyguru.com.sg/listing/hdb-for-sale-546a-segar-road-22506578
531,https://www.propertyguru.com.sg/listing/hdb-for-sale-296-punggol-central-22678789
532,https://www.propertyguru.com.sg/listing/hdb-for-sale-627-senja-road-22678784
533,https://www.propertyguru.com.sg/listing/hdb-for-sale-409-pandan-gardens-22678786
534,https://www.propertyguru.com.sg/listing/hdb-for-sale-86-dawson-road-22646349
535,https://www.propertyguru.com.sg/listing/hdb-for-sale-12a-marsiling-lane-22352575
536,https://www.propertyguru.com.sg/listing/hdb-for-sale-260b-punggol-way-22199259
537,https://www.propertyguru.com.sg/listing/hdb-for-sale-613-bukit-panjang-ring-road-22664575
538,https://www.propertyguru.com.sg/listing/hdb-for-sale-32-bedok-south-avenue-2-22261206
539,https://www.propertyguru.com.sg/listing/hdb-for-sale-245-bishan-street-22-22079337
540,https://www.propertyguru.com.sg/listing/hdb-for-sale-blk-1d-cantonment-road-22275985
541,https://www.propertyguru.com.sg/listing/hdb-for-sale-202-tampines-street-21-22306969
542,https://www.propertyguru.com.sg/listing/hdb-for-sale-472b-fernvale-street-22333649
543,https://www.propertyguru.com.sg/listing/hdb-for-sale-158-bishan-street-13-22687335
544,https://www.propertyguru.com.sg/listing/hdb-for-sale-405-tampines-street-41-22336305
545,https://www.propertyguru.com.sg/listing/hdb-for-sale-272-choa-chu-kang-avenue-2-22463980
546,https://www.propertyguru.com.sg/listing/hdb-for-sale-50-strathmore-avenue-22718596
547,https://www.propertyguru.com.sg/listing/hdb-for-sale-684b-jurong-west-street-64-22070336
548,https://www.propertyguru.com.sg/listing/hdb-for-sale-172-bedok-south-road-22431326
549,https://www.propertyguru.com.sg/listing/hdb-for-sale-151-tampines-street-12-22305317
550,https://www.propertyguru.com.sg/listing/hdb-for-sale-158-yung-loh-road-22489123
551,https://www.propertyguru.com.sg/listing/hdb-for-sale-889-tampines-street-81-22437592
552,https://www.propertyguru.com.sg/listing/hdb-for-sale-465-ang-mo-kio-avenue-10-22364636
553,https://www.propertyguru.com.sg/listing/hdb-for-sale-47-marine-crescent-21602951
554,https://www.propertyguru.com.sg/listing/hdb-for-sale-337-clementi-avenue-2-21866300
555,https://www.propertyguru.com.sg/listing/hdb-for-sale-308-jurong-east-street-32-22287759
556,https://www.propertyguru.com.sg/listing/hdb-for-sale-29-marine-crescent-21461065
557,https://www.propertyguru.com.sg/listing/hdb-for-sale-348c-yishun-avenue-11-22278211
558,https://www.propertyguru.com.sg/listing/hdb-for-sale-165-bishan-street-13-21781704
559,https://www.propertyguru.com.sg/listing/hdb-for-sale-86-dawson-road-22588590
560,https://www.propertyguru.com.sg/listing/hdb-for-sale-123-hougang-avenue-1-21688313
561,https://www.propertyguru.com.sg/listing/hdb-for-sale-261-tampines-street-21-22586163
562,https://www.propertyguru.com.sg/listing/hdb-for-sale-230-simei-street-4-22639893
563,https://www.propertyguru.com.sg/listing/hdb-for-sale-78-marine-drive-21986327
564,https://www.propertyguru.com.sg/listing/hdb-for-sale-93-geylang-bahru-22004135
565,https://www.propertyguru.com.sg/listing/hdb-for-sale-128d-punggol-field-walk-22698895
566,https://www.propertyguru.com.sg/listing/hdb-for-sale-715-yishun-street-71-22476768
567,https://www.propertyguru.com.sg/listing/hdb-for-sale-347b-yishun-avenue-11-22479483
568,https://www.propertyguru.com.sg/listing/hdb-for-sale-663c-punggol-drive-22541252
569,https://www.propertyguru.com.sg/listing/hdb-for-sale-138c-yuan-ching-road-22389711
570,https://www.propertyguru.com.sg/listing/hdb-for-sale-296-punggol-central-22256280
571,https://www.propertyguru.com.sg/listing/hdb-for-sale-137-jalan-bukit-merah-22360533
572,https://www.propertyguru.com.sg/listing/hdb-for-sale-1-jalan-bukit-merah-20616614
573,https://www.propertyguru.com.sg/listing/hdb-for-sale-95-aljunied-crescent-22651173
574,https://www.propertyguru.com.sg/listing/hdb-for-sale-707-bedok-north-road-22462353
575,https://www.propertyguru.com.sg/listing/hdb-for-sale-185-bedok-north-road-22129351
576,https://www.propertyguru.com.sg/listing/hdb-for-sale-364-tampines-street-34-22605750
577,https://www.propertyguru.com.sg/listing/hdb-for-sale-288b-jurong-east-street-21-22523644
578,https://www.propertyguru.com.sg/listing/hdb-for-sale-331-serangoon-avenue-3-22725404
579,https://www.propertyguru.com.sg/listing/hdb-for-sale-230-compassvale-walk-22177259
580,https://www.propertyguru.com.sg/listing/hdb-for-sale-471-jurong-west-street-41-22141850
1,https://www.propertyguru.com.sg/listing/hdb-for-sale-288b-jurong-east-street-21-22523644
2,https://www.propertyguru.com.sg/listing/hdb-for-sale-331-serangoon-avenue-3-22725404
3,https://www.propertyguru.com.sg/listing/hdb-for-sale-230-compassvale-walk-22177259
4,https://www.propertyguru.com.sg/listing/hdb-for-sale-471-jurong-west-street-41-22141850
5,https://www.propertyguru.com.sg/listing/hdb-for-sale-408-bedok-north-avenue-2-22135751
6,https://www.propertyguru.com.sg/listing/hdb-for-sale-313b-sumang-link-22051129
7,https://www.propertyguru.com.sg/listing/hdb-for-sale-438-ang-mo-kio-avenue-10-22480555
8,https://www.propertyguru.com.sg/listing/hdb-for-sale-663c-punggol-drive-22725117
9,https://www.propertyguru.com.sg/listing/hdb-for-sale-467a-fernvale-link-22667836
10,https://www.propertyguru.com.sg/listing/hdb-for-sale-44-bedok-south-road-22006689
11,https://www.propertyguru.com.sg/listing/hdb-for-sale-punggol-topaz-22255078
12,https://www.propertyguru.com.sg/listing/hdb-for-sale-504-jelapang-road-22286421
13,https://www.propertyguru.com.sg/listing/hdb-for-sale-52-strathmore-avenue-22707089
14,https://www.propertyguru.com.sg/listing/hdb-for-sale-211c-punggol-walk-22109339
15,https://www.propertyguru.com.sg/listing/hdb-for-sale-653-yishun-avenue-4-22293148
16,https://www.propertyguru.com.sg/listing/hdb-for-sale-475b-upper-serangoon-crescent-22403601
17,https://www.propertyguru.com.sg/listing/hdb-for-sale-335a-anchorvale-crescent-22327888
18,https://www.propertyguru.com.sg/listing/hdb-for-sale-140-bedok-north-street-2-22714678
19,https://www.propertyguru.com.sg/listing/hdb-for-sale-183-edgefield-plains-22271832
20,https://www.propertyguru.com.sg/listing/hdb-for-sale-681a-jurong-west-central-1-22188067
