3,High Floor
4,Renovated
4,Corner Unit
5,Renovated
6,Corner Unit
6,Renovated
7,Corner Unit
7,Balcony
8,Corner Unit
10,Renovated
10,Corner Unit
11,Balcony
11,High Floor
11,Renovated
12,High Floor
12,Corner Unit
12,Renovated
13,Balcony
13,Corner Unit
13,High Floor
14,High Floor
15,High Floor
15,Corner Unit
15,Renovated
17,High Floor
19,Balcony
19,Corner Unit
19,Renovated
20,High Floor
20,Renovated
21,High Floor
21,Renovated
22,Renovated
22,Corner Unit
23,Renovated
24,Original Condition
24,Renovated
25,Low Floor
25,Corner Unit
26,High Floor
27,Low Floor
28,High Floor
30,Renovated
31,Corner Unit
32,Renovated
33,Corner Unit
34,Renovated
35,Renovated
36,Renovated
36,High Floor
37,Corner Unit
37,Balcony
38,Corner Unit
38,Bathtub
39,Renovated
39,Corner Unit
42,Renovated
42,High Floor
42,Corner Unit
44,Corner Unit
44,Balcony
46,Terrace
47,High Floor
47,Renovated
48,Low Floor
48,Renovated
48,Corner Unit
49,Renovated
49,Balcony
49,Corner Unit
49,Terrace
49,High Floor
50,High Floor
50,Renovated
51,High Floor
52,Renovated
53,Renovated
54,Renovated
55,High Floor
55,Balcony
55,Renovated
56,Renovated
57,High Floor
57,Renovated
59,High Floor
60,Renovated
61,Renovated
61,High Floor
62,Balcony
62,Renovated
62,Terrace
63,Renovated
64,High Floor
64,Renovated
66,Corner Unit
67,High Floor
67,Corner Unit
67,Renovated
68,Renovated
68,Terrace
70,Corner Unit
72,Renovated
74,High Floor
74,Renovated
78,Renovated
79,Renovated
79,High Floor
80,Renovated
81,High Floor
81,Renovated
81,Corner Unit
82,High Floor
82,Corner Unit
84,Corner Unit
84,Balcony
86,Corner Unit
86,Renovated
87,High Floor
87,Corner Unit
87,Renovated
88,Balcony
88,High Floor
88,Renovated
88,Corner Unit
89,Renovated
91,Low Floor
92,High Floor
93,Corner Unit
93,Renovated
94,High Floor
94,Renovated
95,Corner Unit
95,Renovated
96,Corner Unit
97,Renovated
98,Balcony
99,Renovated
101,Renovated
102,Original Condition
103,High Floor
104,High Floor
105,High Floor
106,Balcony
107,High Floor
107,Balcony
108,Renovated
109,Renovated
110,Renovated
110,High Floor
111,Renovated
111,High Floor
112,Corner Unit
112,Balcony
113,Corner Unit
113,High Floor
113,Renovated
114,Renovated
114,Balcony
115,High Floor
116,Renovated
116,Low Floor
117,Renovated
118,High Floor
118,Renovated
120,Corner Unit
122,Renovated
122,Low Floor
123,High Floor
124,Terrace
125,High Floor
125,Terrace
126,Balcony
126,High Floor
126,City View
127,High Floor
129,High Floor
129,Original Condition
130,High Floor
131,High Floor
131,Renovated
132,Renovated
133,Balcony
134,High Floor
135,Corner Unit
135,Balcony
136,Renovated
136,Low Floor
136,Terrace
136,High Floor
139,Renovated
139,Corner Unit
141,Renovated
141,High Floor
141,Balcony
142,High Floor
142,Corner Unit
142,Renovated
143,Renovated
145,Renovated
146,High Floor
146,Corner Unit
146,Balcony
146,Renovated
147,Original Condition
148,Renovated
150,High Floor
152,Terrace
153,Renovated
153,High Floor
153,Corner Unit
154,Balcony
154,High Floor
154,Corner Unit
155,Renovated
156,Corner Unit
157,Balcony
157,Corner Unit
158,Corner Unit
159,Balcony
159,Corner Unit
159,Renovated
160,Corner Unit
161,Corner Unit
162,Low Floor
163,Original Condition
163,Low Floor
164,High Floor
164,Renovated
166,Renovated
167,Renovated
167,Balcony
168,Renovated
169,Corner Unit
170,Corner Unit
171,High Floor
171,Renovated
171,Corner Unit
172,High Floor
172,Renovated
173,High Floor
173,Renovated
174,Renovated
176,High Floor
176,Renovated
177,High Floor
178,High Floor
182,High Floor
182,Renovated
182,Corner Unit
183,Corner Unit
185,Sea View
185,Renovated
185,Terrace
186,Terrace
186,High Floor
186,Sea View
187,High Floor
187,Renovated
188,Low Floor
190,High Floor
191,Corner Unit
191,Balcony
198,Renovated
199,Renovated
200,High Floor
200,Corner Unit
