700001,Renovated
700001,Corner Unit
700001,Terrace
700002,Terrace
700003,Original Condition
700006,Terrace
700007,Terrace
700008,Terrace
700010,Renovated
700010,Terrace
700011,Roof Terrace
700011,Jacuzzi
700011,City View
700011,Sea View
700011,Intercom
700011,Terrace
700012,Renovated
700012,Balcony
700013,Renovated
700013,Terrace
700014,Terrace
700014,Roof Terrace
700016,Renovated
700016,Terrace
700016,Balcony
700016,Private Garden
700017,Terrace
700017,Roof Terrace
700019,Roof Terrace
700020,Roof Terrace
700021,Original Condition
700021,Terrace
700022,Renovated
700022,Ground Floor
700023,Terrace
700024,Terrace
700025,Terrace
700026,Balcony
700027,Terrace
700028,Terrace
700029,Renovated
700030,Original Condition
700032,Private Pool
700032,Terrace
700033,Terrace
700034,Terrace
700035,Terrace
700035,Renovated
700036,Renovated
700036,Terrace
700037,Terrace
700042,Renovated
700042,Terrace
700044,Terrace
700045,Terrace
700046,Terrace
700046,Ground Floor
700046,Balcony
700047,Ground Floor
700047,Terrace
700048,Terrace
700049,Terrace
700050,Terrace
700051,Terrace
700052,Terrace
700053,Terrace
700054,Terrace
700055,Terrace
700056,Swimming Pool View
700057,Terrace
700058,Terrace
700059,Terrace
700060,Terrace
700061,Terrace
700062,Terrace
700063,Terrace
700064,Terrace
700065,Terrace
700066,Terrace
700068,Balcony
700068,Roof Terrace
700071,Terrace
700071,Balcony
700074,Terrace
700075,Terrace
700076,Private Pool
700076,Terrace
700079,Terrace
700079,Sea View
700084,Terrace
700085,Terrace
700085,Balcony
700088,Renovated
700088,Terrace
700089,Renovated
700089,Terrace
700090,Renovated
700091,Terrace
700091,Renovated
700091,Bathtub
700091,Balcony
700095,Terrace
700095,Roof Terrace
700096,Terrace
700097,Terrace
700098,Ground Floor
700098,Terrace
700099,Ground Floor
700099,Roof Terrace
700099,Terrace
700100,Bombshelter
700100,Balcony
700101,Ground Floor
700102,Terrace
700102,Renovated
700103,Terrace
700103,Renovated
700104,Renovated
700105,Terrace
700105,Ground Floor
700109,Renovated
700110,Terrace
700111,Terrace
700112,Terrace
700114,Original Condition
700114,Terrace
700115,Terrace
700116,Terrace
700117,Terrace
700119,Terrace
700122,Terrace
700122,Roof Terrace
700124,Terrace
700124,Roof Terrace
700125,Terrace
700125,Corner Unit
700126,Renovated
700126,Ground Floor
700128,Terrace
700129,Renovated
700130,Terrace
700131,Terrace
700132,Terrace
700135,Terrace
700136,Terrace
700137,Terrace
700138,Terrace
700139,Terrace
700141,Terrace
700142,Terrace
700145,Terrace
700147,Terrace
700148,Terrace
700149,Balcony
700150,Terrace
700151,Terrace
700152,Terrace
700155,Balcony
700156,Terrace
700157,Terrace
700160,Terrace
700161,Terrace
700162,Terrace
700165,Terrace
700165,Roof Terrace
700167,Renovated
700169,Roof Terrace
700171,Renovated
700172,Renovated
700174,City View
700177,Private Pool
700177,Garage
700178,Terrace
700179,Terrace
700180,Terrace
700181,Terrace
700182,Garage
700182,Ground Floor
700182,Terrace
700182,Balcony
700183,Terrace
700183,Jacuzzi
700184,Corner Unit
700184,Terrace
700185,Terrace
700185,Roof Terrace
700187,Jacuzzi
700189,Terrace
700190,Renovated
700190,Private Garden
700191,Terrace
700192,Terrace
700192,Renovated
700195,Renovated
700197,Terrace
700198,Terrace
700198,Jacuzzi
700198,Renovated
700199,Terrace
700200,Terrace
700200,Balcony
700201,Roof Terrace
700201,Jacuzzi
700202,Renovated
700203,Renovated
700205,Terrace
700205,Renovated
700205,Ground Floor
700207,Terrace
700208,Roof Terrace
700208,Terrace
700209,Renovated
700209,Terrace
700209,Private Garden
700209,Balcony
700210,Terrace
700211,Terrace
700211,Jacuzzi
700211,Renovated
700216,Terrace
700217,Terrace
700218,Terrace
700219,Renovated
700222,Roof Terrace
700223,Balcony
700223,Terrace
700225,Terrace
700226,Private Pool
700226,Terrace
700227,Terrace
700230,Terrace
700231,Terrace
700233,Terrace
700234,Renovated
700234,Terrace
700236,Jacuzzi
700237,Terrace
700237,Renovated
700238,Terrace
700239,Ground Floor
700240,Terrace
700241,Renovated
700243,Terrace
700244,Terrace
700246,Terrace
700247,Terrace
700249,Terrace
700250,Private Pool
700251,Original Condition
700251,Ground Floor
700251,Balcony
700252,Terrace
700255,Balcony
700255,Renovated
700256,Private Garden
700256,Balcony
700257,Terrace
700258,Terrace
700258,Balcony
700259,Original Condition
700260,Renovated
700260,Garage
700260,Outdoor Patio
700260,Jacuzzi
700261,Terrace
700262,Renovated
700262,Terrace
700263,Renovated
700264,Terrace
700265,Terrace
700266,Corner Unit
700266,Balcony
700267,Terrace
700268,Terrace
700271,Terrace
700272,Terrace
700273,Terrace
700276,Renovated
700276,Terrace
700276,Balcony
700276,Roof Terrace
700277,Roof Terrace
700280,Terrace
700280,Renovated
700282,Balcony
700284,Balcony
700285,Terrace
700285,Ground Floor
700286,Terrace
700286,Renovated
700287,Terrace
700288,Terrace
700289,Terrace
700289,Balcony
700289,Garage
700291,Terrace
700291,Roof Terrace
700292,Terrace
700293,Roof Terrace
700294,Renovated
700295,Renovated
700295,Terrace
700296,Terrace
700298,Roof Terrace
700299,Balcony
700300,Terrace
700302,Terrace
700306,Terrace
700307,Terrace
700307,Ground Floor
700309,Jacuzzi
700309,Bathtub
700310,Renovated
700310,Terrace
700312,Terrace
700312,Jacuzzi
700314,Terrace
700315,Terrace
700316,Jacuzzi
700317,Jacuzzi
700317,City View
700317,Roof Terrace
700318,Renovated
700318,Ground Floor
700320,Terrace
700320,Renovated
700321,Terrace
700322,Renovated
700322,Terrace
700324,Terrace
700325,Terrace
700326,Renovated
700326,Terrace
700327,Ground Floor
700328,Renovated
700328,Terrace
700329,Terrace
700329,Jacuzzi
700331,Terrace
700332,Corner Unit
700332,Renovated
700332,Terrace
700333,Terrace
700335,Jacuzzi
700336,Terrace
700337,Ground Floor
700339,Terrace
700339,Balcony
700340,Private Garden
700340,Renovated
700340,Jacuzzi
700342,Roof Terrace
700342,Ground Floor
700343,Renovated
700343,City View
700343,Balcony
700343,Terrace
700344,Terrace
700344,Balcony
700347,Terrace
700348,Terrace
700349,Terrace
700350,Penthouse
700351,Ground Floor
700352,Terrace
700352,Renovated
700353,Terrace
700353,Roof Terrace
700354,Terrace
700355,Jacuzzi
700355,Outdoor Patio
700355,Balcony
700357,Balcony
700357,City View
700358,Terrace
700359,Terrace
700359,Renovated
700360,Renovated
700360,Ground Floor
700360,Roof Terrace
700361,Terrace
700362,Renovated
700362,Terrace
700365,Terrace
700366,Renovated
700366,Balcony
700367,Balcony
700369,Balcony
700370,Terrace
700371,Balcony
700371,Roof Terrace
700372,Terrace
700373,Roof Terrace
700375,Renovated
700376,Renovated
700377,Terrace
700377,Renovated
700378,Renovated
700378,Terrace
700383,Private Pool
700385,Renovated
700387,Terrace
700392,Terrace
700392,Corner Unit
700392,Original Condition
700393,Roof Terrace
700394,Terrace
700394,Private Garden
700394,Roof Terrace
700395,Renovated
700396,Renovated
700398,Terrace
700399,Penthouse
700400,Terrace
700401,Terrace
700402,Terrace
700403,Terrace
700405,Private Pool
700405,Terrace
700406,Roof Terrace
700406,Private Pool
700407,Terrace
700407,Roof Terrace
700408,Terrace
700409,Terrace
700409,Bathtub
700409,Roof Terrace
700410,Terrace
700411,Terrace
700412,Terrace
700413,Terrace
700413,Renovated
700413,Balcony
700414,Balcony
700414,Roof Terrace
700415,Original Condition
700415,Terrace
700416,Terrace
700418,Terrace
700419,Renovated
700421,Terrace
700421,Balcony
700423,Terrace
700427,City View
700430,Ground Floor
700434,Terrace
700438,Ground Floor
700438,Terrace
700439,Ground Floor
700440,Terrace
700440,Balcony
700442,Balcony
700446,Terrace
700446,Roof Terrace
700447,Terrace
700447,Roof Terrace
700448,Renovated
700449,Roof Terrace
700449,Terrace
700451,Roof Terrace
700452,Terrace
700453,Ground Floor
700454,Renovated
700455,Terrace
700455,Roof Terrace
700456,Terrace
700457,Renovated
700457,Terrace
700458,Terrace
700459,Renovated
700459,Terrace
700460,Ground Floor
700461,Terrace
700461,Ground Floor
700462,Terrace
700462,Ground Floor
700463,Terrace
700464,Terrace
700465,Terrace
700466,Terrace
700467,Terrace
700470,Terrace
700471,Terrace
700472,Terrace
700473,Terrace
700474,Balcony
700474,Roof Terrace
700474,Terrace
700475,Terrace
700475,Renovated
700476,Roof Terrace
700476,Swimming Pool View
700476,Terrace
700477,Terrace
700478,Terrace
700478,Private Garden
700478,Ground Floor
700480,Terrace
700481,Terrace
700482,Balcony
700482,Terrace
700483,Renovated
700485,Renovated
700485,Ground Floor
700487,Roof Terrace
700488,Ground Floor
700489,Renovated
700491,Private Pool
700491,Renovated
700491,Jacuzzi
700491,Roof Terrace
700492,Terrace
700493,Renovated
700496,Terrace
700498,Terrace
700498,Bombshelter
700498,Roof Terrace
700499,Terrace
700505,Renovated
700505,Ground Floor
700505,Jacuzzi
700506,Renovated
700507,Outdoor Patio
700508,Outdoor Patio
700509,Ground Floor
700510,Renovated
700511,Renovated
700512,Renovated
700514,Terrace
700515,Terrace
700516,Terrace
700516,Renovated
700517,Terrace
700520,Bathtub
700524,Renovated
700525,Ground Floor
700525,Terrace
700525,Jacuzzi
700526,Jacuzzi
700528,Renovated
700531,Jacuzzi
700531,Roof Terrace
700532,Renovated
700532,Garage
700536,Renovated
700537,Private Pool
700538,Roof Terrace
700539,Jacuzzi
700539,Terrace
700539,Bathtub
700543,Terrace
700544,Balcony
700546,Balcony
700548,Private Pool
700549,Renovated
700550,Renovated
700551,Renovated
700552,Terrace
700552,Balcony
700555,Terrace
700555,Renovated
700556,Renovated
700558,Renovated
700559,Roof Terrace
700561,Renovated
700561,Private Garden
700570,Renovated
700571,Terrace
700571,Renovated
700573,Renovated
700575,Renovated
700578,Terrace
700578,Roof Terrace
700580,Terrace
700581,Renovated
700582,Ground Floor
700582,Terrace
700582,Jacuzzi
700582,Balcony
700584,Terrace
700584,Ground Floor
700586,Renovated
700587,Terrace
700587,Balcony
700588,Private Garden
700588,Jacuzzi
700589,Terrace
700591,Private Garden
700593,Outdoor Patio
700594,Renovated
700601,Renovated
700603,Renovated
700603,Terrace
700603,Roof Terrace
700605,Roof Terrace
700605,Outdoor Patio
700607,Renovated
700608,Walk-in-wardrobe
700610,Terrace
700612,Terrace
700612,Renovated
700614,Private Pool
700615,Renovated
700617,Private Pool
700617,Roof Terrace
700619,Ground Floor
700619,Roof Terrace
700620,Ground Floor
700622,Terrace
700622,Private Pool
700625,Jacuzzi
700625,Roof Terrace
700628,Renovated
700629,Jacuzzi
700631,Renovated
700631,Balcony
700632,Terrace
700633,Renovated
700635,Terrace
700635,Roof Terrace
700636,Terrace
700637,Terrace
700639,Renovated
700639,Ground Floor
700639,Outdoor Patio
700639,Balcony
700641,Roof Terrace
700642,Terrace
700643,Renovated
700644,Renovated
700645,Renovated
700647,Renovated
700648,Renovated
700648,Terrace
700649,Terrace
700650,Renovated
700650,Private Pool
700650,Outdoor Patio
700652,Renovated
700654,Terrace
700654,Roof Terrace
700660,Ground Floor
700661,Renovated
700664,Ground Floor
700665,Terrace
700666,Terrace
700666,Renovated
700666,Ground Floor
700667,Renovated
700669,Ground Floor
700670,Roof Terrace
700672,Private Pool
700677,Renovated
700678,Terrace
700678,Renovated
700679,Jacuzzi
700682,Jacuzzi
700685,Terrace
700685,Ground Floor
700685,Renovated
700687,Terrace
700689,Renovated
700692,Jacuzzi
700693,Renovated
700694,Ground Floor
700695,Outdoor Patio
700695,Jacuzzi
700697,Terrace
700699,Renovated
700699,Garage
700700,Roof Terrace
700701,Terrace
700702,Renovated
700704,Renovated
700705,Renovated
700706,Renovated
700706,Private Pool
700711,Ground Floor
700712,Renovated
700713,Terrace
700714,Renovated
700714,Terrace
700714,Balcony
700717,Renovated
700717,Jacuzzi
700721,Terrace
700722,Renovated
700725,Roof Terrace
700725,Renovated
700728,Terrace
700729,Terrace
700731,Private Pool
700732,Terrace
700733,Renovated
700734,Terrace
700735,Balcony
700736,Balcony
700739,Terrace
700740,Ground Floor
700741,Ground Floor
700742,Ground Floor
700743,Ground Floor
700744,Ground Floor
700746,Balcony
700747,Renovated
700749,Corner Unit
700750,Garage
700753,Renovated
700754,Ground Floor
700755,Renovated
700756,Ground Floor
700758,Air-conditioning
700759,Renovated
700761,Balcony
700761,Roof Terrace
700763,Private Garden
700763,Private Pool
700764,Balcony
700772,Roof Terrace
700772,Balcony
700778,Roof Terrace
700778,Terrace
700779,Renovated
700779,Private Pool
700780,Renovated
700782,Private Pool
700783,Private Pool
700784,Terrace
700787,Terrace
700789,Renovated
700789,Balcony
700791,Balcony
700797,Terrace
700797,Outdoor Patio
700798,Roof Terrace
700800,Renovated
700802,Terrace
700802,Renovated
700803,Bombshelter
700803,Roof Terrace
700803,Renovated
700806,Terrace
700807,Terrace
700808,Jacuzzi
700809,Outdoor Patio
700810,Jacuzzi
700811,Terrace
700812,Jacuzzi
700812,Ground Floor
700812,Terrace
700814,Renovated
700815,Renovated
700816,Outdoor Patio
700817,Roof Terrace
700820,Renovated
700820,Terrace
700821,Renovated
700821,Private Garden
700823,Outdoor Patio
700824,Ground Floor
700824,Balcony
700824,Roof Terrace
700825,Ground Floor
700825,Outdoor Patio
700826,Balcony
700826,Corner Unit
700831,Jacuzzi
700832,Terrace
700832,Jacuzzi
700832,Renovated
700836,Renovated
700837,Roof Terrace
700838,Renovated
700839,Terrace
700839,Renovated
700839,Balcony
700839,Corner Unit
700840,Roof Terrace
700841,Terrace
700841,Balcony
700841,Roof Terrace
700841,Renovated
700842,Renovated
700844,Renovated
700848,Garage
700849,Terrace
700849,Renovated
700850,Terrace
700852,Jacuzzi
700852,Terrace
700853,Ground Floor
700855,Ground Floor
700856,Terrace
700856,Balcony
700857,Terrace
700859,Renovated
700860,Renovated
700860,Private Pool
700860,Outdoor Patio
700861,Renovated
700864,Private Pool
700864,Private Garden
700868,Private Pool
700868,Air-conditioning
700868,Balcony
700868,Bathtub
700870,Renovated
700873,Terrace
700876,Private Garden
700878,Jacuzzi
700879,Bathtub
700879,Roof Terrace
700880,Terrace
700881,Ground Floor
700882,Roof Terrace
700882,Balcony
700885,Terrace
700885,Roof Terrace
700886,Private Pool
700887,Private Garden
700887,Maidsroom
700889,Balcony
700890,Renovated
700894,Private Garden
700896,Terrace
700899,Renovated
700899,Roof Terrace
700903,Renovated
700906,Air-conditioning
700908,Corner Unit
700908,Terrace
700908,Roof Terrace
700910,Terrace
700911,Terrace
700912,Roof Terrace
700914,Terrace
700918,Renovated
700918,Jacuzzi
700920,Outdoor Patio
700926,Renovated
700927,Terrace
700929,Terrace
700930,Renovated
700931,Balcony
700939,Renovated
700940,Terrace
700941,Renovated
700941,Terrace
700941,Bathtub
700941,Balcony
700943,Terrace
700943,Ground Floor
700944,Renovated
700947,Terrace
700949,Terrace
700950,Terrace
700953,Terrace
700954,Jacuzzi
700956,Roof Terrace
700958,Terrace
700959,Renovated
700959,Terrace
700959,Balcony
700960,Renovated
700960,Terrace
700960,Balcony
700960,Bathtub
700961,Renovated
700961,Garage
700965,Balcony
700966,Roof Terrace
700968,Jacuzzi
700968,Roof Terrace
700969,Renovated
700970,Maidsroom
700971,Terrace
700972,Renovated
700975,Terrace
700975,Balcony
700976,Terrace
700978,Renovated
700978,Terrace
700979,Renovated
700981,Jacuzzi
700981,Renovated
700982,Terrace
700983,Terrace
700984,Terrace
700985,Renovated
700986,Terrace
700989,Renovated
700990,Roof Terrace
700992,Renovated
700992,Terrace
700992,Ground Floor
700994,Renovated
700994,Outdoor Patio
700996,Terrace
700997,Terrace
700997,Roof Terrace
700998,Renovated
700998,Balcony
700999,Air-conditioning
