400002,1 Lorong 24 Geylang 398614
400003,1 Moulmein Rise 308143
400004,10 Shelford Road 288353
400005,11 Amber Road 439857
400006,123 Langsat Road 426775
400007,16 Amber Road 439866
400008,2 River Valley Grove 238405
400009,21 Richards Avenue 546430
400009,  546427
400010,28 Race Course Lane 218746
400011,283 River Valley Road 238324
400012,295 Lorong Chuan 556780
400013,3 Sandilands Road 546066
400014,336 River Valley Road 238366
400015,38 Draycott Drive 259428
400016,381 Pasir Panjang Road 118713
400017,52 Stevens Road 257848
400018,7 Chapel Road 429510
400019,70 Truro Rd 217618
400020,00 Jalan Wangi 349300
400021,76 Shenton Way 079119
400022,8 Eden Grove 539060
400023,8 Sing Joo Walk 217820
400024,8 Nassim Hill 258484
400025,803D Keat Hong Close
400026,805D Keat Hong Close
400027,833 Mountbatten Road 437826
400028,2A Ardmore Park 259948
400029,530 Bukit Batok Street 23 659548
400030,5 Lorong 15 Geylang 388598
400031,7 Adam Road 289885
400032,5C Adam Road 289883
400032,5B Adam Road 289882
400032,5D Adam Road 289884
400033,8 Lorong 25A Geylang 388222
400035,2 St Thomas Walk 238097
400035,10 St Thomas Walk 238102
400036,31 Alexandra Road 159967
400037,0 Alexandra View 158000
400037,28 Alexandra View 158744
400037,  248710
400037,19 Alexandra View 158744
400038,50 Amber Road 439888
400040,207 Moulmein Road 308099
400042,12 Angullia Park 239972
400043,  249690
400044,15 Meyappa Chettiar Road 358458
400046,71 Sinaran Drive 308323
400047,581A Upper Changi Road 486993
400047,587 Upper Changi Road 486998
400047,587A Upper Changi Road 486999
400047,589 Upper Changi Road 487000
400047,589A Upper Changi Road 487001
400047,591A Upper Changi Road 487003
400047,595 Upper Changi Road 487006
400047,597 Upper Changi Road 487008
400047,601 Upper Changi Road 487013
400047,603 Upper Changi Road 487015
400047,603A Upper Changi Road 487016
400047,607A Upper Changi Road 487020
400047,611 Upper Changi Road 487023
400047,613 Upper Changi Road 487025
400047,615A Upper Changi Road 487028
400047,617A Upper Changi Road 487030
400047,1 Sunbird Road 487126
400047,6 Sunbird Road 487131
400047,10 Sunbird Road 487135
400047,20 Sunbird Road 487145
400047,22 Sunbird Road 487147
400047,4 Sunbird Circle 487256
400047,6 Sunbird Circle 487257
400047,36 Sunbird Circle 487276
400047,44 Sunbird Circle 487282
400047,49 Sunbird Circle 487287
400047,55 Sunbird Circle 487292
400047,61 Sunbird Circle 487295
400047,69 Sunbird Circle 487299
400047,94 Sunbird Circle 487303
400047,102 Sunbird Circle 487307
400047,108 Sunbird Circle 487310
400047,15 Sunbird Avenue 487336
400047,23 Sunbird Avenue 487340
400047,25 Sunbird Avenue 487341
400047,31 Sunbird Avenue 487344
400047,37 Sunbird Avenue 487347
400047,585 Upper Changi Road 486996
400047,583A Upper Changi Road 486995
400047,18 Sunbird Road 487143
400047,96 Sunbird Circle 487304
400047,593 Upper Changi Road 487004
400047,585A Upper Changi Road 486997
400047,30 Sunbird Circle 487269
400048,91 Upper East Coast Road 455225
400049,25 Lorong Bandang 426341
400050,118 Arthur Road 439827
400051,456 Balestier Road 329832
400052,1 Alexandra View 158748
400052,3 Alexandra View 158749
400053,7 - 11 Asimont Lane 309946
400053,9 Asimont Lane 309948
400053,11 Asimont Lane 309950
400053,1B Asimont Lane 307407
400054,56 Lorong 8 Geylang 399116
400055,3 Lorong 42 Geylang 398026
400055,5 Lorong 42 Geylang 398027
400055,7 Lorong 42 Geylang 398028
400057,6A Cairnhill Rise 229742
400057,6 Cairnhill Rise 229741
400058,25 Lorong 29 Geylang 388074
400059,1 Lorong 28 Geylang 398406
400059,3 Lorong 28 Geylang 398408
400059,5 Lorong 28 Geylang 398410
400059,7 Lorong 28 Geylang 398412
400059,9 Lorong 28 Geylang 398414
400059,11 Lorong 28 Geylang 398416
400059,15 Lorong 28 Geylang 398419
400059,528 Geylang Road 389484
400060,10 Ava Road 329949
400062,59 East Coast Terrace 458950
400063,400 Balestier Road 329802
400064,279 Balestier Road 329727
400065,4 Jalan Ampas 329505
400066,1 Balmoral Crescent 259882
400066,2 Balmoral Crescent 259884
400066,  259883
400067,8 Balmoral Crescent 259928
400068,23 Balmoral Road 259806
400068,25 Balmoral Road 259807
400069,8 Geylong Lor 35 387940
400070,1 Lorong How Sun 536558
400070,1A Lorong How Sun 536559
400070,3 Lorong How Sun 536560
400070,3A Lorong How Sun 536561
400070,5 Lorong How Sun 536562
400070,5A Lorong How Sun 536563
400070,7 Lorong How Sun 536564
400070,7A Lorong How Sun 536565
400070,191 Bartley Road 539785
400070,6 Lorong How Sun 536500
400071,8 Mar Thoma Road 328689
400072,3 Sommerville Road 358227
400073,46 Ceylon Road 429634
400073,0 Ceylon Road 420000
400074,115 Koon Seng Road 427048
400075,11 Lorong N Telok Kurau 425141
400076,80K Lorong J Telok Kurau 425891
400076,82H Lorong J Telok Kurau 425901
400076,3 Lorong J Telok Kurau 098368
400076,5 Lorong J Telok Kurau 098369
400078,1 Bishopsgate 247676
400079,80 Sing Avenue 217920
400079,  217882
400080,17 Jalan Masjid 418942
400081,4 Simon Lane 546054
400081,2B Simon Lane 546019
400081,2 Simon Lane 546053
400081,6 Simon Lane 546055
400081,6B Simon Lane 546057
400081,6A Simon Lane 546056
400081,2A Simon Lane 546018
400082,195B Jalan Loyang Besar 506961
400082,195A Jalan Loyang Besar 506962
400082,195 Jalan Loyang Besar 509439
400083,42 Boon Teck Road 329609
400084,46 Boon Teck Road 329610
400085,2 Taman Serasi 257718
400085,10 Taman Serasi 257721
400085,18 Taman Serasi 257722
400086,1 Taman Serasi 257717
400086,9 Taman Serasi 257720
400086,19 Taman Serasi 257723
400086,27 Taman Serasi 257724
400087,2 Lermit Road 258634
400087,4 Lermit Road 258636
400088,50 Holland Road 258853
400089,10 Lorong 19 Geylang 388492
400089,12 Lorong 19 Geylang 388493
400090,10 Braddell Hill 579726
400090,10A Braddell Hill 579720
400090,10B Braddell Hill 579721
400090,10C Braddell Hill 579722
400090,10D Braddell Hill 579723
400090,10E Braddell Hill 579724
400090,10F Braddell Hill 579725
400090,10H Braddell Hill 579727
400090,10J Braddell Hill 579728
400090,10K Braddell Hill 579729
400090,10L Braddell Hill 579730
400090,10M Braddell Hill 579731
400090,10N Braddell Hill 579732
400090,10P Braddell Hill 579733
400090,10Q Braddell Hill 579734
400090,10R Braddell Hill 579735
400090,10G Braddell Hill 579726
400090,10S Braddell Hill 579736
400091,316 Upper East Coast Road 465520
400091,318 Upper East Coast Road 465521
400091,328 Upper East Coast Road 465522
400091,326 Upper East Coast Road 465523
400091,322 Upper East Coast Road 465884
400091,320 Upper East Coast Road 466452
400091,324 Upper East Coast Road 466455
400092,18 Buckley Road 309776
400093,6 Buckley Road 309762
400094,175 Bencoolen Street 189649
400094,175A Bencoolen Street 189650
400094,175B Bencoolen Street 189651
400095,33 Butterworth Lane 439442
400096,21 Butterworth Lane 439431
400097,199 Telok Kurau Road 423833
400098,36 Jalan Datoh 329422
400099,69 Cairnhill Road 229675
400100,53 Cairnhill Road 229664
400100,55 Cairnhill Road 229666
400101,31 Cairnhill Circle 229774
400101,33 Cairnhill Circle 229775
400102,31 Kim Keat Lane 328882
400103,30 Lorong 33 Geylang 387987
400104,19 Lor N Telok Kurau 425145
400105,28 Lim Tua Tow Road 547791
400106,75 Lorong 3 Geylang 388869
400108,35 Carlisle Road 219599
400108,37 Carlisle Road 219601
400109,41 Carlisle Road 219606
400110,39 Carlisle Road 219604
400111,38 Lorong 33 Geylang 387991
400112,9 Lorong 26 Geylang 398484
400114,21 Chiku Road 429433
400115,25 Meyappa Chettiar Road 358464
400116,17 Peck Hay Road 228313
400117,489 Dunman Road 439192
400118,343 Guillemard Road 399764
400119,133 Lorong K Telok Kurau 425770
400120,11 Cavan Road 209848
400121,151 Cavenagh Road 229628
400122,69 Cavenagh Road 229622
400122,71 Cavenagh Road 229623
400122,73 Cavenagh Road 229624
400123,100 Clemenceau Avenue North 229491
400124,81 Cavenagh Road 229626
400126,25 Lorong 25 Geylang 388302
400127,38 Geylang Lorong 25A 388242
400127,270A Sims Avenue 387514
400129,11 Everitt Road North 428524
400130,2M Jalan Remaja 668671
400131,94 Ceylon Road 429674
400132,107 Ceylon Road 429690
400134,23 Charlton Lane 539653
400134,23A Charlton Lane 539654
400134,23B Charlton Lane 539655
400135,114 Holland Road Singapore 278557
400136,51 Ewe Boon Road 259345
400137,2 Martaban Road 328626
400137,2A Martaban Road 328627
400138,46 Chuan Hoe Avenue 549846
400138,47 Chuan Hoe Avenue 549847
400138,48 Chuan Hoe Avenue 549848
400139,10 Kovan Road 548036
400140,18 St Thomas Walk 238106
400141,34 Craig Road 089673
400142,120 Arthur Road 439828
400143,780 Upper Serangoon Road 534649
400144,36 Lorong 31 Geylang 388034
400145,344 East Coast Road 428963
400145,358A East Coast Road 428975
400145,356A East Coast Road 428973
400146,168 Rangoon Road 218437
400147,18 Moulmein Rise 308133
400148,371 Beach Road 199597
400149,363 Race Course Road 218636
400151,18 Saint Michael's Road 327977
400152,30 Race Course Lane 218745
400154,21 Peck Hay Road 228314
400154,0 Peck Hay Road 220000
400156,6 Claymore Hill 229571
400157,48 Ewe Boon Road 259342
400158,78 Mergui Road 219054
400159,177 Jalan Loyang Besar 509432
400159,179 Jalan Loyang Besar 506926
400160,25 Jalan Datoh 329418
400161,5 Coronation Road 269406
400161,112A Coronation Road 269514
400162,235 Balestier Road 329699
400163,42 Lorong K Telok Kurau 425653
400164,20 Craig Road 089692
400164,  089678
400164,  089667
400166,17 Upper East Coast Road 455208
400166,21 Upper East Coast Road 455210
400166,27 Upper East Coast Road 455211
400166,23 Upper East Coast Road 455289
400166,25 Upper East Coast Road 455290
400166,33 Upper East Coast Road 455293
400166,35 Upper East Coast Road 455294
400166,31 Upper East Coast Road 455292
400167,456 River Valley Road 248342
400168,18 How Sun Close 538645
400169,75 Pasir Panjang Hill 118885
400170,8A Tanjong Rhu Road 436889
400171,79 Lorong K Telok Kurau 425708
400171,81 Lorong K Telok Kurau 425711
400172,2 Dunman Lane 439275
400173,83 Jalan Sendudok 769468
400174,23 Dalvey Estate 259555
400175,18 Evelyn Road 309307
400175,16 Evelyn Road 309305
400176,135 Haig Road 438789
400177,58 Joo Chiat Lane 428109
400178,15 Jalan Masjid 418936
400179,43 Lengkong Empat 417659
400180,23 Minbu Road 308172
400181,23 Minbu Road 308172
400182,801 Upper Serangoon Road 534671
400182,803 Upper Serangoon Road 534163
400183,22 Jalan Tenggiri 428268
400185,39A Daisy Road 359452
400185,37A Daisy Road 359451
400185,39B Daisy Road 359452
400185,41A Daisy Road 359453
400185,35A Daisy Road 359450
400186,35 Daisy Road Singapore 359455
400187,1 Butterworth Lane 439444
400188,6A Tanjong Rhu Road 436884
400189,104 Holland Road 278547
400191,21 Derbyshire Road 309467
400192,12 Devonshire Road 239847
400193,17 Devonshire Road 239849
400194,"20 Devonshire Road, 239850"
400195,99 - 101 Dorset Road 219494
400195,99C Dorset Road 219493
400196,40 Dublin Road 239819
400196,32 Dublin Road 239815
400196,28 Dublin Road 239813
400197,22 Duchess Avenue 269093
400198,408 Dunearn Road 289674
400201,28 Braddell Road 359966
400201,32 Braddell Road 359967
400201,30 Braddell Road 359946
400202,135 Lorong K Telok Kurau 425774
400203,66 Lorong Melayu 416953
400204,10 Lorong 25A Geylang 388224
400205,615 East Coast Road 429085
400205,616 East Coast Road 429086
400205,617 East Coast Road 429087
400205,615A East Coast Road 429085
400206,190 Joo Chiat Terrace 427336
400207,19 Sea Avenue 424239
400207,21 Sea Avenue 424268
400208,57 Lorong Melayu 417026
400209,10 Brooke Road 429986
400210,18 Rambutan Road 424302
400210,  424330
400210,  424280
400210,  424281
400211,302 Joo Chiat Place 427982
400211,285 Joo Chiat Place 427966
400212,4 Carpmael Road 429753
400213,20 Eastwood Road 486442
400214,36 Eastwood Road 486137
400215,10 Martaban Road 328668
400216,Eden
400217,11 Lorong 24 Geylang 398623
400218,21 Lorong 28 Geylang 398425
400219,00 Hoot Kiam Road 249000
400219,30 Hoot Kiam Road 249409
400219,30A Hoot Kiam Road 249410
400219,32 Hoot Kiam Road 249411
400219,32A Hoot Kiam Road 249412
400219,34 Hoot Kiam Road 249413
400219,34A Hoot Kiam Road 249414
400219,36 Hoot Kiam Road 249415
400219,36A Hoot Kiam Road 249416
400220,11 Kee Seng Street 089218
400221,15 - 17D Robin Road 258198
400222,8D Tanjong Rhu Road 436892
400222,8L Tanjong Rhu Road 436893
400223,00 Emerald Hill Road 229999
400223,74 Emerald Hill Road 229350
400223,41 Emerald Hill Road 229317
400223,94 Emerald Hill Road 229370
400223,77 Emerald Hill Road 229353
400223,6 Emerald Hill Road 229290
400223,45 Emerald Hill Road 229321
400223,50 Emerald Hill Road 229326
400223,66 Emerald Hill Road 229342
400223,63 Emerald Hill Road 229339
400223,65 Emerald Hill Road 229341
400223,140 Emerald Hill Road 229417
400223,  229011
400224,3 Mount Emily Road 228485
400225,25 Lorong 25A Geylang 388230
400226,304 - 304C Thomson Road
400226,306 - 306C Thomson Road
400226,308 - 308C Thomson Road
400226,310 - 310C Thomson Road
400226,312 - 312C Thomson Road
400226,314 - 314C Thomson Road
400226,316 - 316C Thomson Road
400226,318 - 318C Thomson Road
400226,320 - 320C Thomson Road
400226,322 - 322C Thomson Road
400227,17 Eng Hoon Street 169767
400228,48 Meyer Road 437872
400228,52 Meyer Road 437875
400229,12 Dyson Road 309371
400230,80 Lorong K Telok Kurau 425710
400231,51 Lorong G Telok Kurau 426234
400231,59 Lorong G Telok Kurau 426244
400231,61 Lorong G Telok Kurau 426327
400232,71 Wilkie Road 228071
400232,73 Wilkie Road 228073
400233,3 Rose Lane 437361
400234,20A Sims Avenue East 416537
400235,1037 Serangoon Road 328170
400236,3 River Valley Close 238429
400236,5 River Valley Close 238430
400236,7 River Valley Close 238431
400237,96 Joo Chiat Terrace 427253
400238,389 Upper Paya Lebar Road 534979
400238,391 Upper Paya Lebar Road 534981
400239,20 Evelyn Road 309309
400240,685 Geylang Road 389686
400241,31 Hougang Avenue 7 538800
400241,33 Hougang Avenue 7 538801
400241,35 Hougang Avenue 7 538802
400241,37 Hougang Avenue 7 538803
400242,7 Lorong 27 Geylang 388159
400243,112C Faber Drive 129425
400243,  129415
400244,130 Sophia Road 228185
400245,14 Scotts Road 228213
400246,7 Jalan Wakaff 428234
400246,3 Jalan Wakaff 428233
400247,39 Lorong 30 Geylang 398373
400249,61 Fernhill Road 259118
400249,17 Fernhill Crescent 259171
400249,  259180
400249,  259181
400250,39 Fernhill Road 259099
400251,144 Joo Chiat Terrace 427288
400252,10 Jalan Daliah 438517
400253,59 Lorong H Telok Kurau 426068
400254,1 Ang Mo Kio Street 66 567705
400254,3 Ang Mo Kio Street 66 567706
400254,5 Ang Mo Kio Street 66 567707
400255,2 Cactus Road 809578
400257,2 Tanjong Rhu Road 436880
400257,2 Tanjong Rhu Road 436879
400258,39 Jalan Rajah 329147
400259,501 Dunman Road 439193
400260,2 Mount Elizabeth Link 227973
400260,  248324
400261,22 Lorong 35 Geylang 387951
400262,30 Onan Road 424482
400262,32 Onan Road 424484
400263,8 Pulasan Road 424376
400263,10 Pulasan Road 424378
400264,6 Gallop Road 258961
400264,6A Gallop Road 259010
400264,6B Gallop Road 259011
400265,60 Kim Yam Road 239361
400265,62 Kim Yam Road 239363
400265,64 Kim Yam Road 239365
400265,66 Kim Yam Road 239381
400266,25 Orange Grove Road 258351
400267,25 Lorong M Telok Kurau 425310
400268,67 Jalan Tua Kong 457263
400269,2 Lorong 26 398478
400270,35 Rosyth Road 546195
400271,38 Gilstead Road 309082
400271,  309107
400272,2 Gilstead Road 309061
400273,27 Ewe Boon Road 259330
400274,1 Lorong N Telok Kurau 425120
400275,291 Joo Chiat Place 427972
400276,100 Lorong M Telok Kurau 425403
400277,139 Lorong K Telok Kurau 425777
400278,126 Serangoon Avenue 3 556126
400278,  589329
400278,  589331
400280,38 Goldhill Avenue 309021
400280,40 Goldhill Avenue 309023
400280,42 Goldhill Avenue 309025
400280,44 Goldhill Avenue 309027
400281,6 Lorong 8 Geylang 399077
400282,79 - 87 Upper East Coast Road 455219
400282,85A Upper East Coast Road 455222
400283,355 Balestier Road 329782
400284,4 Balmoral Crescent 259889
400285,16 Balmoral Road 259802
400285,28 Balmoral Road 259824
400285,20 Balmoral Road 259824
400285,30 Balmoral Road 257489
400285,32 Balmoral Road 257490	
400285,18 Balmoral Road 259823
400285,22 Balmoral Road 259825
400285,26 Balmoral Road 259827
400286,13 Mattar Road 387721
400287,23 Jalan Rendang 428354
400287,25 Jalan Rendang 428356
400287,27 Jalan Rendang 428358
400287,29 Jalan Rendang 428359
400287,31 Jalan Rendang 428360
400287,33 Jalan Rendang 428361
400287,23/25/25A ETC Jalan Rendang 423854
400287,35A Jalan Rendang 428362
400287,37 Jalan Rendang 428363
400289,54 Lorong G Telok Kurau 426237
400290,54 Lorong G Telok Kurau 426237
400291,15 Saint Thomas Walk 238143
400291,19 Saint Thomas Walk 238144
400291,21 Saint Thomas Walk 238145
400292,10 Gray Lane 438941
400292,10A Gray Lane 438942
400292,10B Gray Lane 438943
400295,3B Green Lane 438898
400296,8 Lorong 37 Geylang 387906
400297,30 Lorong 26 Geylang 398497
400298,45A Lorong 28 Geylang 398449
400299,213 Guillemard Road 399733
400300,329A Guillemard Road 399850
400301,185 Haig Road 438782
400302,2 Haig Avenue 438840
400303,139 Haig Road 438768
400304,1 Haigsville Drive 438719
400306,1 Happy Avenue North 369736
400306,1A Happy Avenue North 369737
400306,5B Happy Avenue North 369746
400306,5C Happy Avenue North 369747
400306,7 Happy Avenue North 369752
400306,9 Happy Avenue North 369757
400306,9C Happy Avenue North 369760
400306,  369845
400307,221 Pasir Panjang Road 118574
400307,223 Pasir Panjang Road 118584
400307,221A Pasir Panjang Road 118582
400308,66 Telok Blangah Road 098830
400308,68 Telok Blangah Road 098865
400309,1A Lim Ah Pin Road 547810
400309,  534768
400310,550 Havelock Road 169638
400311,73 Lorong K Telok Kurau 425692
400312,15 Cairnhill Circle 229815
400312,17 Cairnhill Circle 229816
400313,451 East Coast Road 429024
400313,453 East Coast Road 429026
400314,21 Tan Quee Lan Street 188108
400315,101 Lorong L Telok Kurau 425537
400316,40 Hertford Road 219408
400317,18 - 20B Hertford Road 219380
400317,21B Bristol Road 219847
400317,23A Bristol Road 219848
400318,30 Mount Elizabeth 228519
400320,22 Yio Chu Kang Road 545535
400321,63 Cavenagh Road 229618
400321,27 Cavenagh Road 229600
400324,46 Goldhill Avenue 309029
400326,124 Hillview Avenue 669611
400326,126 Hillview Avenue 669612
400326,128 Hillview Avenue 669595
400327,71 Hillview Avenue 669570
400328,55 Jalan Dermawan
400328,00 Jalan Dermawan
400329,27 Foch Road 209264
400330,1 Wilkie Terrace 228022
400331,100 Holland Road 278543
400331,  278630
400332,144 Holland Road 278576
400333,5 Holland Hill 278742
400334,67 Holland Road 258867
400334,69 Holland Road 258868
400335,91 Holland Road 258536
400335,91 Holland Road 278536
400335,93 Holland Road 278537
400336,3 Holland Park 249473
400337,100 - 100D Oxley Rise 238701
400337,102 - 102D Oxley Rise 238702
400337,104 - 104D Oxley Rise 238703
400337,106 - 106D Oxley Rise 238704
400337,108 - 108D Oxley Rise 238705
400337,110 - 110D Oxley Rise 238706
400337,112 - 112D Oxley Rise 238707
400337,114 - 114D Oxley Rise 238708
400338,4 Lorong M Telok Kurau 425283
400339,33 Sembawang Road 779084
400340,54 Sembawang Road 779085
400340,56 Sembawang Road 779086
400340,58 Sembawang Road 779087
400340,60 Sembawang Road 779088
400341,341 Bukit Timah Road 259719
400344,63 Paya Lebar Crescent 536139
400345,75 Lengkong Empat 417654
400346,8 Hullet Road 229160
400346,  229162
400348,218 Pasir Panjang Road 118579
400349,74 Grange Road 249578
400350,65 Devonshire Road 239900
400351,16 Ipoh Lane 438620
400355,99 Marshall Road 424894
400356,99 Marshall Road 424894
400358,563 East Coast Road 429079
400358,565A East Coast Road 429080
400358,565C East Coast Road 429080
400359,34 Draycott Drive 259426
400360,10 - 10F Lorong J Telok Kurau 423469
400361,22 - 24B Robin Road 258201
400361,24 Robin Road 258202
400362,1 Lew Lian Vale 537016
400362,3 Lew Lian Vale 537017
400362,5 Lew Lian Vale 537018
400362,7 Lew Lian Vale 537019
400362,9 Lew Lian Vale 537020
400363,101 Kitchener Road 208511
400363,  208882
400364,28 Jansen Road 548431
400365,12A Jansen Road 548461
400366,431 Bukit Timah Road 259738
400367,3 Joo Chiat Lane 428129
400368,100 Jervois Road 249056
400369,21 Jervois Close 249114
400370,49 Jervois Road 249081
400371,21 Jervois Road 249004
400372,163 - 169 Telok Kurau Road 423816
400372,165A Telok Kurau Road 423818
400372,167 Telok Kurau Road 423820
400373,65 Wilkie Road 228068
400374,29 Jervois Road 249007
400375,0 Jalan Loyang Besar 500000
400375,169 Jalan Loyang Besar 509422
400376,485 - 495C Joo Chiat Road 427687
400376,293 Onan Road 424681
400376,295 Onan Road 424685
400376,487A JOO CHIAT ROAD 427688
400376,  427894
400376,  427677
400376,  427542
400377,264 Joo Chiat Road 427518
400377,272B Joo Chiat Road 427526
400377,274B Joo Chiat Road 427528
400378,185 Joo Chiat Place 427897
400378,156 Joo Chiat Terrace 427303
400378,185 Joo Chiat Place 427456
400378,  427797
400378,  427789
400378,  427904
400379,2 Sing Joo Walk 217811
400380,353 Pasir Panjang Road 118695
400381,32 Lorong K Telok Kurau 425641
400382,20 Kay Poh Road 248969
400383,28 Mangis Road 424965
400383,30 Mangis Road 424966
400383,34B Mangis Road 424969
400383,36A Mangis Road 424971
400384,306 Telok Kurau Road 423857
400384,308B Telok Kurau Road 423858
400384,310B Telok Kurau Road 423859
400384,312A Telok Kurau Road 423860
400384,314B Telok Kurau Road 423862
400384,316B Telok Kurau Road 423864
400384,318B Telok Kurau Road 423866
400384,320B Telok Kurau Road 423868
400384,322A Telok Kurau Road 423869
400385,357 East Coast Road 428974
400385,359B East Coast Road 428976
400385,361B East Coast Road 428977
400385,363B East Coast Road 428978
400385,367 East Coast Road 428980
400386,357 East Coast Road 428974
400386,359B East Coast Road 428976
400386,361B East Coast Road 428977
400386,363B East Coast Road 428978
400386,367 East Coast Road 428980
400387,3 Kellock Road 248899
400387,5 Kellock Road 248902
400388,5 Jalan Masjid 418924
400389,18 Jalan Masjid 418944
400390,108 Keng Lee Road 219268
400392,2 Jalan Lokam 537846
400393,33 Oxford Road 218816
400394,20 Oxford Road 218815
400396,33 Lorong Kilat 598132
400397,17 Lorong Kilat 598139
400398,11 Lorong 9 Geylang 388759
400399,60 Kim Keat Road 328827
400400,5 Kim Keat Road 328843
400401,1 Jalan Jintan 229001
400401,9 Jalan Jintan 229006
400401,19 Jalan Jintan 229012
400401,27 Jalan Jintan 229017
400401,  229027
400402,2 Lorong K Telok Kurau 425604
400402,4 Lorong K Telok Kurau 425606
400402,8C Lorong K Telok Kurau 425608
400402,10C Lorong K Telok Kurau 425609
400402,12C Lorong K Telok Kurau 425610
400403,559 Bukit Timah Road 269695
400404,27 Boon Teck Road 329599
400405,102C Lorong Kismis 598033
400405,110B Lorong Kismis 598039
400405,114C Lorong Kismis 598041
400405,4B Eng Kong Terrace 598976
400405,6 Eng Kong Terrace 598978
400405,8 Eng Kong Terrace 598980
400405,10A Eng Kong Terrace 598982
400405,14A Eng Kong Terrace 598986
400405,16B Eng Kong Terrace 598988
400406,7 Rosyth Road 546144
400407,117 - 119B Koon Seng Road 427049
400407,113B Koon Seng Road 427047
400407,118A/120B ETC Koon Seng Road 427050
400408,32 Kovan Road 548102
400410,30 Kovan Road 548086
400410,30A Kovan Road 548087
400410,30B Kovan Road 548088
400410,30C Kovan Road 548089
400410,30D Kovan Road 548090
400410,30E Kovan Road 548091
400410,30F Kovan Road 548092
400410,30G Kovan Road 548093
400410,30H Kovan Road 548094
400410,30J Kovan Road 548095
400410,30K Kovan Road 548096
400410,30L Kovan Road 548097
400410,30M Kovan Road 548098
400410,30N Kovan Road 548099
400410,30P Kovan Road 548100
400410,30Q Kovan Road 548101
400411,47 Kovan Road 548132
400412,12 Kovan Road 548045
400412,12A Kovan Road 548046
400413,89 Kovan Road 548177
400414,53 Kovan Road 548136
400415,10 Robin Walk 258159
400416,36 Tomlinson Road 247856
400416,28 Tomlinson Road 247854
400417,35 Mangis Road 424970
400418,5000J Marine Parade Road 449291
400418,5000K Marine Parade Road 449292
400418,5000L Marine Parade Road 449293
400418,5000M Marine Parade Road 449294
400418,5000N Marine Parade Road 449295
400419,5000A Marine Parade Road 449284
400419,5000B Marine Parade Road 449285
400419,5000C Marine Parade Road 449286
400419,5000D Marine Parade Road 449287
400419,5000E Marine Parade Road 449288
400419,5000F Marine Parade Road 449289
400419,5000G Marine Parade Road 449290
400420,9E/F Yuan Ching Road 618647
400420,9F Yuan Ching Road 618648
400421,9G Yuan Ching Road 618649
400421,9H Yuan Ching Road 618650
400422,97A Upper Thomson Road 574327
400422,97B Upper Thomson Road 574328
400422,97C Upper Thomson Road 574329
400423,173 Chin Swee Road 169878
400424,15 Kim Yam Road 239328
400425,6 Lorong 26 Geylang 398481
400426,67 Cavenagh Road 229621
400427,87 Lorong L Telok Kurau 425525
400427,89 Lorong L Telok Kurau 425527
400428,59 Lorong Gambir 536613
400429,95 Lorong Marican 417301
400430,64 Lorong M Telok Kurau 425365
400431,340 Geylang Road 389365
400432,23 Joo Chiat Lane 428125
400432,17 Joo Chiat Lane 428096
400432,25 Joo Chiat Lane 428099
400432,27 Joo Chiat Lane 428100
400432,9 Joo Chiat Lane 428121
400432,23A Joo Chiat Lane 428122
400432,23B Joo Chiat Lane 428124
400432,29 Joo Chiat Lane 428126
400432,11 Joo Chiat Lane 428127
400432,15 Joo Chiat Lane 428128
400433,6 Leith Park 547933
400434,1 - 3 Lengkong Empat 417611
400435,61 Lengkong Empat 417645
400436,1 Leonie Hill Road 239191
400437,22 Leonie Hill Road 239195
400438,21 Leonie Hill 239223
400439,28 Leonie Hill 239227
400439,20 Leonie Hill 239222
400440,28 Ceylon Road 429621
400441,4 Liang Seah Street 189025
400441,4A Liang Seah Street 189025
400441,4B Liang Seah Street 189025
400442,21 Holland Park 249476
400442,  249477
400445,0 Wilkie Terrace 228000
400445,9 Wilkie Terrace 228025
400446,135 Lorong L Telok Kurau 425571
400447,77 Upper East Coast Road 455218
400448,22 Jalan Rimau 418719
400448,  418718
400449,282 Joo Chiat Place 427963
400449,262B Joo Chiat Place 427944
400449,264A Joo Chiat Place 427946
400450,89 Joo Chiat Place 427806
400450,113 Joo Chiat Place 427839
400451,142 Lorong L Telok Kurau 425573
400452,873A Upper Serangoon Road 534700
400452,  547424
400453,2 Suffolk Road 307780
400454,71 Lucky Heights 467623
400454,73B Lucky Heights 467624
400454,75B Lucky Heights 467625
400454,79A Lucky Heights 467627
400454,  467446
400454,  467445
400454,  467440
400454,  467450
400454,  467458
400454,  467478
400454,  467578
400456,2 Mistri Road 079624
400457,21 Tan Kim Cheng Road 266621
400457,25 Tan Kim Cheng Road 266625
400458,21 Mandalay Road 308208
400459,5 Jalan Mutiara 249185
400460,138 MacKenzie Road 228719
400461,88 Mackenzie Road 228697
400462,18 Lorong M Telok Kurau 425408
400463,2 Makeway Avenue 228599
400464,15 Minbu Road 308166
400465,45 Mandalay Road 308225
400466,76 Grange Road 249580
400467,28 Lorong 31 Geylang 388038
400468,45 Mar Thoma Road 328716
400468,28 Mar Thoma Road 328708
400470,2 Margate Road 438042
400471,3 Central Boulevard 018965
400471,  619626
400472,28 Sea Avenue 424249
400473,163 Marine Parade 449528
400473,165 Marine Parade 449529
400474,161 Marine Parade 449527
400475,89 Marshall Road 424886
400475,91 Marshall Road 424887
400476,52 Woodlands Street 13 738603
400477,8 Martia Road 424795
400478,11A Martia Road 424809
400479,7 Martia Road 424794
400480,50 Martin Road 239071
400482,38 Martin Road 239059
400484,38A - 40B Lorong K Telok Kurau 425649
400484,40 Lorong K Telok Kurau 425651
400485,531 East Coast Road 429065
400486,2 Petir Road 678265
400486,4 Petir Road 678266
400486,6 Petir Road 678267
400487,10 Margate Road 438051
400488,56 Lorong M Telok Kurau 425354
400489,10 Rose Lane 437370
400490,12 Simei Street 1 529940
400490,14 Simei Street 1 529941
400490,16 Simei Street 1 529942
400490,18 Simei Street 1 529943
400490,20 Simei Street 1 529944
400490,22 Simei Street 1 529945
400490,24 Simei Street 1 529946
400490,26 Simei Street 1 529947
400490,28 Simei Street 1 529948
400491,336 Changi Road 419809
400491,338 Changi Road 419977
400492,83 Mergui Road 219059
400493,81 Mergui Road 219057
400494,38 Lorong M Telok Kurau 425317
400495,281 Telok Kurau Road 423847
400496,3 Meyer Place 437991
400497,3 Zion Close 247813
400497,1 Zion Close 247811
400498,62 Waterloo Street 187958
400500,20 Jansen Road 548411
400501,21 Paya Lebar Crescent 536046
400502,42 East Coast Road 428762
400504,530 BALESTIER ROAD 329857
400505,27 Meyappa Chetiar Road 358466
400506,25 Moonstone Lane 328465
400507,36 Moonstone Lane 328468
400508,3 Lorong 37 Geylang 387901
400509,91 Moulmein Road 308078
400510,147 Moulmein Road 308090
400511,735 Mountbatten Road 437745
400511,  437747
400512,825 Mountbatten Road 437818
400514,2 Jalan Mutiara 249183
400515,11 Jalan Mutiara 249191
400515,  249196
400516,30 Ah Hood Road 329976
400516,32 Ah Hood Road 329977
400517,9 Nassim Road 258376
400518,32 Nassim Hill 258472
400518,40 Nassim Hill 258477
400518,40 Nassim Hill 258474
400519,37 Nassim Road 258423
400520,11 Nassim Road 258378
400521,23 Nathan Road 248744
400522,2 Lorong M Telok Kurau 425279
400523,52 Lorong K Telok Kurau 425780
400524,1 Jalan Naung 537670
400526,1 Marine Vista 449025
400526,2 Marine Vista 449026
400526,3 Marine Vista 449027
400526,4 Marine Vista 449028
400526,5 Marine Vista 449029
400526,6 Marine Vista 449030
400526,7 Marine Vista 449031
400526,8 Marine Vista 449032
400526,9 Marine Vista 449033
400526,10 Marine Vista 449034
400528,3 West Coast Drive 128021
400529,18 Newton Road 307989
400530,21 Newton Road 307954
400531,24 Newton Road 307956
400532,41 Newton Road 307968
400533,33 Gilstead Road 309076
400534,60 Newton Road 307994
400535,26 Newton Road 307957
400536,68 Guillemard Road 399710
400537,00 Yishun Avenue 9 760000
400537,14 Yishun Avenue 9 768895
400537,12 Yishun Avenue 9 768894
400537,16 Yishun Avenue 9 768896
400538,70 Niven Road 228421
400538,55 Niven Road 228403
400538,65 Niven Road 228414
400538,  228361
400539,20 Handy Road 229236
400540,61 Choa Chu Kang Loop 689668
400540,63 Choa Chu Kang Loop 689669
400540,65 Choa Chu Kang Loop 689670
400540,67 Choa Chu Kang Loop 689671
400540,69 Choa Chu Kang Loop 689672
400540,71 Choa Chu Kang Loop 689673
400540,73 Choa Chu Kang Loop 689674
400541,29A Toh Tuck Road 596704
400541,29A Toh Tuck Rd 596195
400542,8 Prome Road 328316
400542,10 Prome Road 328318
400542,  328331
400543,8 Bhamo Road 329640
400544,2 Jalan Novena Barat 308603
400544,4 Jalan Novena Barat 308604
400544,6 Jalan Novena Barat 308605
400544,10 Jalan Novena Barat 308607
400544,12 Jalan Novena Barat 308608
400544,14 Jalan Novena Barat 308609
400544,16 Jalan Novena Barat 308610
400544,18 Jalan Novena Barat 308611
400544,22 Jalan Novena Barat 308613
400544,24 Jalan Novena Barat 308614
400544,8 Jalan Novena Barat 308606
400544,20 Jalan Novena Barat 308612
400545,273 Thomson Road 307644
400546,34 Jalan Novena 308652
400546,33B Jalan Novena 308651
400546,35A Jalan Novena 308653
400546,39 Jalan Novena 308657
400546,49 Jalan Novena 308667
400546,51 Jalan Novena 308669
400546,55B Jalan Novena 308671
400546,45 Jalan Novena 308663
400546,55 Jalan Novena 308671
400546,57 Jalan Novena 308672
400547,275 Thomson Road 307645
400547,277 Thomson Road 307689
400547,279 Thomson Road 307690
400548,200 Moulmein Road 308107
400549,47 Spottiswoode Park Road 088643
400550,66 Lorong N Telok Kurau 425206
400550,535B East Coast Road 429067
400551,911 Lorong 1 Toa Payoh 319771
400551,913 Lorong 1 Toa Payoh 319772
400552,291A Onan Road 424772
400552,  424768
400552,  424662
400552,  424528
400553,1 Pulasan Road 424366
400554,1 Akyab Road 309972
400555,1 Chatsworth Road 249745
400557,186 Joo Chiat Terrace 427332
400557,188 Joo Chiat Terrace 427334
400557,  427335
400558,1 Oxley Rise 238714
400559,1 Rosyth Road 546133
400560,69 One Tree Hill 248706
400560,  248001
400561,0 Slim Barracks Rise 138664
400561,7 One-North Gateway 138642
400561,9 One-North Gateway 138643
400563,64C Lorong M Telok Kurau 425368
400564,78 Tanah Merah Kechil Avenue 465538
400564,80 Tanah Merah Kechil Avenue 465514
400564,82 Tanah Merah Kechil Avenue 465515
400564,86 Tanah Merah Kechil Avenue 465517
400564,88 Tanah Merah Kechil Avenue 465518
400564,84 Tanah Merah Kechil Avenue 465516
400565,101 Fernhill Road 259137
400566,19 Oxley Road 238619
400566,27 Oxley Road 238621
400569,66 Eng Neo Avenue 289545
400569,42C Eng Neo Avenue 289533
400569,44C Eng Neo Avenue 289534
400569,46 Eng Neo Avenue 289535
400569,48B Eng Neo Avenue 289536
400569,50A Eng Neo Avenue 289537
400569,52A Eng Neo Avenue 289538
400569,56A Eng Neo Avenue 289540
400569,62A Eng Neo Avenue 289543
400569,64A Eng Neo Avenue 289544
400569,68C Eng Neo Avenue 289546
400569,42 Eng Neo Avenue 289533
400569,58A Eng Neo Avenue 289541
400570,88 Owen Road 218901
400570,95 Owen Road 218907
400571,108A Owen Road 218195
400572,21 Oxford Road 218817
400573,308 River Valley Road 238349
400574,5 Oxley Rise 238694
400574,  238776
400575,00 Oxley Road 239999
400576,1 Lorong 12 Geylang 398982
400577,8C Tanjong Rhu Road 436891
400578,150 Killiney Road 239570
400579,481 Pasir Panjang Road 117621
400580,136 Joo Chiat Terrace 427282
400581,345 Pasir Panjang Road 118684
400582,51 Lorong H Telok Kurau 426052
400582,52A Lorong H Telok Kurau 426054
400582,51A Lorong H Telok Kurau 426154
400582,51B Lorong H Telok Kurau 426155
400583,13 - 15 Jalan Haji Salam 468774
400584,29 Lorong Melayu 416914
400586,2 Leicester Road 358831
400587,12 Lorong Limau 328741
400587,14 Lorong Limau 328742
400587,16 Lorong Limau 328743
400588,68 Mackenzie Road 228687
400588,68 MacKenzie Road 238687
400589,21 Woodleigh Close 357916
400591,62 Somme Road 207877
400592,8 Adis Road 229975
400592,10 Adis Road 229979
400592,12 Adis Road 229976
400593,1 Bukit Batok Street 25 658882
400593,3 Bukit Batok Street 25 658881
400593,5 Bukit Batok Street 25 658880
400594,9A - 9D Yuan Ching Road 618643
400594,9B Yuan Ching Road 618644
400594,9C Yuan Ching Road 618645
400594,9D Yuan Ching Road 618646
400595,35 Parry Avenue 547261
400596,21 Pasir Panjang Close 118972
400596,23A Pasir Panjang Close 118973
400596,25 Pasir Panjang Close 118974
400596,27 Pasir Panjang Close 118975
400596,31 Pasir Panjang Close 118977
400596,35 Pasir Panjang Close 118979
400596,37 Pasir Panjang Close 118980
400597,35 Elias Road 519879
400597,37 Elias Road 519880
400597,39 Elias Road 519881
400597,41 Elias Road 519882
400598,7 Bassein Road 309837
400599,9C Fort Road 439474
400599,1C Fort Road 439069
400599,3A Fort Road 439070
400599,5B Fort Road 439071
400599,7 Fort Road 439072
400599,9C Fort Road 439073
400599,11A Fort Road 439074
400599,15 Fort Road 439076
400599,17A Fort Road 439082
400600,27 Paya Lebar Road 409042
400601,1 Sophia Road 228149
400604,201 Pearl's Hill Terrace 168977
400604,  168976
400605,486 Guillemard Road 399830
400605,488A Guillemard Road 399832
400605,490B Guillemard Road 399834
400606,15 Peck Hay Road 228312
400607,126 Lorong K Telok Kurau 425765
400607,128A Lorong K Telok Kurau 425767
400609,226 Tembeling Road 423714
400610,46 Bencoolen Street 189624
400611,13 Lorong 31 Geylang 388022
400611,5A Lorong 31 Geylang 388018
400611,5/9A/19 ETC(ENBLOC) Lorong 31 Geylang 388020
400611,15 Lorong 31 Geylang 388023
400611,19 Lorong 31 Geylang 388027
400614,2 Petain Road 208085
400614,8 Petain Road 208088
400615,1 Phoenix Walk 668105
400615,5 Phoenix Walk 668109
400615,8B Phoenix Road 668160
400615,16B Phoenix Road 668164
400615,18B Phoenix Road 668165
400615,5 Phoenix Garden 668273
400615,24 Phoenix Garden 668291
400615,32 Phoenix Garden 668299
400615,36 Phoenix Garden 668302
400615,42 Phoenix Garden 668305
400615,44 Phoenix Garden 668306
400615,56 Phoenix Garden 668312
400615,62 Phoenix Garden 668315
400615,78 Phoenix Garden 668328
400615,79 Phoenix Garden 668329
400615,80 Phoenix Garden 668330
400615,81 Phoenix Garden 668331
400615,82 Phoenix Garden 668332
400615,84 Phoenix Garden 668334
400615,86 Phoenix Garden 668336
400615,89 Phoenix Garden 668339
400615,71 Phoenix Avenue 668378
400615,75B Phoenix Avenue 668380
400615,77C Phoenix Avenue 668381
400615,79A Phoenix Avenue 668382
400615,81A Phoenix Avenue 668383
400615,85 Phoenix Avenue 668385
400615,83 Phoenix Avenue 668384
400615,71 Phoenix Garden 668321
400616,20 Jalan Pari Burong 488686
400616,4A Jalan Pari Burong 488671
400616,6A Jalan Pari Burong 488673
400616,8/8A Jalan Pari Burong 488675
400616,10A Jalan Pari Burong 488677
400616,12A Jalan Pari Burong 488679
400616,14A Jalan Pari Burong 488681
400616,20A Jalan Pari Burong 488687
400616,28A Jalan Pari Burong 488695
400616,30A Jalan Pari Burong 488697
400616,32A Jalan Pari Burong 488699
400616,40 Jalan Pari Burong 488704
400616,42 Jalan Pari Burong 488705
400616,70 Jalan Pari Burong 488719
400616,74 Jalan Pari Burong 488721
400616,76 Jalan Pari Burong 488722
400616,80 Jalan Pari Burong 488724
400616,96 Jalan Pari Burong 488735
400616,100 Jalan Pari Burong 488739
400616,107 Jalan Pari Burong 488746
400616,108 Jalan Pari Burong 488747
400616,108A Jalan Pari Burong 488748
400616,113 Jalan Pari Burong 488755
400616,122 Jalan Pari Burong 488766
400616,122C Jalan Pari Burong 488769
400616,124C Jalan Pari Burong 488775
400616,128B Jalan Pari Burong 488780
400616,130A Jalan Pari Burong 488781
400616,134A Jalan Pari Burong 488785
400616,142A Jalan Pari Burong 488791
400616,132C Jalan Pari Burong 488792
400616,52 Jalan Pari Burong 488710
400616,136A Jalan Pari Burong 488787
400616,34 Jalan Pari Burong 488700
400616,  488738
400617,18 Lim Ah Pin Road 547837
400618,28 Lorong L Telok Kurau 425440
400618,40A Lorong L Telok Kurau 425452
400619,2 Platina Road 758615
400619,4 Platina Road 758616
400619,6 Platina Road 758617
400619,8 Platina Road 758618
400619,10 Platina Road 758619
400619,12 Platina Road 758620
400619,38 Platina Road 758633
400619,40 Platina Road 758634
400619,42 Platina Road 758635
400619,50 Platina Road 758639
400620,18 Leicester Road 358847
400621,81 Pasir Panjang Hill 118886
400622,1B Woo Mon Chew Road 455055
400623,30 Shelford Road 288423
400626,286 Telok Kurau Road 423911
400627,398 Upper Paya Lebar Road 534986
400628,52 Lorong G Telok Kurau 426235
400632,2 Bedok Garden 469853
400633,27 Robin Road 258204
400634,432 Balestier Road 329813
400635,11 Shanghai Road 248185
400636,1 Queensway 149053
400637,1 Sommerville Walk 357699
400638,66 Rangoon Road 218356
400639,138 Race Course Road 218591
400640,122 Race Course Road 218583
400641,16 Cassia Drive 289709
400641,4 Cassia Drive 289698
400641,17 Cassia Drive 289710
400641,6 Cassia Drive 289700
400641,50 Oriole Crescent 288641
400641,  777777
400642,25 Jalan Rajah 329139
400643,32 Jalan Rajah 329141
400644,15 Rambai Road 424334
400645,190 Rangoon Road 218447
400646,223 Rangoon Road 218460
400646,217 Rangoon Road 218457
400647,15 Lorong 35 Geylang 387945
400648,17 Kim Keat Road 328837
400650,17 Shanghai Road 248191
400651,36 Kim Tian Road 169279
400651,38 Kim Tian Road 169262
400653,118 Lorong L Telok Kurau 425552
400654,66 Telok Kurau Road 423788
400655,3 Petain Road 208108
400656,88 Lorong Marican 417297
400656,  417316
400656,  417255
400657,338A River Valley Road 238381
400658,96 Sophia Road 228164
400659,39 Lorong 24 Geylang 398636
400660,  398309
400661,16 Mount Elizabeth 228513
400662,1 Jalan Pasir Ria 119462
400663,27 Richards Avenue 546438
400663,  546470
400663,  546418
400664,142 Race Course Road 218593
400665,346 Balestier Road 329776
400666,8 Ipoh Lane 438611
400667,"400 River Valley Road, 248296"
400667,400Q River Valley Road 248297
400667,400X River Valley Road 248298
400667,  248316
400668,338E River Valley Road 238370
400669,315 River Valley Road 238354
400669,313 River Valley Road 238353
400669,405 River Valley Road 248303
400670,99 Robertson Quay 238258
400670,95 Robertson Quay 238256
400670,93 Robertson Quay 238255
400670,97 Robertson Quay 238257
400671,99 Robertson Quay 238258
400671,95 Robertson Quay 238256
400671,93 Robertson Quay 238255
400671,97 Robertson Quay 238257
400672,26A Saint Michael's Road 327995
400673,21 Fernvale Close 797460
400673,29 Fernvale Close 797464
400673,23 Fernvale Close 797461
400673,27 Fernvale Close 797463
400673,25 Fernvale Close 797462
400673,31 Fernvale Close 797465
400673,33 Fernvale Close 797466
400673,35 Fernvale Close 797467
400673,39 Fernvale Close 797469
400674,20 Upper Circular Road 058416
400675,100 Robertson Quay 238250
400676,88 Robertson Quay 238247
400677,18 Tong Watt Road 238010
400678,25 Robin Road 258203
400678,  258288
400679,9 Transit Road 778885
400681,8 Rose Lane 437367
400682,10 Haig Avenue 438865
400683,2 Rose Lane 437384
400685,37 Rosyth Road 546200
400686,3 Rosyth Road 546134
400687,1A Surrey Road 307741
400689,396 River Valley Road 248289
400690,777 Upper Serangoon Road 534645
400691,45 Saint Patrick's Road 424166
400691,41 Saint Patrick's Road 424164
400691,43 St. Patrick'S Road 424165
400692,20 Sallim Road 387635
400693,23 Saint Thomas Walk 238108
400694,7 - 23 Sam Leong Road 207899
400694,15C Sam Leong Road 207906
400694,  207907
400694,  207935
400695,813 Upper Serangoon Road 534677
400697,8 Sandy Ln 437324
400698,2A Margate Road 438073
400699,00 Lorong K Telok Kurau 425000
400699,68A Lorong K Telok Kurau 425684
400699,62 Lorong K Telok Kurau 425672
400700,9 Sarkies Road 258128
400702,24 Sea Avenue 424244
400702,28A Sea Avenue 424249
400703,55 Cove Way 098307
400703,57 Cove Way 098308
400703,59 Cove Way 098309
400704,252 Pasir Panjang Road 118617
400705,733 Bukit Timah Road 269748
400706,189 Selegie Road 188332
400707,369 Sembawang Road 758382
400708,2A Wolskel Road 357958
400708,2B Wolskel Road 357958
400708,4A Wolskel Road 357959
400708,4B Wolskel Road 357959
400709,3 Seraya Road 437235
400710,10 Seraya Lane 437277
400711,21 Seraya Road 437257
400712,1 Serenade Walk 575750
400712,5 Serenade Walk 575754
400712,9 Serenade Walk 575758
400712,10 Serenade Walk 575759
400712,11 Serenade Walk 575760
400712,12 Serenade Walk 575761
400712,13 Serenade Walk 575762
400712,21 Serenade Walk 575770
400712,23 Serenade Walk 575772
400712,24 Serenade Walk 575773
400712,31 Serenade Walk 575780
400712,41 Serenade Walk 575790
400712,55 Serenade Walk 575801
400712,57 Serenade Walk 575802
400712,33 Serenade Walk 575782
400713,25 Lorong Selangat 358719
400713,29C Lorong Selangat 358722
400713,39 Lorong Selangat 358728
400714,98 Lorong J Telok Kurau 425927
400715,59 Kovan Road 548148
400716,11 Evelyn Road 309304
400717,2 Shan Road 328103
400718,1 Shanghai Road 248180
400719,9 Holt Road 249446
400720,28 Carpmael Road 429777
400721,23 Shelford Road 288413
400721,23A Shelford Road 286655
400722,27 Shelford Road 288421
400723,25B Shelford Road 288417
400723,25 Shelford Road 288415
400723,25A Shelford Road 288416
400723,25D Shelford Road 288419
400724,16 Shelford Road 288383
400724,16B Shelford Road 286653
400724,16A Shelford Road 286654
400724,7 Shelford Road 288518
400725,80 Lorong N Telok Kurau 425230
400726,3 Jalan Anak Bukit 588998
400726,1 Jalan Anak Bukit 588996
400727,38 Lorong H Telok Kurau 426025
400728,55 Siglap Road 455871
400729,8 Siglap Road 455839
400730,11 Green Lane 438916
400731,121 Lorong K Telok Kurau 425762
400732,67B Lorong Melayu 416955
400733,39 LORONG 32 GEYLANG 398299
400735,2 Kovan Road 548008
400736,11 Lorong 39 Geylang 387869
400737,7 Lorong 27A Geylang 388133
400737,9 Lorong 27A Geylang 388134
400738,8 Lorong 39 Geylang 387882
400739,2 Sin Ming Road 575583
400739,4 Sin Ming Road 575584
400739,6 Sin Ming Road 575585
400740,386 Changi Road 419835
400740,392A Changi Road 419841
400741,31 Jalan Singa 418108
400741,33B Jalan Singa 418109
400741,35B Jalan Singa 418110
400741,37B Jalan Singa 418111
400741,43 Jalan Singa 418114
400742,821 Mouthbatten Road 437814
400742,823 Mountbatten Road 437816
400744,805 Bukit Timah Road 279883
400744,  276473
400745,260 Sims Avenue 387604
400745,38 Lorong 25 Geylang 388307
400746,22 Saint Thomas Walk 238107
400747,17 Jalan Rajah 329137
400748,172 Race Course Road 218605
400749,188 Race Course Road 210000
400749,188 Race Course Road 218612
400750,48 Koon Seng Road 426983
400751,67 Sophia Road 228151
400752,28 Wilkie Road 228051
400753,69 Sophia Road 228152
400754,128 Sophia Road 228184
400755,9 Yio Chu Kang Road 545523
400755,11 Yio Chu Kang Road 545679
400756,18 Ceylon Road 429748
400756,20 Ceylon Road 429749
400757,1 Langsat Road 426686
400757,5 Langsat Road 426691
400757,6 Langsat Road 426692
400759,25 Ewe Boon Road 259329
400760,907 East Coast Road 459107
400760,  459110
400762,90 Saint Francis Road 328071
400764,1 St Martin's Drive 257988
400765,21A St Patrick's Road 424143
400765,23C St. Patrick'S Road 424145
400765,27 St. Patrick'S Road 424149
400765,31B St. Patrick'S Road 424152
400765,33C St. Patrick'S Road 424153
400766,49 St Patrick's Road 424167
400767,50 - 60 St Patrick's Road 424169
400767,60 St. Patrick'S Road 423467
400767,56 St. Patrick'S Road 424171
400767,50 St. Patrick'S Road 424216
400767,52 St. Patrick'S Road 424217
400767,58 St. Patrick'S Road 424218
400769,33 Tanglin Road 247913
400769,31 Tanglin Road 247912
400771,88 Stevens Road 257865
400771,38 Stevens Road 257845
400772,6 Stevens Drive 257902
400773,14B Still Road 423957
400773,12B Still Road 423956
400773,16B Still Road 423958
400774,15 Lorong 108 Changi 426406
400774,21 Lorong 108 Changi 426411
400776,154 Joo Chiat Place 427882
400776,156 Joo Chiat Place 427884
400778,57 Kim Yam Road 239358
400778,28 Shanghai Road 248196
400779,2 Marne Road 208393
400780,4 Suffolk Road 307782
400780,2 Suffolk Road 307780
400781,3 Suffolk Road 307781
400782,70 Lim Ah Woo Road 438133
400783,1 Surrey Road 307740
400784,122 Owen Road 218926
400785,103 Sophia Road 228168
400786,6 Surrey Road 307745
400788,28 Lorong 30 Geylang 398361
400789,28 Lorong 30 Geylang 398361
400790,226 Changi Road 419740
400792,21 Lorong Kilat 598123
400794,183A Sunbird Road 487221
400795,31 Lorong 39 Geylang 387878
400796,37 Lor 20 Geylang 398753
400797,4 Lorong Salleh 416753
400797,6A Lorong Salleh 416757
400798,128 Lorong K Telok Kurau 425767
400800,63 Lorong K Telok Kurau 425673
400800,63 Lorong K Telok Kurau 424616
400801,2 Jalan Labu Merah 537972
400803,9 Rambai Road 424352
400803,11 Rambai Road 424331
400805,51 Jalan Daud 419589
400806,20 Saint Michael's Road 327979
400806,22 Saint Michael's Road 327981
400806,22A Saint Michael's Road 328004
400807,2 Surrey Road 307742
400808,2 Fowlie Road 428505
400809,143 Holland Road 278575
400810,91 Lorong H Telok Kurau 426106
400810,87E Lorong H Telok Kurau 426102
400810,89A Lorong H Telok Kurau 426104
400811,34 Ah Hood Road 329978
400812,0 Jalan Lokam 537000
400812,2 Jalan Lokam 537846
400812,3 Jalan Lokam 537847
400812,4 Jalan Lokam 537853
400812,5 Jalan Lokam 537854
400812,6 Jalan Lokam 537855
400812,7 Jalan Lokam 537856
400812,8 Jalan Lokam 537857
400812,9 Jalan Lokam 537858
400812,10 Jalan Lokam 537859
400812,11 Jalan Lokam 537860
400812,12 Jalan Lokam 537861
400812,14 Jalan Lokam 537862
400812,16 Jalan Lokam 537863
400812,18 Jalan Lokam 537864
400812,19 Jalan Lokam 537865
400812,20 Jalan Lokam 537866
400812,21 Jalan Lokam 537867
400812,22 Jalan Lokam 537868
400812,23 Jalan Lokam 537869
400812,24 Jalan Lokam 537870
400812,26 Jalan Lokam 537871
400812,28 Jalan Lokam 537872
400812,30 Jalan Lokam 537873
400812,31 Jalan Lokam 537874
400814,19 Jalan Rengkam 537575
400814,44 Jalan Rengkam 537591
400815,110 Killiney Road 239549
400816,1 Rose Lane 437386
400817,161 Haig Road 438772
400818,9 Tan Quee Lan Street 188098
400819,1 Tanglin Hill 248018
400820,52 Telok Blangah Road 098829
400821,57 Telok Kurau Lorong H 426065
400821,103 Telok Kurau Lorong H 426126
400822,38 - 40B Lorong L Telok Kurau 425445
400822,40A Lorong L Telok Kurau 425452
400823,233 Telok Kurau Road 423838
400823,235 Telok Kurau Road 423839
400823,237A Telok Kurau Road 423840
400824,72 Lorong K Telok Kurau 425690
400824,72A Lorong K Telok Kurau 425691
400824,74 Lorong K Telok Kurau 425693
400824,74A Lorong K Telok Kurau 425694
400824,76 Lorong K Telok Kurau 425696
400824,76A Lorong K Telok Kurau 425697
400824,76B Lorong K Telok Kurau 425698
400825,184 - 184C Tembeling Road 423683
400825,186 - 186C Tembeling Road 423684
400825,188 - 188C Tembeling Road 423686
400825,190A - 190C Tembeling Road 423687
400826,252 Tembeling Road 423731
400827,198A Tembeling Road 423693
400827,196 Tembeling Road 423691
400827,  423621
400828,230 Tembeling Road 423742
400828,  423745
400829,7 Tembeling Road 423538
400829,  423611
400830,10 Suffolk Road 307786
400832,101 Beach Road 189703
400833,21 Sommerville Road 358246
400833,23 Sommerville Road 358247
400833,25 Sommerville Road 358249
400834,49 Lim Ah Woo Road 438128
400834,51 Lim Ah Woo Road 438129
400835,106 Lorong N Telok Kurau 425261
400835,108 Lorong N Telok Kurau 425262
400836,1 Seraya Lane 437297
400837,130 Hillview Ave 669596
400837,130A Hillview Avenue 669609
400838,5 Draycott Drive 259420
400839,23 Amber Road 439871
400840,28 Yan Kit Road 088271
400841,47 Mandalay Road 308227
400842,113 Lor H Telok Kurau 426140
400843,8 Lorong H Telok Kurau 425991
400843,10 Lorong H Telok Kurau 425993
400845,250 Tembeling Road 423728
400846,15 Lorong N Telok Kurau 425142
400847,4 Ah Hood Road 329973
400847,6 Ah Hood Road 329974
400848,180 Bencoolen Street 189646
400848,180A Bencoolen Street 189647
400848,180B Bencoolen Street 189648
400849,30 Kovan Road 548086
400849,28 Kovan Road 544694
400850,45 Toh Tuck Road 596720
400850,47 Toh Tuck Road 596722
400852,128 Race Course Road 218586
400853,60 Springside Walk 786020
400853,25 Springside Green 786015
400854,22 Mar Thoma Road 328702
400854,28 Mar Thoma Road 328708
400855,25 Amber Road 439872
400856,78 Stevens Road 257864
400857,132 Pasir Panjang Road 118549
400858,30 Mount Sophia 228464
400859,6 Eu Tong Sen Street 059817
400859,8 Eu Tong Sen Street 059818
400859,12 Eu Tong Sen Street 059819
400860,1 Lorong 27 Geylang 388153
400861,53 Irrawaddy Road 329552
400862,65 Jurong West Central 3 648332
400862,67 Jurong West Central 3 648333
400862,69 Jurong West Central 3 648334
400862,71 Jurong West Central 3 648335
400862,73 Jurong West Central 3 648336
400862,75 Jurong West Central 3 648337
400862,77 Jurong West Central 3 648338
400862,79 Jurong West Central 3 648339
400862,81 Jurong West Central 3 648340
400862,83 Jurong West Central 3 648341
400862,85 Jurong West Central 3 648342
400862,87 Jurong West Central 3 648343
400862,61 Jurong West Central 3 648330
400863,380 Changi Road 419832
400863,382 Changi Road 419833
400864,122 Lorong L Telok Kurau 425555
400865,18 Jalan Datoh 329415
400867,21 McCallum Street 069047
400868,6U Chancery Hill Road 307512
400868,  309685
400869,72 Holland Road 258870
400870,171 Telok Kurau Road 423824
400872,568 Upper East Coast Road 466584
400873,17 Lorong 9 Geylang 388761
400874,914 East Coast Road 459108
400875,50 Draycott Park 259388
400875,36 Draycott Park 259389
400875,42A Draycott Park 259392
400875,48 Draycott Park 259395
400875,50 Draycott Park 259396
400875,54B Draycott Park 259398
400875,56C Draycott Park 259399
400875,58 Draycott Park 259400
400875,62A Draycott Park 259402
400875,62 Draycott Park 259391
400875,52A Draycott Park 259397
400875,46 Draycott Park 259394
400876,72 Stevens Road 257873
400877,128 Lorong L Telok Kurau 425563
400877,130 Lorong L Telok Kurau 425566
400878,313 Pasir Panjang Road 117482
400879,68 Florence Road 549555
400879,70 Florence Road 549561
400880,31 Mangis Road 424980
400880,33 Mangis Road 424968
400881,2 Sarkies Road 258117
400882,53 Holland Road 258859
400883,455 Bukit Timah Road 259750
400884,455 Bukit Timah Road 259750
400885,20 Lincoln Road 308353
400887,9 Leonie Hill 239220
400888,8 Shan Road 328108
400889,2 Minbu Road 308186
400890,101 Keng Lee Road 219261
400891,2 Meyer Place 437989
400891,6 Meyer Place 437995
400892,205 Balestier Road 329682
400893,26 Lorong 30 Geylang 398359
400894,131 Mackenzie Road 228714
400896,50 Lorong M Telok Kurau 425342
400897,24 Sirat Road 545782
400900,19 Lorong 24 Geylang 398626
400900,21 Lorong 24 Geylang 398627
400900,23 Lorong 24 Geylang 398628
400900,25 Lorong 24 Geylang 398629
400901,11 East Coast Road 428722
400902,11C Balmoral Road 259798
400903,6C Orange Grove Road 258333
400904,9 Oxley Rise 238697
400905,9 Oxley Rise 238697
400906,61 Cairnhill Circle 229789
400907,80 Mohamed Sultan Road 239013
400909,2 Ewe Boon Road 259313
400910,60 Robertson Quay 238252
400911,9 Bartley Road 539763
400911,11 Bartley Road 539765
400911,15 Bartley Road 539766
400912,6 Rambai Road 424326
400912,8 Rambai Road 424329
400912,8A Rambai Road 424353
400914,2 River Valley Close 238428
400915,73 Oxley Rise 238699
400917,33 Rochester Drive 138638
400917,35 Rochester Drive 138639
400918,2 Marina Boulevard 018987
400918,6 Marina Boulevard 018985
400918,4 Marina Boulevard 018986
400919,1 Geylang Lorong 30 398342
400920,52 Braddell Road 359944
400924,80 Mount Sinai Drive 277125
400925,9 Butterworth Lane 439424
400926,16 Haig Lane 438818
400927,13 Suffolk road 307788
400928,3 Moulmein Rise 308144
400931,50 Lorong 40 Geylang 398074
400932,1 Sunshine Terrace 535689
400933,25 Jalan Hajijah 468721
400934,323B Thomson Road 307668
400935,20 Cuscaden Road 249726
400936,110 Lorong G Telok Kurau 426313
400936,112 Lorong G Telok Kurau 426315
400937,6 Orange Grove Road 258331
400938,95 Pasir Panjang Hill 118893
400939,4 Tai Thong Crescent 347838
400939,14 Tai Thong Crescent 347848
400939,12 Tai Thong Crescent 347846
400939,8 Tai Thong Crescent 347842
400939,10 Tai Thong Crescent 347844
400940,68 Lorong G Telok Kurau 426258
400941,68 Lorong G Telok Kurau 426258
400942,112 Lorong K Telok Kurau 425746
400943,46 Meyer Road 437871
400944,12 Lorong Sarina 416736
400945,51 Lorong 40 Geylang 398075
400945,53 Lorong 40 Geylang 398077
400945,57 Lorong 40 Geylang 398081
400945,59 Lorong 40 Geylang 398082
400945,61 Lorong 40 Geylang 398083
400945,71 Lorong 40 Geylang 398088
400945,55 Lorong 40 Geylang 398079
400945,63 Lorong 40 Geylang 398084
400945,65 Lorong 40 Geylang 398085
400945,67 Lorong 40 Geylang 398086
400945,69 Lorong 40 Geylang 398087
400945,73 Lorong 40 Geylang 398089
400947,3 Woodgrove Drive 738230
400949,374 Thomson Road 298129
400951,9 Sin Ming Road 575585
400951,9 Sin Ming Road 575630
400952,323 Thomson Road 307666
400954,311 Upper Thomson Road 574409
400955,3 Balmoral Road 259785
400956,33 Robin Road 258208
400958,30 Moulmein Rise 308141
400960,31 Lorong M Telok Kurau 425313
400961,289 Outram Road 169071
400961,42 Eng Hoon Street 169785
400961,4 Kim Tian Road 169245
400961,12 Eng Hoon Street 169762
400961,40 Eng Hoon Street 169784
400961, 265 outram rd 169066
400961,78 Guan Chuan Street 169243
400961,  169040
400961,  168645
400962,32 Lorong 31 Geylang 388031
400963,2 Toh Yi Road 596485
400963,4 Toh Yi Road 596487
400963,10 Toh Yi Road 596493
400963,61 Eng Kong Terrace 599015
400963,62 Eng Kong Terrace 599016
400963,63 Eng Kong Terrace 599017
400963,64 Eng Kong Terrace 599018
400963,88 Eng Kong Terrace 599039
400964,208 Yio Chu Kang Road 545653
400965,134 Emerald Hill Road 229414
400966,2 Topaz Road 327848
400967,47 Lorong 6 Geylang 399202
400968,47 Lorong 6 Geylang 399202
400969,22 Teow Hock Avenue 545708
400970,15 Rosyth Avenue 546242
400971,5 Balmoral Road 259786
400971,5A Balmoral Road 259822
400973,103 Lorong N Telok Kurau 425259
400975,139 Tyrwhitt Road 207557
400975,135A Tyrwhitt Road 207555
400977,4 Derbyshire Road 309460
400977,10 Derbyshire Road 309465
400977,12 Derbyshire Road 309466
400978,224 Telok Kurau Road 423836
400980,592 - 614 East Coast Road 458996
400980,594A East Coast Road 458997
400980,596C East Coast Road 458998
400980,600 East Coast Road 459000
400980,602 East Coast Road 459001
400980,604B East Coast Road 459002
400980,608 East Coast Road 459004
400981,2 Ford Avenue 268686
400982,32 Cairnhill Road 229657
400982,32A Cairnhill Road 229720
400983,Valley Lodge
400986,488 Upper East Coast Road 466520
400989,308 Telok Kurau Road 423858
400991,8 Jalan Legundi 759274
400992,8 Jalan Legundi 759274
400993,15 Jalan Datoh 329412
400996,90 Kew Drive 466100
400996,5 Kew Heights 465931
400996,51 Kew Heights 465982
400996,35 Kew Heights 465988
400996,21 Kew Heights 465994
400996,21 Kew Walk 465998
400996,9 Kew Heights 466016
400996,3 Kew Terrace 466033
400996,31 Kew Drive 466038
400996,94 Kew Drive 466098
400996,92 Kew Drive 466099
400996,88 Kew Drive 466101
400996,86 Kew Drive 466102
400996,7 Kew Drive 467992
400996,11 Kew Crescent 466366
400996,9 Kew Crescent 466367
400996,44 Kew Drive 466371
400996,42 Kew Drive 466372
400996,40 Kew Drive 466373
400996,55 Kew Drive 465980
400996,53 Kew Drive 465981
400996,49 Kew Drive 465983
400996,43 Kew Drive 465984
400996,41 Kew Heights 465985
400996,37 Kew Drive 465987
400996,31 Kew Heights 465990
400996,27 Kew Heights 465991
400996,25 Kew Heights 465992
400996,23 Kew Heights 465993
400996,27 Kew Walk 465995
400996,25 Kew Walk 465996
400996,23 Kew Walk 465997
400996,19 Kew Walk 465999
400996,15 Kew Walk 466001
400996,13 Kew Walk 466002
400996,11 Kew Walk 466003
400996,9 Kew Walk 466004
400996,7 Kew Walk 466005
400996,5 Kew Walk 466006
400996,41 Kew Drive 466035
400996,39 Kew Drive 466036
400996,33 Kew Drive 466037
400996,20 Kew Drive 466019
400996,18 Kew Drive 466020
400996,16 Kew Walk 466021
400996,14 Kew Walk 466022
400996,12 Kew Walk 466023
400996,10 Kew Walk 466024
400996,4 Kew Walk 466025
400996,2 Kew Walk 466026
400996,19 Kew Terrace 466027
400996,17 Kew Terrace 466028
400996,11 Kew Terrace 466029
400996,9 Kew Terrace 466030
400996,7 Kew Terrace 466031
400996,5 Kew Terrace 466032
400996,1 Kew Terrace 466034
400996,16 Kew Terrace 466007
400996,14 Kew Terrace 466008
400996,12 Kew Terrace 466009
400996,4 Kew Terrace 466011
400996,2 Kew Terrace 466012
400996,15 Kew Heights 466013
400996,13 Kew Heights 466014
400996,3 Kew Drive 466017
400996,1 Kew Heights 466018
400996,39 Kew Heights 465986
400996,33 Kew Heights 465989
400996,17 Kew Walk 466000
400996,10 Kew Terrace 466010
400996,11 Kew Heights 466015
400997,310 River Valley Road 238351
400997,312 River Valley Road 238352
400998,22 Sirat Road 545779
400999,9 Surrey Road 307747
401000,33 Oxley Rise 238710
401000,37 Oxley Rise 238712
401000,39 Oxley Rise 238713
401000,35 Oxley Rise 238711
401001,19 Tong Watt Road 238011
401002,19 Tong Watt Road 238011
401003,5 Lorong 4 Geylang 399264
401004,5 Lorong 4 Geylang 399264
401005,30 Faber Walk 128990
401005,50 Faber Walk 128994
401005,42 Faber Walk 128989
401005,44 Faber Walk 128992
401005,20 Faber Drive 128979
401006,166 Waterloo View 187963
401007,3 Rodyk Street 238213
401007,5 Rodyk Street 238214
401007,1 Rodyk Street 238212
401007,7 Rodyk Street 238215
401008,65 Cavenagh Road 229619
401008,65B Cavenagh Road 229630
401008,65C Cavenagh Road 229631
401008,65D Cavenagh Road 229632
401008,65E Cavenagh Road 229633
401008,65A Cavenagh Road 229620
401009,1A Watten Rise 287383
401010,15 Jalan Nipah 488820
401011,28 Yio Chu Kang Road 545678
401011,  545689
401012,22 Lorong K Telok Kurau 425623
401013,346 - 346g Pasir Panjang Road 117671
401013,346A Pasir Panjang Road 117665
401013,346E Pasir Panjang Road 117669
401013,346F Pasir Panjang Road 117670
401013,346 Pasir Panjang Road 118687
401014,332 Pasir Panjang Road 117395
401014,332A Pasir Panjang Road 117381
401014,334 Pasir Panjang Road 118659
401014,334A Pasir Panjang Road 117382
401015,80 Wilkie Road 228053
401015,80 Wilkie Road 228079
401016,97 Wilkie Road 228089
401017,97 Wilkie Road 228089
401018,10 Wilkie terrace 228030
401019,60 Wilkie Road 228065
401020,5 Leedon Road 267830
401020,  267838
401021,7A Lorong 26 Geylang 398482
401022,12 Lorong 14 Geylang 398924
401023,335 Bukit Timah Road 259718
401025,85 Wolskel Road 357985
401025,89 Wolskel Road 357987
401025,91 Wolskel Road 357988
401025,103 Wolskel Road 357993
401025,105 Wolskel Road 357994
401025,99 Wolskel Road 358050
401026,2E Woo Mon Chew Road 455056
401027,11 Woodleigh Close 357906
401028,12 Woodsville Close 357768
401029,3 Woollerton Park 257511
401029,22 Woollerton Park 257526
401029,30 Woollerton Park 257530
401031,6A Beatty Road 209946
401032,23 Choa Chu Kang North 6 689579
401032,25 Choa Chu Kang North 6 689580
401033,23 Choa Chu Kang North 6 689579
401033,25 Choa Chu Kang North 6 689580
401034,84 Koon Seng Road 427026
401035,84 Koon Seng Road 427026
401036,6A Lorong 13 Geylang 388644
401037,60 Zion Road 247785
401038,23 Holland Rise 278711
1,102 Cashew Road 679673
1,104 Cashew Road 679679
1,106 Cashew Road 679680
1,108 Cashew Road 679681
1,110 Cashew Road 679682
1,112 Cashew Road 679683
1,114 Cashew Road 679684
1,116 Cashew Road 679685
1,118 Cashew Road 679686
1,120 Cashew Road 679687
1,122 Cashew Road 679688
1,124 Cashew Road 679689
1,126 Cashew Road 679690
1,126A Cashew Road 679698
1,128 Cashew Road 679691
611001,102 Cashew Road 679673
611001,104 Cashew Road 679679
611001,106 Cashew Road 679680
611001,108 Cashew Road 679681
611001,110 Cashew Road 679682
611001,112 Cashew Road 679683
611001,114 Cashew Road 679684
611001,116 Cashew Road 679685
611001,118 Cashew Road 679686
611001,120 Cashew Road 679687
611001,122 Cashew Road 679688
611001,124 Cashew Road 679689
611001,126 Cashew Road 679690
611001,126A Cashew Road 679698
611001,128 Cashew Road 679691
611003,1 Nim Terrace 804360
611003,2 Nim Terrace 804381
611003,3 Nim Terrace 804361
611003,4 Nim Terrace 804382
611003,5 Nim Terrace 804362
611003,6 Nim Terrace 804383
611003,7 Nim Terrace 804363
611003,8 Nim Terrace 804384
611003,9 Nim Terrace 804364
611003,10 Nim Terrace 804385
611003,11 Nim Terrace 804365
611003,12 Nim Terrace 804386
611003,13 Nim Terrace 804366
611003,14 Nim Terrace 804387
611003,15 Nim Terrace 804367
611003,16 Nim Terrace 804388
611003,17 Nim Terrace 804368
611003,18 Nim Terrace 804389
611003,19 Nim Terrace 804369
611003,20 Nim Terrace 804390
611003,21 Nim Terrace 804370
611003,22 Nim Terrace 804391
611003,23 Nim Terrace 804371
611003,24 Nim Terrace 804392
611003,25 Nim Terrace 804372
611003,26 Nim Terrace 804393
611003,27 Nim Terrace 804373
611003,28 Nim Terrace 804394
611003,29 Nim Terrace 804374
611003,30 Nim Terrace 804395
611003,31 Nim Terrace 804375
611003,32 Nim Terrace 804396
611003,33 Nim Terrace 804376
611003,34 Nim Terrace 804397
611003,35 Nim Terrace 804377
611003,36 Nim Terrace 804398
611003,37 Nim Terrace 804378
611003,38 Nim Terrace 804399
611003,39 Nim Terrace 804379
611003,40 Nim Terrace 804400
611003,41 Nim Terrace 804380
611003,42 Nim Terrace 804401
611003,44 Nim Terrace 804402
611003,46 Nim Terrace 804403
611003,48 Nim Terrace 804404
611003,50 Nim Terrace 804405
611003,52 Nim Terrace 804406
611003,54 Nim Terrace 804407
611003,56 Nim Terrace 804408
611003,58 Nim Terrace 804409
611003,60 Nim Terrace 804410
611003,62 Nim Terrace 804411
611003,64 Nim Terrace 804412
611003,17 Nim Rise 804428
611003,22 Nim Rise 804461
611003,10 Nim Rise 804455
611003,1 Nim Rise 804420
611003,11 Nim Rise 804425
611003,12 Nim Rise 804456
611003,13 Nim Rise 804426
611003,14 Nim Rise 804457
611003,15 Nim Rise 804427
611003,16 Nim Rise 804458
611003,18 Nim Rise 804459
611003,19 Nim Rise 804429
611003,2 Nim Rise 804451
611003,20 Nim Rise 804460
611003,21 Nim Rise 804430
611003,23 Nim Rise 804431
611003,24 Nim Rise 804462
611003,25 Nim Rise 804432
611003,26 Nim Rise 804463
611003,27 Nim Rise 804433
611003,28 Nim Rise 804464
611003,29 Nim Rise 804434
611003,3 Nim Rise 804421
611003,31 Nim Rise 804435
611003,33 Nim Rise 804436
611003,35 Nim Rise 804437
611003,37 Nim Rise 804438
611003,39 Nim Rise 804439
611003,4 Nim Rise 804452
611003,41 Nim Rise 804440
611003,43 Nim Rise 804441
611003,45 Nim Rise 804442
611003,47 Nim Rise 804443
611003,49 Nim Rise 804444
611003,5 Nim Rise 804422
611003,51 Nim Rise 804445
611003,53 Nim Rise 804446
611003,55 Nim Rise 804447
611003,57 Nim Rise 804448
611003,59 Nim Rise 804449
611003,6 Nim Rise 804453
611003,61 Nim Rise 804450
611003,7 Nim Rise 804423
611003,8 Nim Rise 804454
611003,9 Nim Rise 804424
611005,0 Sunrise Way 806000
611005,6 Sunrise Way 806152
611005,10 Sunrise Way 806156
611005,30 Sunrise Avenue 806686
611005,38 Sunrise Avenue 806690
611005,4 Sunrise Close 806601
611005,3 Sunrise Way 806149
611005,5 Sunrise Way 806151
611005,7 Sunrise Way 806153
611005,9 Sunrise Way 806155
611005,13 Sunrise Way 806159
611005,15 Sunrise Way 806161
611005,17 Sunrise Way 806163
611005,20 Sunrise Way 806166
611005,21 Sunrise Way 806167
611005,25 Sunrise Way 806171
611005,8 Sunrise Terrace 806348
611005,24 Sunrise Terrace 806356
611005,26 Sunrise Terrace 806357
611005,30 Sunrise Terrace 806359
611005,36 Sunrise Terrace 806362
611005,48 Sunrise Terrace 806368
611005,52 Sunrise Terrace 806370
611005,2 Sunrise Place 806408
611005,4 Sunrise Place 806410
611005,6 Sunrise Place 806412
611005,9 Sunrise Place 806415
611005,13 Sunrise Place 806419
611005,20 Sunrise Place 806426
611005,24 Sunrise Place 806430
611005,27 Sunrise Place 806433
611005,33 Sunrise Place 806439
611005,35 Sunrise Place 806441
611005,36 Sunrise Place 806442
611005,39 Sunrise Place 806445
611005,1 Sunrise Drive 806504
611005,2 Sunrise Drive 806505
611005,7 Sunrise Drive 806510
611005,8 Sunrise Drive 806511
611005,13 Sunrise Drive 806516
611005,17 Sunrise Drive 806520
611005,28 Sunrise Drive 806531
611005,33 Sunrise Drive 806536
611005,35 Sunrise Drive 806538
611005,39 Sunrise Drive 806542
611005,43 Sunrise Drive 806546
611005,45 Sunrise Drive 806548
611005,55 Sunrise Drive 806558
611005,59 Sunrise Drive 806562
611005,1 Sunrise Close 806598
611005,5 Sunrise Close 806602
611005,7 Sunrise Close 806604
611005,8 Sunrise Close 806605
611005,9 Sunrise Close 806606
611005,12 Sunrise Close 806609
611005,13 Sunrise Close 806610
611005,16 Sunrise Close 806613
611005,19 Sunrise Close 806616
611005,22 Sunrise Close 806619
611005,25 Sunrise Close 806622
611005,28 Sunrise Close 806625
611005,29 Sunrise Close 806626
611005,31 Sunrise Close 806628
611005,32 Sunrise Close 806629
611005,34 Sunrise Close 806631
611005,35 Sunrise Close 806632
611005,38 Sunrise Close 806635
611005,39 Sunrise Close 806636
611005,41 Sunrise Close 806638
611005,42 Sunrise Close 806639
611005,43 Sunrise Close 806640
611005,60 Sunrise Close 806649
611005,32 Sunrise Avenue 806687
611005,34 Sunrise Avenue 806688
611005,36 Sunrise Avenue 806689
611005,40 Sunrise Avenue 806691
611005,42 Sunrise Avenue 806692
611005,44 Sunrise Avenue 806693
611005,46 Sunrise Avenue 806694
611005,62 Sunrise Avenue 806702
611005,74 Sunrise Avenue 806708
611005,78 Sunrise Avenue 806710
611005,94 Sunrise Avenue 806718
611005,104 Sunrise Avenue 806723
611005,106 Sunrise Avenue 806724
611005,112 Sunrise Avenue 806727
611005,116 Sunrise Avenue 806729
611005,120 Sunrise Avenue 806731
611005,21 Sunrise Place 806427
611005,41 Sunrise Place 806447
611005,60 Sunrise Avenue 806701
400803,9 Rambai Road 424352
400803,11 Rambai Road 424331
