611001,https://www.propertyguru.com.sg/project/121-collection-on-whitley-23263,121 Collection on Whitley,121 Whitley Road,297000
611002,https://www.propertyguru.com.sg/project/180-lompang-road-8195,180 Lompang Road,180 Lompang Road,670180
611003,https://www.propertyguru.com.sg/project/3bhc-840,3BHC,0 Bright Hill Crescent,573000
611004,https://www.propertyguru.com.sg/project/61-goodman-road-21955,61 Goodman Road,61 Goodman Road,439026
611005,https://www.propertyguru.com.sg/project/8-stratton-1167,8 @ Stratton,0 Stratton Walk,800000
611006,https://www.propertyguru.com.sg/project/8-on-chuan-20,8 on Chuan,113 Chuan Drive,554575
611007,https://www.propertyguru.com.sg/project/adelphi-park-estate-20828,Adelphi Park Estate,Jasmine Road,576000
611008,https://www.propertyguru.com.sg/project/ah-soo-garden-20829,Ah Soo Garden,0 Lorong Ah Soo,539000
611009,https://www.propertyguru.com.sg/project/alana-21801,Alana,0 Sunrise Terrace,804000
611010,https://www.propertyguru.com.sg/project/allamanda-grove-20830,Allamanda Grove,0 Allamanda Grove,269000
611011,https://www.propertyguru.com.sg/project/ardisia-garden-47,Ardisia Garden,0 Serangoon Terrace,535000
611012,https://www.propertyguru.com.sg/project/ashley-green-51,Ashley Green,0 Bukit Sedap Road,279000
611013,https://www.propertyguru.com.sg/project/aston-residence-1286,Aston Residence,0 Jalan Loyang Besar,509000
611014,https://www.propertyguru.com.sg/project/avant-parc-21752,Avant Parc,0 Wak Hassan Place,757000
611015,https://www.propertyguru.com.sg/project/avenue-villa-1765,Avenue Villa,0 Fifth Avenue,278000
611016,https://www.propertyguru.com.sg/project/avila-terrace-1043,Avila Terrace,0 Mariam Way,508000
611017,https://www.propertyguru.com.sg/project/banyan-park-20831,Banyan Park,0 Chwee Chian Road,119000
611018,https://www.propertyguru.com.sg/project/banyan-villas-1577,Banyan Villas,0 Lentor Plain,786000
611019,https://www.propertyguru.com.sg/project/barker-terraces-649,Barker Terraces,0 Barker Road,309000
611020,https://www.propertyguru.com.sg/project/barker-ville-20632,Barker Ville,0 Barker Road,307000
611021,https://www.propertyguru.com.sg/project/barossa-gardens-1075,Barossa Gardens,0 Pasir Panjang Road,117000
611022,https://www.propertyguru.com.sg/project/bartley-villas-1463,Bartley Villas,0 How Sun Walk,538000
611023,https://www.propertyguru.com.sg/project/bedok-grove-20532,Bedok Grove,0 Bedok Place,486000
611024,https://www.propertyguru.com.sg/project/bedok-park-907,Bedok Park,0 Limau Garden,467000
611025,https://www.propertyguru.com.sg/project/bedok-pesari-1788,Bedok Pesari,0 Taman Bedok,487000
611026,https://www.propertyguru.com.sg/project/bedok-ria-778,Bedok Ria,0 Bedok Ria Crescent,489000
611027,https://www.propertyguru.com.sg/project/beechwood-terrace-1789,Beechwood Terrace,0 Beechwood Grove,738000
611028,https://www.propertyguru.com.sg/project/belgravia-green-23541,Belgravia Green,000 Belgravia Drive,804000
611029,https://www.propertyguru.com.sg/project/belgravia-park-815,Belgravia Park,0 Seletar Terrace,806000
611030,https://www.propertyguru.com.sg/project/binjai-crest-569,Binjai Crest,0 Jalan Kampong Chantek,588000
611031,https://www.propertyguru.com.sg/project/binjai-park-1793,Binjai Park,0 Binjai Park,589000
611032,https://www.propertyguru.com.sg/project/braddell-heights-estate-21108,Braddell Heights Estate,0 Chiltern Drive,359000
611033,https://www.propertyguru.com.sg/project/bright-gardens-1804,Bright Gardens,0 Telok Kurau Lor L,425000
611034,https://www.propertyguru.com.sg/project/brooks-signature-springside-21696,Brooks Signature @ Springside,00 Springside Avenue,786000
611035,https://www.propertyguru.com.sg/project/bukit-villas-1676,Bukit Villas,1 Rasok Drive,737944
611036,https://www.propertyguru.com.sg/project/bungalows-at-caldecott-21695,Bungalows at Caldecott,0 Thomson Road,298000
611037,https://www.propertyguru.com.sg/project/burgundy-hill-608,Burgundy Hill,0 Burgundy Crescent,658000
611038,https://www.propertyguru.com.sg/project/cabana-1563,Cabana,00 Sunrise Terrace,806000
611039,https://www.propertyguru.com.sg/project/cactus-green-20838,Cactus Green,0 Cactus Crescent,809000
611040,https://www.propertyguru.com.sg/project/caldecott-hill-estate-20839,Caldecott Hill Estate,0 Andrew Road,299000
611041,https://www.propertyguru.com.sg/project/canary-park-1475,Canary Park,0 Jalan Simpang Bedok,488000
611042,https://www.propertyguru.com.sg/project/casa-fidelio-1701,Casa Fidelio,0 Fidelio Street,458000
611043,https://www.propertyguru.com.sg/project/cashew-crescent-1708,Cashew Crescent,1A Cashew Crescent,679865
611044,https://www.propertyguru.com.sg/project/cashew-garden-20844,Cashew Garden,0 Cashew Link,679000
611045,https://www.propertyguru.com.sg/project/cashew-green-23554,Cashew Green,102 Cashew Road,679673
611046,https://www.propertyguru.com.sg/project/cashew-hill-1153,Cashew Hill,0 Cashew Crescent,679000
611047,https://www.propertyguru.com.sg/project/cayman-residences-23505,Cayman Residences,1 East Coast Avenue,459169
611048,https://www.propertyguru.com.sg/project/cedarwood-grove-1712,Cedarwood Grove,0 Cedarwood Grove,738000
611049,https://www.propertyguru.com.sg/project/centurion-residences-1013,Centurion Residences,0 Puay Hee Avenue,348000
611050,https://www.propertyguru.com.sg/project/century-woods-1077,Century Woods,0 Woodgrove View,730000
611051,https://www.propertyguru.com.sg/project/chancery-hill-villas-22152,Chancery Hill Villas,00 Chancery Hill Road,307000
611052,https://www.propertyguru.com.sg/project/changi-grove-20849,Changi Grove,0 Mariam Close,508000
611053,https://www.propertyguru.com.sg/project/changi-heights-1000,Changi Heights,0 Jalan Sinar Bintang,507000
611054,https://www.propertyguru.com.sg/project/charlton-18-21793,Charlton 18,65 Charlton Lane,533994
611055,https://www.propertyguru.com.sg/project/charlton-park-20850,Charlton Park,0 Jalan Pelikat,537000
611056,https://www.propertyguru.com.sg/project/charlton-residences-20933,Charlton Residences,0 Charlton Road,539000
611057,https://www.propertyguru.com.sg/project/charlton-villas-1347,Charlton Villas,0 Charlton Lane,539000
611058,https://www.propertyguru.com.sg/project/chateau-la-salle-1287,Chateau La Salle,0 La Salle Street,456000
611059,https://www.propertyguru.com.sg/project/chatsworth-park-21160,Chatsworth Park,0 Chatsworth Park,249000
611060,https://www.propertyguru.com.sg/project/chelsea-village-1808,Chelsea Village,0 Jambol Place,119000
611061,https://www.propertyguru.com.sg/project/cheng-soon-garden-1458,Cheng Soon Garden,0 Cheng Soon Crescent,599880
611062,https://www.propertyguru.com.sg/project/cheow-keng-garden-1829,Cheow Keng Garden,0 Cheow Keng Road,429000
611063,https://www.propertyguru.com.sg/project/chestnut-gardens-1818,Chestnut Gardens,0 Chestnut Gardens,679000
611064,https://www.propertyguru.com.sg/project/chestnut-residences-1150,Chestnut Residences,0 Dairy Farm Crescent,679000
611065,https://www.propertyguru.com.sg/project/chip-bee-gardens-20535,Chip Bee Gardens,0 Jalan Puteh Jerneh,278000
611066,https://www.propertyguru.com.sg/project/chip-thye-garden-1821,Chip Thye Garden,0 Yio Chu Kang Gardens,568000
611067,https://www.propertyguru.com.sg/project/chiselhurst-green-20633,Chiselhurst Green,0 Chuan Link,554000
611068,https://www.propertyguru.com.sg/project/chuan-garden-20857,Chuan Garden,0 Chuan Garden,558000
611069,https://www.propertyguru.com.sg/project/chuan-green-808,Chuan Green,0 Chuan Drive,550000
611070,https://www.propertyguru.com.sg/project/chuan-loft-1823,Chuan Loft,0 Chuan Drive,554000
611071,https://www.propertyguru.com.sg/project/chuan-seven-1824,Chuan Seven,0 Chuan Drive,554000
611072,https://www.propertyguru.com.sg/project/chuan-terrace-1825,Chuan Terrace,0 Chuan Terrace,558000
611073,https://www.propertyguru.com.sg/project/chuan-vale-1826,Chuan Vale,0 Jalan Nira,554000
611074,https://www.propertyguru.com.sg/project/chuan-villas-1827,Chuan Villas,0 Chuan Close,554000
611075,https://www.propertyguru.com.sg/project/chuan-ville-20858,Chuan Ville,0 Chuan Link,554000
611076,https://www.propertyguru.com.sg/project/chuan-vista-1472,Chuan Vista,0 Chuan Drive,554000
611077,https://www.propertyguru.com.sg/project/chwee-chian-view-1830,Chwee Chian View,0 Chwee Chian View,119000
611078,https://www.propertyguru.com.sg/project/classical-terrace-1832,Classical Terrace,0 Jalan Rindu,537000
611079,https://www.propertyguru.com.sg/project/clementi-green-1834,Clementi Green,0 Clementi Crescent,599000
611080,https://www.propertyguru.com.sg/project/cluny-park-20862,Cluny Park,0 Cluny Park,259000
611081,https://www.propertyguru.com.sg/project/clydescove-1835,Clydescove,0 Loyang Place,508000
611082,https://www.propertyguru.com.sg/project/clydesville-862,Clydesville,0 Jalan Loyang Besar,509000
611083,https://www.propertyguru.com.sg/project/comfort-garden-20863,Comfort Garden,1 Hong San Walk,688992
611084,https://www.propertyguru.com.sg/project/coral-island-1838,Coral Island,0 Ocean Drive,98000
611085,https://www.propertyguru.com.sg/project/coral-park-937,Coral Park,0 Jalan Pemimpin,577000
611086,https://www.propertyguru.com.sg/project/coronation-gardens-20865,Coronation Gardens,0 Duchess Avenue,269000
611087,https://www.propertyguru.com.sg/project/d-manor-449,D'Manor,0 Tanah Merah Kechil Avenue,465000
611088,https://www.propertyguru.com.sg/project/da-silva-villas-20870,Da Silva Villas,0 Da Silva Lane,549000
611089,https://www.propertyguru.com.sg/project/dalla-vale-1061,Dalla Vale,0 Springleaf Avenue,788000
611090,https://www.propertyguru.com.sg/project/dedap-gardens-20872,Dedap Gardens,0 Dedap Link,809000
611091,https://www.propertyguru.com.sg/project/duchess-gardens-1878,Duchess Gardens,0 Duchess Avenue,269000
611092,https://www.propertyguru.com.sg/project/duchess-place-1880,Duchess Place,1 Duchess Place,269042
611093,https://www.propertyguru.com.sg/project/duke-s-gardens-1882,Duke's Gardens,0 Princess of Wales Road,266000
611094,https://www.propertyguru.com.sg/project/dunearn-estate-1102,Dunearn Estate,0 Tudor Close,297000
611095,https://www.propertyguru.com.sg/project/dunsfold-18-1151,Dunsfold 18,0 Dunsfold Drive,359396
611096,https://www.propertyguru.com.sg/project/dunsfold-residences-20620,Dunsfold Residences,0 Dunsfold Drive,357000
611097,https://www.propertyguru.com.sg/project/east-coast-hill-1098,East Coast Hill,0 Sennett Avenue,466000
611098,https://www.propertyguru.com.sg/project/east-coast-park-21350,East Coast Park,0 Third Street,455000
611099,https://www.propertyguru.com.sg/project/east-moon-park-20882,East Moon Park,0 Tua Kong Walk,455000
611100,https://www.propertyguru.com.sg/project/east-view-garden-2558,East View Garden,00 Jalan Pergam,487000
611101,https://www.propertyguru.com.sg/project/eastern-grove-1895,Eastern Grove,0 Jalan Limau Manis,468000
611102,https://www.propertyguru.com.sg/project/eastwood-gardens-2559,Eastwood Gardens,0 Tua Kong Terrace,455000
611103,https://www.propertyguru.com.sg/project/eastwood-park-1033,Eastwood Park,0 Eastwood Walk,486000
611104,https://www.propertyguru.com.sg/project/eastwood-ville-1127,Eastwood Ville,0 Eastwood Terrace,486000
611105,https://www.propertyguru.com.sg/project/eastwood-walk-gardens-1901,Eastwood Walk Gardens,0 Eastwood Walk,486000
611106,https://www.propertyguru.com.sg/project/eaton-park-1902,Eaton Park,0 Gerald Drive,799000
611107,https://www.propertyguru.com.sg/project/eden-park-20883,Eden Park,2 Redwood Avenue,276712
611108,https://www.propertyguru.com.sg/project/eight-east-coast-667,Eight @ East Coast,0 East Coast Avenue,459000
611109,https://www.propertyguru.com.sg/project/elias-terrace-1427,Elias Terrace,0 Elias Terrace,519000
611110,https://www.propertyguru.com.sg/project/elite-residences-22153,Elite Residences,52F Elite Terrace,458817
611111,https://www.propertyguru.com.sg/project/eng-aun-park-20885,Eng Aun Park,0 Jalan Novena Utara,308000
611112,https://www.propertyguru.com.sg/project/eng-kong-park-20809,Eng Kong Park,104B Lorong Kismis,598035
611113,https://www.propertyguru.com.sg/project/eng-kong-villas-20886,Eng Kong Villas,0 Eng Kong Crescent,599000
611114,https://www.propertyguru.com.sg/project/english-villas-1912,English Villas,0 Bedok Rise,469000
611115,https://www.propertyguru.com.sg/project/estrivillas-1163,Estrivillas,0 Jalan Lim Tai See,268000
611116,https://www.propertyguru.com.sg/project/evergreen-garden-20893,Evergreen Garden,0 Evergreen Gardens,468000
611117,https://www.propertyguru.com.sg/project/ewart-park-20896,Ewart Park,0 Ewart Park,279000
611118,https://www.propertyguru.com.sg/project/excelsior-gardens-1454,Excelsior Gardens,0 Minaret Walk,467000
611119,https://www.propertyguru.com.sg/project/faber-garden-estate-647,Faber Garden Estate,0 Jalan Seruling,570000
611120,https://www.propertyguru.com.sg/project/faber-hills-estate-21474,Faber Hills Estate,0 Faber Walk,128000
611121,https://www.propertyguru.com.sg/project/fame-court-1925,Fame Court,0 Jalan Tua Kong,457000
611122,https://www.propertyguru.com.sg/project/fanta-garden-1927,Fanta Garden,0 Begonia Drive,809000
611123,https://www.propertyguru.com.sg/project/fengli-gardens-20899,Fengli Gardens,0 Lorong Ong Lye,536000
611124,https://www.propertyguru.com.sg/project/fernhill-cottage-1120,Fernhill Cottage,0 Fernhill Road,259000
611125,https://www.propertyguru.com.sg/project/fernhill-lodge-1879,Fernhill Lodge,31 Fernhill Road,259091
611126,https://www.propertyguru.com.sg/project/fernwood-terrace-1930,Fernwood Terrace,0 Fernwood Terrace,458000
611127,https://www.propertyguru.com.sg/project/florida-park-1460,Florida Park,0 Sunrise Way,806000
611128,https://www.propertyguru.com.sg/project/foh-pin-garden-1933,Foh Pin Garden,0 Charlton Lane,539000
611129,https://www.propertyguru.com.sg/project/fortuna-hill-1934,Fortuna Hill,0 Hillside Drive,548000
611130,https://www.propertyguru.com.sg/project/fortune-view-1936,Fortune View,0 Sommerville Walk,358000
611131,https://www.propertyguru.com.sg/project/frankel-estate-336,Frankel Estate,45A Dunbar Walk,454937
611132,https://www.propertyguru.com.sg/project/fudu-park-730,Fudu Park,0 Fudu Park,789000
611133,https://www.propertyguru.com.sg/project/fulton-hill-1054,Fulton Hill,0 Fulton Road,578000
611134,https://www.propertyguru.com.sg/project/gabriel-villas-1942,Gabriel Villas,0 Serangoon Avenue 1,556000
611135,https://www.propertyguru.com.sg/project/gallop-ridge-20904,Gallop Ridge,0 Gallop Walk,258000
611136,https://www.propertyguru.com.sg/project/gallop-villas-20906,Gallop Villas,0 Gallop Park Road,258000
611137,https://www.propertyguru.com.sg/project/gao-min-hua-yuan-20907,Gao Min Hua Yuan,0 Shamah Terrace,597000
611138,https://www.propertyguru.com.sg/project/garden-view-estate-20908,Garden View Estate,0 Conway Circle,558000
611139,https://www.propertyguru.com.sg/project/garlick-ville-1948,Garlick Ville,0 Sixth Crescent,276000
611140,https://www.propertyguru.com.sg/project/gentle-villas-909,Gentle Villas,0 Gentle Drive,309000
611141,https://www.propertyguru.com.sg/project/gerald-gardens-1950,Gerald Gardens,0 Gerald Crescent,799000
611142,https://www.propertyguru.com.sg/project/gerald-mugliston-estate-23675,Gerald Mugliston Estate,1 Bukit Mugliston,799860
611143,https://www.propertyguru.com.sg/project/gerald-park-20533,Gerald Park,0 Gerald Park,799000
611144,https://www.propertyguru.com.sg/project/gerald-residences-1951,Gerald Residences,0 Gerald Crescent,797000
611145,https://www.propertyguru.com.sg/project/gilstead-brooks-825,Gilstead Brooks,0 Gilstead Road,309000
611146,https://www.propertyguru.com.sg/project/golden-chuan-ville-20914,Golden Chuan Ville,0 Lorong Chuan,556000
611147,https://www.propertyguru.com.sg/project/golden-hill-estate-606,Golden Hill Estate,0 Golden Hill Estate,550000
611148,https://www.propertyguru.com.sg/project/golden-rise-estate-1965,Golden Rise Estate,0 Toh Tuck Walk,596000
611149,https://www.propertyguru.com.sg/project/goldenhill-villas-1113,Goldenhill Villas,0 Golden Drive,554000
611150,https://www.propertyguru.com.sg/project/goldhill-gardens-20916,Goldhill Gardens,00 Goldhill Avenue,309000
611151,https://www.propertyguru.com.sg/project/goodlink-park-1967,Goodlink Park,0 Sembawang Road,758000
611152,https://www.propertyguru.com.sg/project/grace-garden-20919,Grace Garden,29 Jalan Baiduri,428400
611153,https://www.propertyguru.com.sg/project/grace-park-1975,Grace Park,0 Lorong Chuan,556000
611154,https://www.propertyguru.com.sg/project/grandioso-8-21805,Grandioso 8,0 Bright Hill Crescent,579000
611155,https://www.propertyguru.com.sg/project/green-park-1981,Green Park,25 Jalan Limau Kasturi,468429
611156,https://www.propertyguru.com.sg/project/green-springs-20639,Green Springs,0 Gerald Crescent,797000
611157,https://www.propertyguru.com.sg/project/greenbank-park-954,Greenbank Park,0 Greenbank Park,589000
611158,https://www.propertyguru.com.sg/project/greenridge-1983,Greenridge,0 Greenridge Crescent,598000
611159,https://www.propertyguru.com.sg/project/greenwood-villas-1984,Greenwood Villas,0 Greenwood Walk,289000
611160,https://www.propertyguru.com.sg/project/gryphon-terrace-1986,Gryphon Terrace,0 Pasir Panjang Road,118000
611161,https://www.propertyguru.com.sg/project/guan-soon-terrace-20925,Guan Soon Terrace,0 Guan Soon Avenue,489000
611162,https://www.propertyguru.com.sg/project/hai-sing-park-20927,Hai Sing Park,0 Hai Sing Road,538000
611163,https://www.propertyguru.com.sg/project/haigsville-2001,Haigsville,0 Haigsville Drive,438000
611164,https://www.propertyguru.com.sg/project/hampstead-20928,Hampstead,0 Sunset Vale,597000
611165,https://www.propertyguru.com.sg/project/happy-estate-799,Happy Estate,0 Thomson Walk,574000
611166,https://www.propertyguru.com.sg/project/harvey-residences-20930,Harvey Residences,0 Harvey Avenue,489000
611167,https://www.propertyguru.com.sg/project/harvey-view-2006,Harvey View,0 Harvey Avenue,489000
611168,https://www.propertyguru.com.sg/project/haus-serangoon-garden-21288,Haus@Serangoon Garden,0 Serangoon Garden Way,559000
611169,https://www.propertyguru.com.sg/project/hazel-park-terrace-2007,Hazel Park Terrace,0 Hazel Park Terrace,678000
611170,https://www.propertyguru.com.sg/project/heeton-park-2008,Heeton Park,0 Thong Soone Road,787000
611171,https://www.propertyguru.com.sg/project/henley-gardens-2011,Henley Gardens,0 Jalan Arif,545000
611172,https://www.propertyguru.com.sg/project/henry-park-839,Henry Park,1 Mount Sinai Road,276836
611173,https://www.propertyguru.com.sg/project/henry-park-estate-21185,Henry Park Estate,0 Grove Avenue,279110
611174,https://www.propertyguru.com.sg/project/heritage-9-20931,Heritage 9,0 Koon Seng Road,426000
611175,https://www.propertyguru.com.sg/project/high-park-residences-22181,High Park Residences,21 Fernvale Road,797637
611176,https://www.propertyguru.com.sg/project/highland-cottage-2015,Highland Cottage,0 Highland Walk,549000
611177,https://www.propertyguru.com.sg/project/highland-residences-896,Highland Residences,0 Highland Road,545000
611178,https://www.propertyguru.com.sg/project/hill-park-2016,Hill Park,30 Jalan Bahasa,299274
611179,https://www.propertyguru.com.sg/project/hillodge-20932,Hillodge,0 Pasir Panjang Hill,118000
611180,https://www.propertyguru.com.sg/project/hillsgrove-22156,Hillsgrove,5 Hillside Drive,548922
611181,https://www.propertyguru.com.sg/project/hillside-gardens-2018,Hillside Gardens,0 Hillside Drive,549000
611182,https://www.propertyguru.com.sg/project/hillview-estate-2023,Hillview Estate,0 Jalan Intan,668000
611183,https://www.propertyguru.com.sg/project/hillview-garden-estate-23767,Hillview Garden Estate,55 Jalan Dermawan,669000
611184,https://www.propertyguru.com.sg/project/hillview-villas-2024,Hillview Villas,0 Hillview Crescent,669426
611185,https://www.propertyguru.com.sg/project/hock-swee-hill-1018,Hock Swee Hill,0 Begonia Terrace,809000
611186,https://www.propertyguru.com.sg/project/holland-green-641,Holland Green,0 Holland Green,276000
611187,https://www.propertyguru.com.sg/project/holland-grove-582,Holland Grove,0 Holland Grove View,276185
611188,https://www.propertyguru.com.sg/project/holland-park-2235,Holland Park,0 Holland Heights,249000
611189,https://www.propertyguru.com.sg/project/homes-at-eastwood-place-20935,Homes at Eastwood Place,8 Eastwood Place,486538
611190,https://www.propertyguru.com.sg/project/hong-heng-terrace-2036,Hong Heng Terrace,0 Thong Bee Road,778000
611191,https://www.propertyguru.com.sg/project/hoover-park-572,Hoover Park,0 Yuk Tong Avenue,596000
611192,https://www.propertyguru.com.sg/project/horizon-green-1071,Horizon Green,0 Ang Mo Kio Avenue 2,567000
611193,https://www.propertyguru.com.sg/project/how-sun-park-2039,How Sun Park,0 How Sun Avenue,538000
611194,https://www.propertyguru.com.sg/project/hua-guan-garden-2042,Hua Guan Garden,0 Hua Guan Crescent,589000
611195,https://www.propertyguru.com.sg/project/hua-guan-gardens-20937,Hua Guan Gardens,0 Hua Guan Crescent,589000
611196,https://www.propertyguru.com.sg/project/hua-mei-gardens-2043,Hua Mei Gardens,0 Phoenix Rise,668000
611197,https://www.propertyguru.com.sg/project/illoura-2644,Illoura,861 Old Holland Road,278684
611198,https://www.propertyguru.com.sg/project/island-country-villas-852,Island Country Villas,0 Casuarina Walk,574000
611199,https://www.propertyguru.com.sg/project/island-gardens-2050,Island Gardens,0 Island Gardens Walk,578000
611200,https://www.propertyguru.com.sg/project/island-park-2051,Island Park,0 Jalan Tambur,576000
611201,https://www.propertyguru.com.sg/project/jade-vine-gardens-2056,Jade Vine Gardens,0 Kang Choo Bin Road,548000
611202,https://www.propertyguru.com.sg/project/jazz-residences-22817,Jazz Residences,- Lim Ah Pin Road,547819
611203,https://www.propertyguru.com.sg/project/jc-ville-2060,JC Ville,0 Joo Chiat Place,427000
611204,https://www.propertyguru.com.sg/project/jervois-ville-20941,Jervois Ville,0 Jervois Road,249000
611205,https://www.propertyguru.com.sg/project/jin-ding-garden-2066,Jin Ding Garden,0 Bedok Walk,469000
611206,https://www.propertyguru.com.sg/project/juluca-1505,Juluca,0 Pasir Panjang Road,117000
611207,https://www.propertyguru.com.sg/project/kasara-20946,Kasara,0 Ocean Drive,98000
611208,https://www.propertyguru.com.sg/project/kechubong-terrace-20947,Kechubong Terrace,0 Jalan Kechubong,799000
611209,https://www.propertyguru.com.sg/project/kelulut-hill-844,Kelulut Hill,0 Kelulut Hill,805000
611210,https://www.propertyguru.com.sg/project/kembangan-villas-2083,Kembangan Villas,0 Lengkong Tiga,417000
611211,https://www.propertyguru.com.sg/project/kew-cottages-2087,Kew Cottages,0 Limau Walk,467000
611212,https://www.propertyguru.com.sg/project/kew-grove-2088,Kew Grove,0 Kew Drive,467000
611213,https://www.propertyguru.com.sg/project/kew-lodge-20948,Kew Lodge,0 Kheam Hock Road,298000
611214,https://www.propertyguru.com.sg/project/kew-residencia-897,Kew Residencia,0 Kew Crescent,465000
611215,https://www.propertyguru.com.sg/project/kew-vale-724,Kew Vale,0 Kew Avenue,466000
611216,https://www.propertyguru.com.sg/project/kimnan-park-1008,Kimnan Park,0 Taman Selamat,416000
611217,https://www.propertyguru.com.sg/project/king-s-garden-2098,King's Garden,0 King's Walk,268000
611218,https://www.propertyguru.com.sg/project/kingsville-739,Kingsville,0 King's Drive,266300
611219,https://www.propertyguru.com.sg/project/kismis-residences-23301,Kismis Residences,00 Eng Kong Terrace,590000
611220,https://www.propertyguru.com.sg/project/la-quinta-park-2117,La Quinta Park,0 Chuan Walk,558000
611221,https://www.propertyguru.com.sg/project/la-salle-villas-2118,La Salle Villas,0 La Salle Street,456000
611222,https://www.propertyguru.com.sg/project/ladyhill-park-20954,Ladyhill Park,0 Fernhill Road,259000
611223,https://www.propertyguru.com.sg/project/lakeside-grove-602,Lakeside Grove,0 Corporation Rise,618000
611224,https://www.propertyguru.com.sg/project/lange-28-20955,Lange 28,0 Lange Road,548000
611225,https://www.propertyguru.com.sg/project/lauw-sons-garden-2124,Lauw & Sons Garden,0 Clover Way,579000
611226,https://www.propertyguru.com.sg/project/legend-jansen-1170,Legend @ Jansen,0 Jansen Road,548000
611227,https://www.propertyguru.com.sg/project/leith-park-2133,Leith Park,0 Leith Park,547000
611228,https://www.propertyguru.com.sg/project/lentor-view-2136,Lentor View,0 Lentor Way,788000
611229,https://www.propertyguru.com.sg/project/lentor-villas-476,Lentor Villas,0 Lentor Street,786000
611230,https://www.propertyguru.com.sg/project/lewis-lodge-22108,Lewis Lodge,41A Lewis Road,258613
611231,https://www.propertyguru.com.sg/project/lilac-park-2142,Lilac Park,0 Nim Road,807000
611232,https://www.propertyguru.com.sg/project/limau-grove-2143,Limau Grove,0 Limau Grove,467000
611233,https://www.propertyguru.com.sg/project/limau-villas-838,Limau Villas,0 Limau Terrace,465000
611234,https://www.propertyguru.com.sg/project/liria-terrace-1045,Liria Terrace,0 Mariam Way,507000
611235,https://www.propertyguru.com.sg/project/llyn-gardens-2147,Llyn Gardens,0 Paya Lebar Walk,535000
611236,https://www.propertyguru.com.sg/project/longbeach-townhouse-20961,Longbeach Townhouse,0 Pasir Panjang Road,118000
611237,https://www.propertyguru.com.sg/project/lornie-gardens-2150,Lornie Gardens,0 Lornie Walk,298000
611238,https://www.propertyguru.com.sg/project/lorong-4-realty-park-23126,Lorong 4 Realty Park,00 Lorong 4 Realty Park,530000
611239,https://www.propertyguru.com.sg/project/lorong-7-realty-park-22129,Lorong 7 Realty Park,00 Lorong 7 Realty Park,539999
611240,https://www.propertyguru.com.sg/project/loyang-court-2154,Loyang Court,0 Jalan Loyang Besar,507000
611241,https://www.propertyguru.com.sg/project/loyang-green-2156,Loyang Green,0 Jalan Loyang Besar,509000
611242,https://www.propertyguru.com.sg/project/loyang-terrace-2158,Loyang Terrace,0 Loyang Terrace,508000
611243,https://www.propertyguru.com.sg/project/loyang-villas-233,Loyang Villas,0 Loyang Rise,507000
611244,https://www.propertyguru.com.sg/project/lucky-hill-2160,Lucky Hill,0 Jalan Limau Nipis,468000
611245,https://www.propertyguru.com.sg/project/luxus-hills-20772,Luxus Hills,1 Seletar Green Avenue,804470
611246,https://www.propertyguru.com.sg/project/lynnsville-331-643,Lynnsville 331,0 Pasir Panjang Road,117000
611247,https://www.propertyguru.com.sg/project/macpherson-garden-estate-393,MacPherson Garden Estate,0 Macpherson Road,368000
611248,https://www.propertyguru.com.sg/project/mandarin-park-2169,Mandarin Park,0 Yuk Tong Avenue,596000
611249,https://www.propertyguru.com.sg/project/manila-gardens-20965,Manila Gardens,0 Tua Kong Place,455000
611250,https://www.propertyguru.com.sg/project/marine-garden-20967,Marine Garden,0 Siglap Road,455000
611251,https://www.propertyguru.com.sg/project/marymount-terrace-20970,Marymount Terrace,0 Marymount Terrace,576000
611252,https://www.propertyguru.com.sg/project/matlock-residences-20626,Matlock Residences,0 Matlock Rise,358000
611253,https://www.propertyguru.com.sg/project/mayflower-gardens-20971,Mayflower Gardens,0 Mayflower Drive,568000
611254,https://www.propertyguru.com.sg/project/mayflower-ville-20972,Mayflower Ville,0 Mayflower Crescent,568000
611255,https://www.propertyguru.com.sg/project/mayview-townhouses-20973,Mayview Townhouses,0 Mayflower Avenue,568000
611256,https://www.propertyguru.com.sg/project/medallion-20974,Medallion,0 Braddell Road,359000
611257,https://www.propertyguru.com.sg/project/melody-villas-2193,Melody Villas,0 Lentor Walk,788000
611258,https://www.propertyguru.com.sg/project/mera-gardens-941,Mera Gardens,0 Almond Avenue,677000
611259,https://www.propertyguru.com.sg/project/mera-terrace-942,Mera Terrace,0 Seagull Walk,486000
611260,https://www.propertyguru.com.sg/project/michaels-residences-21436,Michaels' Residences,0 Almond Avenue,677000
611261,https://www.propertyguru.com.sg/project/milford-villas-1024,Milford Villas,0 Lorong Selangat,358000
611262,https://www.propertyguru.com.sg/project/mimosa-terrace-270,Mimosa Terrace,0 Mimosa Terrace,805000
611263,https://www.propertyguru.com.sg/project/mimosa-vale-20976,Mimosa Vale,0 Mimosa Vale,807000
611264,https://www.propertyguru.com.sg/project/mimosa-villas-20977,Mimosa Villas,0 Mimosa Walk,807000
611265,https://www.propertyguru.com.sg/project/ming-park-2205,Ming Park,0 Jalan Binchang,578000
611266,https://www.propertyguru.com.sg/project/ming-teck-park-2206,Ming Teck Park,0 Ming Teck Park,277000
611267,https://www.propertyguru.com.sg/project/mistral-park-1453,Mistral Park,0 Jalan Angin Laut,489000
611268,https://www.propertyguru.com.sg/project/mosella-20980,Mosella,0 Muswell Hill,358000
611269,https://www.propertyguru.com.sg/project/mount-echo-park-2219,Mount Echo Park,0 Mount Echo Park,248000
611270,https://www.propertyguru.com.sg/project/mt-sinai-residences-20981,Mt Sinai Residences,0 Mount Sinai Lane,270000
611271,https://www.propertyguru.com.sg/project/mugliston-hill-1092,Mugliston Hill,0 Mugliston Park,798000
611272,https://www.propertyguru.com.sg/project/mun-wah-garden-20982,Mun Wah Garden,0 Tung Po Avenue,787000
611273,https://www.propertyguru.com.sg/project/namly-court-20984,Namly Court,0 Bukit Timah Road,269000
611274,https://www.propertyguru.com.sg/project/new-soo-chow-gardens-883,New Soo Chow Gardens,0 Soo Chow Way,575000
611275,https://www.propertyguru.com.sg/project/nim-collection-23373,Nim Collection,1 Nim Terrace,804360
611276,https://www.propertyguru.com.sg/project/northill-2241,Northill,0 Jalan Kasau,739000
611277,https://www.propertyguru.com.sg/project/northshore-bungalows-2251,Northshore Bungalows,0 Ponggol Seventeenth Avenue,829000
611278,https://www.propertyguru.com.sg/project/oak-villas-20989,Oak Villas,0 Maple Avenue,277000
611279,https://www.propertyguru.com.sg/project/oasis-mulberry-762,Oasis @ Mulberry,0 Chempaka Avenue,340000
611280,https://www.propertyguru.com.sg/project/ocean-8-693,Ocean 8,0 Ocean Drive,98000
611281,https://www.propertyguru.com.sg/project/odeon-seaside-park-2255,Odeon Seaside Park,0 East Coast Road,428000
611282,https://www.propertyguru.com.sg/project/oei-tiong-ham-park-20992,Oei Tiong Ham Park,0 Oei Tiong Ham Park,267000
611283,https://www.propertyguru.com.sg/project/one-surin-22158,One Surin,1 Surin Avenue,535576
611284,https://www.propertyguru.com.sg/project/opera-estate-211,Opera Estate,0 Fidelio Street,459000
611285,https://www.propertyguru.com.sg/project/orchid-village-20996,Orchid Village,6 Vanda Crescent,287896
611286,https://www.propertyguru.com.sg/project/palm-grove-regency-1247,Palm Grove Regency,0 Palm Grove Avenue,547000
611287,https://www.propertyguru.com.sg/project/palm-grove-terrace-20998,Palm Grove Terrace,0 Flower Road,545000
611288,https://www.propertyguru.com.sg/project/palm-view-row-20999,Palm View Row,0 Pasir Panjang Road,118000
611289,https://www.propertyguru.com.sg/project/paradise-island-21001,Paradise Island,0 Paradise Island,98000
611290,https://www.propertyguru.com.sg/project/park-villas-474,Park Villas,0 Park Villas Green,545000
611291,https://www.propertyguru.com.sg/project/parkwood-collection-23661,Parkwood Collection,00 Lorong 1 Realty Park,536000
611292,https://www.propertyguru.com.sg/project/parry-garden-2281,Parry Garden,0 Poh Huat Road,546000
611293,https://www.propertyguru.com.sg/project/parry-green-2282,Parry Green,0 Limbok terrace,545000
611294,https://www.propertyguru.com.sg/project/parry-park-1028,Parry Park,0 Parry Park Estate,547000
611295,https://www.propertyguru.com.sg/project/parryville-21002,Parryville,0 Poh Huat Drive,546000
611296,https://www.propertyguru.com.sg/project/pasir-panjang-gardens-21003,Pasir Panjang Gardens,0 Taman Mas Merah,128000
611297,https://www.propertyguru.com.sg/project/pasir-ris-beach-park-477,Pasir Ris Beach Park,0 Pasir Ris Terrace,518000
611298,https://www.propertyguru.com.sg/project/pavilion-park-849,Pavilion Park,0 Pavilion Circle,658000
611299,https://www.propertyguru.com.sg/project/paya-lebar-gardens-21006,Paya Lebar Gardens,0 Upper Paya Lebar Road,534000
611300,https://www.propertyguru.com.sg/project/peakview-estate-2289,Peakview Estate,0 Upper Changi Road,486000
611301,https://www.propertyguru.com.sg/project/peakville-park-2290,Peakville Park,0 Peakville Walk,487000
611302,https://www.propertyguru.com.sg/project/pearl-island-21677,Pearl Island,0 Pearl Island,98000
611303,https://www.propertyguru.com.sg/project/peirce-villas-863,Peirce Villas,0 Swettenham Road,248000
611304,https://www.propertyguru.com.sg/project/pinewood-terrace-21010,Pinewood Terrace,0 Pinewood Grove,738000
611305,https://www.propertyguru.com.sg/project/president-gardens-1435,President Gardens,0 Lentor Green,789000
611306,https://www.propertyguru.com.sg/project/princess-of-wales-park-1133,Princess of Wales Park,0 Duchess Road,269000
611307,https://www.propertyguru.com.sg/project/princeton-vale-2313,Princeton Vale,0 Poh Huat Terrace,545000
611308,link,project,,
611309,https://www.propertyguru.com.sg/project/queen-astrid-park-21014,Queen Astrid Park,0 Queen Astrid Park,266000
611310,https://www.propertyguru.com.sg/project/raintree-valley-2321,Raintree Valley,0 Munshi Abdullah Walk,788000
611311,https://www.propertyguru.com.sg/project/raya-garden-21016,Raya Garden,0 Jalan Kelichap,538000
611312,https://www.propertyguru.com.sg/project/rebecca-park-21018,Rebecca Park,0 Rebecca Road,266000
611313,https://www.propertyguru.com.sg/project/regent-villa-912,Regent Villa,0 Jalan Lim Tai See,268000
611314,https://www.propertyguru.com.sg/project/reservoir-villas-1580,Reservoir Villas,0 Jalan Rimau,418000
611315,https://www.propertyguru.com.sg/project/residences-limau-689,Residences @ Limau,0 Jalan Limau Bali,467000
611316,https://www.propertyguru.com.sg/project/residences-stangee-1166,Residences @ Stangee,0 Lorong Stangee,425000
611317,https://www.propertyguru.com.sg/project/residences-8-1149,Residences 8,0 Lengkok Merak,248000
611318,https://www.propertyguru.com.sg/project/ria-townhouses-2329,Ria Townhouses,0 Bedok Ria Crescent,489000
611319,https://www.propertyguru.com.sg/project/richard-s-park-21019,Richard's Park,0 Richards Avenue,546000
611320,https://www.propertyguru.com.sg/project/richmond-ville-2338,Richmond Ville,0 Limau Garden,465000
611321,https://www.propertyguru.com.sg/project/ridgevale-gardens-2341,Ridgevale Gardens,0 Upper Bukit Timah View,588000
611322,https://www.propertyguru.com.sg/project/roman-terrace-21020,Roman Terrace,0 Lorong L Telok Kurau,425000
611323,https://www.propertyguru.com.sg/project/rosie-view-2368,Rosie View,0 Mount Rosie Road,308000
611324,https://www.propertyguru.com.sg/project/rosyth-terrace-21021,Rosyth Terrace,0 Rosyth Terrace,546000
611325,https://www.propertyguru.com.sg/project/saint-helier-s-avenue-22080,Saint Helier's Avenue,00 Saint Helier's Avenue,559999
611326,https://www.propertyguru.com.sg/project/sandilands-residences-2389,Sandilands Residences,0 Sandilands Road,546000
611327,https://www.propertyguru.com.sg/project/sandy-island-20610,Sandy Island,0 Sandy Island,98000
611328,https://www.propertyguru.com.sg/project/sanford-park-21024,Sanford Park,0 Sirat Place,545000
611329,https://www.propertyguru.com.sg/project/sanny-park-2390,Sanny Park,0 Merryn Terrace,298000
611330,https://www.propertyguru.com.sg/project/saraca-gardens-1074,Saraca Gardens,0 Saraca Walk,807000
611331,https://www.propertyguru.com.sg/project/saraca-villas-919,Saraca Villas,0 Saraca Walk,807000
611332,https://www.propertyguru.com.sg/project/sarina-terrace-21025,Sarina Terrace,0 Lorong Sarina,416000
611333,https://www.propertyguru.com.sg/project/savoy-park-1126,Savoy Park,0 Eng Kong Drive,599000
611334,https://www.propertyguru.com.sg/project/sayang-villa-2393,Sayang Villa,0 Bournemouth Road,439000
611335,https://www.propertyguru.com.sg/project/sea-breeze-terrace-2396,Sea Breeze Terrace,0 Sea Breeze Avenue,487000
611336,https://www.propertyguru.com.sg/project/seaside-park-2397,Seaside Park,0 Jalan Selendang Delima,457000
611337,https://www.propertyguru.com.sg/project/seletar-garden-2401,Seletar Garden,0 Cactus Road,809000
611338,https://www.propertyguru.com.sg/project/seletar-hills-estate-167,Seletar Hills Estate,00 Jalan Bangau,809360
611339,https://www.propertyguru.com.sg/project/seletar-park-2402,Seletar Park,0 Seletar Crescent,807000
611340,https://www.propertyguru.com.sg/project/sembawang-hills-estate-192,Sembawang Hills Estate,0 Sembawang Hills Drive,570000
611341,https://www.propertyguru.com.sg/project/sembawang-park-2403,Sembawang Park,0 Jalan Mata Ayer,759000
611342,https://www.propertyguru.com.sg/project/sembawang-springs-estate-502,Sembawang Springs Estate,0 Jalan Shaer,769000
611343,https://www.propertyguru.com.sg/project/sembawang-square-estate-2404,Sembawang Square Estate,0 Sembawang Road,758000
611344,https://www.propertyguru.com.sg/project/sembawang-straits-estate-21026,Sembawang Straits Estate,0 Jalan Machang,759000
611345,https://www.propertyguru.com.sg/project/seng-yong-villas-2405,Seng Yong Villas,0 Jalan Grisek,419000
611346,https://www.propertyguru.com.sg/project/sennett-estate-21028,Sennett Estate,0 Kee Choe Avenue,349000
611347,https://www.propertyguru.com.sg/project/sentosa-cove-918,Sentosa Cove,0 Ocean Drive,90000
611348,https://www.propertyguru.com.sg/project/serangoon-garden-estate-112,Serangoon Garden Estate,112 Cowdray Avenue,558108
611349,https://www.propertyguru.com.sg/project/serene-park-21030,Serene Park,0 Tamarind Road,806000
611350,https://www.propertyguru.com.sg/project/serenity-terrace-21031,Serenity Terrace,0 Lorong Marzuki,417000
611351,https://www.propertyguru.com.sg/project/seven-oaks-21032,Seven Oaks,0 Old Holland Road,278000
611352,https://www.propertyguru.com.sg/project/shamrock-park-21033,Shamrock Park,89 Namly Place,237241
611353,https://www.propertyguru.com.sg/project/shamrock-villas-2620,Shamrock Villas,0 Namly Place,267000
611354,https://www.propertyguru.com.sg/project/shangri-la-park-2412,Shangri-La Park,0 Shangri-La Walk,568000
611355,https://www.propertyguru.com.sg/project/shelford-villas-2417,Shelford Villas,0 Shelford Road,288000
611356,https://www.propertyguru.com.sg/project/shepard-s-hill-estate-21039,Shepard's Hill Estate,0 Shepard's Drive,149000
611357,https://www.propertyguru.com.sg/project/siew-lim-park-21040,Siew Lim Park,1 Bedok lane,469767
611358,https://www.propertyguru.com.sg/project/siglap-hill-33-21041,Siglap Hill 33,0 Siglap Hill,456000
611359,https://www.propertyguru.com.sg/project/silver-hill-21043,Silver Hill,0 Jalan Naung,537000
611360,https://www.propertyguru.com.sg/project/simon-place-2572,Simon Place,0 Simon Place,545000
611361,https://www.propertyguru.com.sg/project/simon-terrace-21044,Simon Terrace,0 Simon Place,545000
611362,https://www.propertyguru.com.sg/project/soo-chow-garden-21046,Soo Chow Garden,0 Soo Chow View,575000
611363,https://www.propertyguru.com.sg/project/spring-park-estate-21049,Spring Park Estate,0 Upper East Coast Road,466000
611364,https://www.propertyguru.com.sg/project/springbrook-terrace-2361,Springbrook Terrace,0 Jalan Mariam,509000
611365,https://www.propertyguru.com.sg/project/springdew-terrace-2433,Springdew Terrace,0 Springwood Close,118000
611366,https://www.propertyguru.com.sg/project/springhill-460,Springhill,0 Sembawang Walk,757000
611367,https://www.propertyguru.com.sg/project/springleaf-garden-530,Springleaf Garden,2 Springleaf Garden,788165
611368,https://www.propertyguru.com.sg/project/springleaf-green-2434,Springleaf Green,0 Springleaf Crescent,786000
611369,https://www.propertyguru.com.sg/project/springleaf-villas-805,Springleaf Villas,0 Springleaf Crescent,788000
611370,https://www.propertyguru.com.sg/project/springwood-2435,Springwood,0 Springwood Walk,117000
611371,https://www.propertyguru.com.sg/project/st-anne-s-wood-21050,St Anne's Wood,0 St Anne's Woods,545000
611372,https://www.propertyguru.com.sg/project/st-nicholas-view-1002,St Nicholas View,0 Siant Nicholas View,560000
611373,https://www.propertyguru.com.sg/project/st-patrick-s-row-21052,St Patrick's Row,0 Telok Kurau Road,423000
611374,https://www.propertyguru.com.sg/project/straits-gardens-229,Straits Gardens,0 Andrews Terrace,757000
611375,https://www.propertyguru.com.sg/project/stratton-green-21054,Stratton Green,0 Stratton Drive,800000
611376,https://www.propertyguru.com.sg/project/stratton-park-21055,Stratton Park,0 Stratton Road,806000
611377,https://www.propertyguru.com.sg/project/summer-gardens-729,Summer Gardens,0 Upper Changi Road East,486000
611378,https://www.propertyguru.com.sg/project/summer-place-2332,Summer Place,0 Summer Place,555000
611379,https://www.propertyguru.com.sg/project/summerlea-green-828,Summerlea Green,0 Kismis Road,596000
611380,https://www.propertyguru.com.sg/project/summit-ville-21060,Summit Ville,0 Jalan Dermawan,669000
611381,https://www.propertyguru.com.sg/project/sunbird-park-21061,Sunbird Park,0 Sunbird Road,487000
611382,https://www.propertyguru.com.sg/project/suncottages-21063,Suncottages,0 Cashew Crescent,677000
611383,https://www.propertyguru.com.sg/project/sungrove-952,Sungrove,0 West Coast Grove,127000
611384,https://www.propertyguru.com.sg/project/sunny-vale-2576,Sunny Vale,0 Pasir Panjang Close,118000
611385,https://www.propertyguru.com.sg/project/sunrise-villa-707,Sunrise Villa,0 Sunrise Way,806000
611386,https://www.propertyguru.com.sg/project/surin-gardens-21066,Surin Gardens,0 Surin Avenue,535000
611387,https://www.propertyguru.com.sg/project/surin-villas-21067,Surin Villas,0 Upper Serangoon Road,534000
611388,https://www.propertyguru.com.sg/project/swiss-club-park-21068,Swiss Club Park,0 Jalan Senandong,288000
611389,https://www.propertyguru.com.sg/project/tai-hwan-garden-955,Tai Hwan Garden,0 Tai Hwan Heights,555000
611390,https://www.propertyguru.com.sg/project/tai-hwan-park-911,Tai Hwan Park,0 Tai Hwan Drive,555000
611391,https://www.propertyguru.com.sg/project/tai-keng-gardens-860,Tai Keng Gardens,0 Tai Keng Gardens,535000
611392,https://www.propertyguru.com.sg/project/tai-keng-villas-956,Tai Keng Villas,0 Jalan Kelichap,534000
611393,https://www.propertyguru.com.sg/project/tai-yuan-garden-2457,Tai Yuan Garden,0 Tai Yuan Heights,555000
611394,https://www.propertyguru.com.sg/project/tanah-merah-green-1014,Tanah Merah Green,0 Jalan Tanah Rata,465000
611395,https://www.propertyguru.com.sg/project/tanglin-hill-villas-2469,Tanglin Hill Villas,0 Tanglin Hill,248000
611396,https://www.propertyguru.com.sg/project/tanglin-villas-21071,Tanglin Villas,0 Tanglin Hill,248000
611397,https://www.propertyguru.com.sg/project/teacher-s-housing-estate-516,Teacher's Housing Estate,0 Tagore Avenue,787000
611398,https://www.propertyguru.com.sg/project/teck-hiang-gardens-21409,Teck Hiang Gardens,0 Toh Tuck Road,596000
611399,https://www.propertyguru.com.sg/project/telok-kurau-court-673,Telok Kurau Court,0 Telok Kurau Road,423000
611400,https://www.propertyguru.com.sg/project/tembeling-villas-21074,Tembeling Villas,0 Tembeling Road,423000
611401,https://www.propertyguru.com.sg/project/terra-villas-22136,Terra Villas,28 Jalan Sayang,418676
611402,https://www.propertyguru.com.sg/project/the-ambience-1145,The Ambience,0 Ponggol Seventeenth Avenue,829751
611403,https://www.propertyguru.com.sg/project/the-berthside-1119,The Berthside,0 Ocean Drive,98000
611404,https://www.propertyguru.com.sg/project/the-clementvale-2491,The Clementvale,0 Mas Kuning Terrace,126000
611405,https://www.propertyguru.com.sg/project/the-countryside-1022,The Countryside,0 Countryside Walk,678989
611406,https://www.propertyguru.com.sg/project/the-glencaird-residences-2496,The Glencaird Residences,0 White House Park,257000
611407,https://www.propertyguru.com.sg/project/the-green-collection-22019,The Green Collection,00 COVE DRIVE,99999
611408,https://www.propertyguru.com.sg/project/the-greenwood-436,The Greenwood,163 Greenwood Avenue,287081
611409,https://www.propertyguru.com.sg/project/the-inglewood-2499,The Inglewood,0 The Inglewood,575000
611410,https://www.propertyguru.com.sg/project/the-mondrian-2505,The Mondrian,0 Hindhede Place,587000
611411,https://www.propertyguru.com.sg/project/the-morning-dew-2506,The Morning Dew,0 Jalan Tari Payong,799000
611412,https://www.propertyguru.com.sg/project/the-morris-residences-22635,The Morris Residences,63 Paya Lebar Crescent,536139
611413,https://www.propertyguru.com.sg/project/the-oasis-of-the-north-20529,The Oasis of the North,0 Inggu Road,757000
611414,https://www.propertyguru.com.sg/project/the-ramford-23552,The Ramford,6 Rambai Road ,424326
611415,https://www.propertyguru.com.sg/project/the-riverina-599,The Riverina,0 Riverina Crescent,518000
611416,https://www.propertyguru.com.sg/project/the-rosyth-collection-21686,The Rosyth Collection,00 Rosyth Road,546000
611417,https://www.propertyguru.com.sg/project/the-shaughnessy-74,The Shaughnessy,340 Miltonia Close,738356
611418,https://www.propertyguru.com.sg/project/the-shoreline-residences-i-21239,The Shoreline Residences I,0 Inggu Road,757000
611419,https://www.propertyguru.com.sg/project/the-shoreline-residences-ii-21240,The Shoreline Residences II,0 Wak Hassan Drive,757000
611420,https://www.propertyguru.com.sg/project/the-silva-gardens-21080,The Silva Gardens,0 Da Silva Lane,549000
611421,https://www.propertyguru.com.sg/project/the-springfield-520,The Springfield,0 Chempaka Kuning Link,486000
611422,https://www.propertyguru.com.sg/project/the-springside-319,The Springside,0 Springside Avenue,786000
611423,https://www.propertyguru.com.sg/project/the-teneriffe-356,The Teneriffe,110 Laurel Wood Avenue,275838
611424,https://www.propertyguru.com.sg/project/the-villas-sentosa-cove-900,The Villas @ Sentosa Cove,0 Ocean Drive,98000
611425,https://www.propertyguru.com.sg/project/the-whitley-residences-21363,The Whitley Residences,0 Whitley Road,297000
611426,https://www.propertyguru.com.sg/project/the-woods-20667,The Woods,0 Westwood Avenue,648000
611427,https://www.propertyguru.com.sg/project/thomson-garden-estate-2523,Thomson Garden Estate,0 Jalan Chegar,578000
611428,https://www.propertyguru.com.sg/project/thomson-hill-estate-21084,Thomson Hill Estate,0 Thomson Hills Drive,574000
611429,https://www.propertyguru.com.sg/project/thomson-hills-922,Thomson Hills,0 Thomson Hills Drive,574000
611430,https://www.propertyguru.com.sg/project/thomson-view-538,Thomson View,3D Bright Hill Drive,579591
611431,https://www.propertyguru.com.sg/project/tivoli-gardens-1434,Tivoli Gardens,0 Tai Keng Gardens,534000
611432,https://www.propertyguru.com.sg/project/tk-one-22168,TK One,45B Lorong N Telok Kurau,425267
611433,https://www.propertyguru.com.sg/project/toh-estate-21085,Toh Estate,0 Toh Drive,507000
611434,https://www.propertyguru.com.sg/project/townerville-20534,Townerville,0 May Road,328000
611435,https://www.propertyguru.com.sg/project/trevose-12-1148,Trevose 12,0 Trevose Crescent,298000
611436,https://www.propertyguru.com.sg/project/tuan-sing-park-21088,Tuan Sing Park,0 Yio Chu Kang Road,805000
611437,https://www.propertyguru.com.sg/project/tudor-close-21126,Tudor Close,0 Tudor Close,297000
611438,https://www.propertyguru.com.sg/project/tudor-ten-21089,Tudor Ten,0 Tudor Close,297000
611439,https://www.propertyguru.com.sg/project/twelve-residences-21882,Twelve Residences,0 Hillside Drive,549999
611440,https://www.propertyguru.com.sg/project/unique-garden-2542,Unique Garden,0 Toh Yi Drive,596000
611441,https://www.propertyguru.com.sg/project/university-park-1742,University Park,0 University Walk,297000
611442,https://www.propertyguru.com.sg/project/valvista-944,Valvista,0 Chuan Terrace,558000
611443,https://www.propertyguru.com.sg/project/ventana-villas-21090,Ventana Villas,0 Pasir Panjang Hill,118000
611444,https://www.propertyguru.com.sg/project/victoria-park-villas-20949,Victoria Park Villas,00 Coronation Road,269999
611445,https://www.propertyguru.com.sg/project/villa-begonia-1744,Villa Begonia,0 Saraca Road,807000
611446,https://www.propertyguru.com.sg/project/villa-de-jervois-2519,Villa De Jervois,0 Jervois Hill,247000
611447,https://www.propertyguru.com.sg/project/villa-madeleine-21607,Villa Madeleine,0 Oxley Road,238000
611448,https://www.propertyguru.com.sg/project/villa-verde-254,Villa Verde,0 Verde Avenue,688000
611449,https://www.propertyguru.com.sg/project/villas-gilstead-21092,Villas @ Gilstead,0 Gilstead Road,309000
611450,https://www.propertyguru.com.sg/project/villas-at-siglap-21581,Villas at Siglap,0 Jalan Ulu Siglap,457000
611451,https://www.propertyguru.com.sg/project/villas-holland-2033,Villas Holland,0 Bukit Sedap Road,279000
611452,https://www.propertyguru.com.sg/project/villas-la-vue-1541,Villas La Vue,0 Siglap View,455000
611453,https://www.propertyguru.com.sg/project/vista-garden-893,Vista Garden,0 Toh Tuck Rise,596000
611454,https://www.propertyguru.com.sg/project/washingtonia-villa-2552,Washingtonia Villa,0 Tamarind Road,806000
611455,https://www.propertyguru.com.sg/project/water-villas-2633,Water Villas,0 Kovan Road,548000
611456,https://www.propertyguru.com.sg/project/wellington-park-1638,Wellington Park,131 Ellington Square,568999
611457,https://www.propertyguru.com.sg/project/west-coast-gardens-574,West Coast Gardens,0 West Coast Way,126000
611458,https://www.propertyguru.com.sg/project/west-sea-gardens-21097,West Sea Gardens,0 Pasir Panjang Road,118000
611459,https://www.propertyguru.com.sg/project/westlake-gardens-21098,Westlake Gardens,0 Westlake Avenue,574000
611460,https://www.propertyguru.com.sg/project/westpeak-terrace-21099,Westpeak Terrace,0 West Coast Walk,127000
611461,https://www.propertyguru.com.sg/project/westpoint-pearl-garden-1632,Westpoint Pearl Garden,0 West Coast Road,127000
611462,https://www.propertyguru.com.sg/project/westville-478,Westville,0 Westwood Terrace,648000
611463,https://www.propertyguru.com.sg/project/westwood-park-603,Westwood Park,0 Westwood Crescent,648000
611464,https://www.propertyguru.com.sg/project/white-house-park-21100,White House Park,0 White House Park,257000
611465,https://www.propertyguru.com.sg/project/whitevillas-row-1625,WHITEVILLAS ROW,0 Pasir Panjang Road,118000
611466,https://www.propertyguru.com.sg/project/whitley-villas-1288,Whitley Villas,0 Whitley Road,297000
611467,https://www.propertyguru.com.sg/project/wilkinson-8-1620,Wilkinson 8,0 Wilkinson Road,436000
611468,https://www.propertyguru.com.sg/project/wimborne-villas-1617,WIMBORNE VILLAS,0 Wimborne Road,436000
611469,https://www.propertyguru.com.sg/project/windsor-park-estate-629,Windsor Park Estate,0 Toronto Road,574000
611470,https://www.propertyguru.com.sg/project/woodgrove-estate-1089,Woodgrove Estate,0 Cedarwood Grove,738000
611471,https://www.propertyguru.com.sg/project/yew-lian-park-1050,Yew Lian Park,0 Upper Thomson Road,574000
611472,https://www.propertyguru.com.sg/project/yio-chu-kang-terrace-1606,Yio Chu Kang Terrace,0 Yio Chu Kang Terrace,545000
611473,https://www.propertyguru.com.sg/project/yong-seng-estate-1605,Yong Seng Estate,0 Jalan Senang,418000
611474,https://www.propertyguru.com.sg/project/yugi-garden-21107,Yugi Garden,0 Jalan Chempaka Kuning,489000
611475,https://www.propertyguru.com.sg/project/yunnan-gardens-661,Yunnan Gardens,66 Yunnan Crescent,638294
