611002,https://sg1-cdn.pgimgs.com/projectnet-project/12532/ZPPHO.96921902.R800X800.jpg
611002,https://sg2-cdn.pgimgs.com/projectnet-project/12532/ZPPHO.96921903.R800X800.jpg
611002,https://sg1-cdn.pgimgs.com/projectnet-project/12532/ZPPHO.96921904.R800X800.jpg
611002,https://sg2-cdn.pgimgs.com/projectnet-project/12532/ZPPHO.96921905.R800X800.jpg
611002,https://sg1-cdn.pgimgs.com/projectnet-project/12532/ZPPHO.96921906.R800X800.jpg
611002,https://sg2-cdn.pgimgs.com/projectnet-project/12532/ZPPHO.96921907.R800X800.jpg
611002,https://sg1-cdn.pgimgs.com/projectnet-project/12532/ZPPHO.96921908.R800X800.jpg
611002,https://sg2-cdn.pgimgs.com/projectnet-project/12532/ZPPHO.96921909.R800X800.jpg
611002,https://sg1-cdn.pgimgs.com/projectnet-project/12532/ZPPHO.96921910.R800X800.jpg
611006,"https://sg1-cdn.pgimgs.com/projectnet-project/21366/ZPPHO.96886082.R800X800.gif"">
"
611006,https://sg2-cdn.pgimgs.com/projectnet-project/21366/ZPPHO.96886083.R800X800.jpg
611009,https://sg1-cdn.pgimgs.com/projectnet-project/19814/ZPPHO.96986014.R800X800.png
611009,https://sg2-cdn.pgimgs.com/projectnet-project/19814/ZPPHO.96986015.R800X800.jpg
611009,https://sg1-cdn.pgimgs.com/projectnet-project/19814/ZPPHO.96986016.R800X800.jpg
611009,https://sg1-cdn.pgimgs.com/projectnet-project/19814/ZPPHO.96986020.R800X800.jpg
611009,https://sg1-cdn.pgimgs.com/projectnet-project/19814/ZPPHO.96986022.R800X800.jpg
611009,https://sg2-cdn.pgimgs.com/projectnet-project/19814/ZPPHO.96986023.R800X800.jpg
611009,https://sg1-cdn.pgimgs.com/projectnet-project/19814/ZPPHO.104023838.R800X800.jpg
611009,https://sg2-cdn.pgimgs.com/projectnet-project/19814/ZPPHO.104023839.R800X800.jpg
611009,https://sg2-cdn.pgimgs.com/projectnet-project/19814/ZPPHO.104023841.R800X800.jpg
611013,https://sg2-cdn.pgimgs.com/projectnet-project/5938/ZPPHO.96891677.R800X800.jpg
611013,https://sg1-cdn.pgimgs.com/projectnet-project/5938/ZPPHO.96891678.R800X800.jpg
611013,https://sg2-cdn.pgimgs.com/projectnet-project/5938/ZPPHO.96891679.R800X800.jpg
611014,https://sg1-cdn.pgimgs.com/projectnet-project/19765/ZPPHO.96985798.R800X800.jpg
611014,https://sg2-cdn.pgimgs.com/projectnet-project/19765/ZPPHO.96985813.R800X800.jpg
611014,https://sg1-cdn.pgimgs.com/projectnet-project/19765/ZPPHO.96985816.R800X800.jpg
611014,https://sg2-cdn.pgimgs.com/projectnet-project/19765/ZPPHO.96985819.R800X800.jpg
611014,https://sg1-cdn.pgimgs.com/projectnet-project/19765/ZPPHO.96985824.R800X800.jpg
611014,https://sg2-cdn.pgimgs.com/projectnet-project/19765/ZPPHO.96985827.R800X800.jpg
611014,https://sg2-cdn.pgimgs.com/projectnet-project/19765/ZPPHO.96985829.R800X800.jpg
611014,https://sg1-cdn.pgimgs.com/projectnet-project/19765/ZPPHO.103923736.R800X800.jpg
611014,https://sg2-cdn.pgimgs.com/projectnet-project/19765/ZPPHO.103923737.R800X800.jpg
611014,https://sg1-cdn.pgimgs.com/projectnet-project/19765/ZPPHO.103923742.R800X800.jpg
611018,https://sg2-cdn.pgimgs.com/projectnet-project/6203/ZPPHO.103871125.R800X800.jpg
611018,https://sg1-cdn.pgimgs.com/projectnet-project/6203/ZPPHO.103871126.R800X800.jpg
611018,https://sg2-cdn.pgimgs.com/projectnet-project/6203/ZPPHO.103871127.R800X800.jpg
611019,https://sg1-cdn.pgimgs.com/projectnet-project/5346/ZPPHO.96889586.R800X800.jpg
611020,https://sg1-cdn.pgimgs.com/projectnet-project/18830/ZPPHO.96983102.R800X800.jpg
611020,https://sg2-cdn.pgimgs.com/projectnet-project/18830/ZPPHO.96983103.R800X800.jpg
611021,https://sg1-cdn.pgimgs.com/projectnet-project/5748/ZPPHO.96891042.R800X800.jpg
611021,https://sg1-cdn.pgimgs.com/projectnet-project/5748/ZPPHO.96891044.R800X800.jpg
611021,https://sg2-cdn.pgimgs.com/projectnet-project/5748/ZPPHO.96891045.R800X800.jpg
611023,https://sg2-cdn.pgimgs.com/projectnet-project/18742/ZPPHO.103871197.R800X800.jpg
611026,https://sg2-cdn.pgimgs.com/projectnet-project/5465/ZPPHO.96890015.R800X800.jpg
611026,https://sg1-cdn.pgimgs.com/projectnet-project/5465/ZPPHO.96890016.R800X800.jpg
611026,https://sg2-cdn.pgimgs.com/projectnet-project/5465/ZPPHO.96890017.R800X800.jpg
611028,https://sg2-cdn.pgimgs.com/projectnet-project/57351/ZPPHO.101971149.R800X800.png
611029,https://sg2-cdn.pgimgs.com/projectnet-project/5502/ZPPHO.96890155.R800X800.jpg
611029,https://sg1-cdn.pgimgs.com/projectnet-project/5502/ZPPHO.96890158.R800X800.jpg
611029,https://sg2-cdn.pgimgs.com/projectnet-project/5502/ZPPHO.96890159.R800X800.jpg
611030,https://sg1-cdn.pgimgs.com/projectnet-project/5274/ZPPHO.113530048.R800X800.jpg
611030,https://sg2-cdn.pgimgs.com/projectnet-project/5274/ZPPHO.113530041.R800X800.jpg
611030,https://sg1-cdn.pgimgs.com/projectnet-project/5274/ZPPHO.96889260.R800X800.jpg
611030,https://sg2-cdn.pgimgs.com/projectnet-project/5274/ZPPHO.113530047.R800X800.jpg
611030,https://sg2-cdn.pgimgs.com/projectnet-project/5274/ZPPHO.96889259.R800X800.jpg
611030,https://sg1-cdn.pgimgs.com/projectnet-project/5274/ZPPHO.113530046.R800X800.jpg
611030,https://sg2-cdn.pgimgs.com/projectnet-project/5274/ZPPHO.96889261.R800X800.jpg
611030,https://sg1-cdn.pgimgs.com/projectnet-project/5274/ZPPHO.113530044.R800X800.jpg
611035,https://sg1-cdn.pgimgs.com/projectnet-project/6271/ZPPHO.96892830.R800X800.jpg
611035,https://sg2-cdn.pgimgs.com/projectnet-project/6271/ZPPHO.96892831.R800X800.jpg
611035,https://sg1-cdn.pgimgs.com/projectnet-project/6271/ZPPHO.96892832.R800X800.jpg
611037,https://sg2-cdn.pgimgs.com/projectnet-project/5310/ZPPHO.96889425.R800X800.jpg
611037,https://sg1-cdn.pgimgs.com/projectnet-project/5310/ZPPHO.96889426.R800X800.jpg
611037,https://sg2-cdn.pgimgs.com/projectnet-project/5310/ZPPHO.96889427.R800X800.jpg
611037,https://sg1-cdn.pgimgs.com/projectnet-project/5310/ZPPHO.96889428.R800X800.jpg
611037,https://sg2-cdn.pgimgs.com/projectnet-project/5310/ZPPHO.96889429.R800X800.jpg
611037,https://sg1-cdn.pgimgs.com/projectnet-project/5310/ZPPHO.96889430.R800X800.jpg
611037,https://sg1-cdn.pgimgs.com/projectnet-project/5310/ZPPHO.96889432.R800X800.jpg
611037,https://sg2-cdn.pgimgs.com/projectnet-project/5310/ZPPHO.96889437.R800X800.jpg
611037,https://sg1-cdn.pgimgs.com/projectnet-project/5310/ZPPHO.96889440.R800X800.jpg
611037,https://sg2-cdn.pgimgs.com/projectnet-project/5310/ZPPHO.96889441.R800X800.jpg
611038,https://sg1-cdn.pgimgs.com/projectnet-project/6189/ZPPHO.96892680.R800X800.jpg
611038,https://sg2-cdn.pgimgs.com/projectnet-project/6189/ZPPHO.96892681.R800X800.jpg
611038,https://sg1-cdn.pgimgs.com/projectnet-project/6189/ZPPHO.96892676.R800X800.jpg
611038,https://sg2-cdn.pgimgs.com/projectnet-project/6189/ZPPHO.96892677.R800X800.jpg
611038,https://sg1-cdn.pgimgs.com/projectnet-project/6189/ZPPHO.96892678.R800X800.jpg
611038,https://sg2-cdn.pgimgs.com/projectnet-project/6189/ZPPHO.103849081.R800X800.jpg
611038,https://sg1-cdn.pgimgs.com/projectnet-project/6189/ZPPHO.103849720.R800X800.jpg
611038,https://sg2-cdn.pgimgs.com/projectnet-project/6189/ZPPHO.103849721.R800X800.jpg
611038,https://sg1-cdn.pgimgs.com/projectnet-project/6189/ZPPHO.103852532.R800X800.jpg
611038,https://sg1-cdn.pgimgs.com/projectnet-project/6189/ZPPHO.103869566.R800X800.jpg
611038,https://sg2-cdn.pgimgs.com/projectnet-project/6189/ZPPHO.103874739.R800X800.jpg
611038,https://sg2-cdn.pgimgs.com/projectnet-project/6189/ZPPHO.103879475.R800X800.jpg
611038,https://sg2-cdn.pgimgs.com/projectnet-project/6189/ZPPHO.103881067.R800X800.jpg
611038,https://sg2-cdn.pgimgs.com/projectnet-project/6189/ZPPHO.103890079.R800X800.jpg
611038,https://sg1-cdn.pgimgs.com/projectnet-project/6189/ZPPHO.103890080.R800X800.jpg
611038,https://sg2-cdn.pgimgs.com/projectnet-project/6189/ZPPHO.103890081.R800X800.jpg
611038,https://sg1-cdn.pgimgs.com/projectnet-project/6189/ZPPHO.103890082.R800X800.jpg
611038,https://sg2-cdn.pgimgs.com/projectnet-project/6189/ZPPHO.103890083.R800X800.jpg
611038,https://sg1-cdn.pgimgs.com/projectnet-project/6189/ZPPHO.103890084.R800X800.jpg
611038,https://sg2-cdn.pgimgs.com/projectnet-project/6189/ZPPHO.103890085.R800X800.jpg
611043,https://sg2-cdn.pgimgs.com/projectnet-project/6296/ZPPHO.103854109.R800X800.jpg
611043,https://sg1-cdn.pgimgs.com/projectnet-project/6296/ZPPHO.103854110.R800X800.jpg
611043,https://sg2-cdn.pgimgs.com/projectnet-project/6296/ZPPHO.103854111.R800X800.jpg
611045,https://sg2-cdn.pgimgs.com/projectnet-project/66401/ZPPHO.103007007.R800X800.jpg
611045,https://sg1-cdn.pgimgs.com/projectnet-project/66401/ZPPHO.103007008.R800X800.jpg
611046,https://sg1-cdn.pgimgs.com/projectnet-project/5815/ZPPHO.96891248.R800X800.jpg
611047,https://sg1-cdn.pgimgs.com/projectnet-project/52565/ZPPHO.101092014.R800X800.jpg
611047,https://sg2-cdn.pgimgs.com/projectnet-project/52565/ZPPHO.101092021.R800X800.jpg
611047,https://sg1-cdn.pgimgs.com/projectnet-project/52565/ZPPHO.101092020.R800X800.jpg
611047,https://sg1-cdn.pgimgs.com/projectnet-project/52565/ZPPHO.101092018.R800X800.jpg
611047,https://sg1-cdn.pgimgs.com/projectnet-project/52565/ZPPHO.101092016.R800X800.jpg
611049,https://sg1-cdn.pgimgs.com/projectnet-project/5688/ZPPHO.96890842.R800X800.jpg
611051,https://sg2-cdn.pgimgs.com/projectnet-project/20141/ZPPHO.96986711.R800X800.jpg
611051,https://sg1-cdn.pgimgs.com/projectnet-project/20141/ZPPHO.96986712.R800X800.jpg
611051,https://sg2-cdn.pgimgs.com/projectnet-project/20141/ZPPHO.103992109.R800X800.jpg
611051,https://sg1-cdn.pgimgs.com/projectnet-project/20141/ZPPHO.103992110.R800X800.jpg
611051,https://sg2-cdn.pgimgs.com/projectnet-project/20141/ZPPHO.103992111.R800X800.jpg
611051,https://sg1-cdn.pgimgs.com/projectnet-project/20141/ZPPHO.103992112.R800X800.jpg
611051,https://sg2-cdn.pgimgs.com/projectnet-project/20141/ZPPHO.103992113.R800X800.jpg
611051,https://sg1-cdn.pgimgs.com/projectnet-project/20141/ZPPHO.103992114.R800X800.jpg
611051,https://sg2-cdn.pgimgs.com/projectnet-project/20141/ZPPHO.103992115.R800X800.jpg
611051,https://sg2-cdn.pgimgs.com/projectnet-project/20141/ZPPHO.104006763.R800X800.jpg
611051,https://sg2-cdn.pgimgs.com/projectnet-project/20141/ZPPHO.104006765.R800X800.jpg
611051,https://sg2-cdn.pgimgs.com/projectnet-project/20141/ZPPHO.104008023.R800X800.jpg
611051,https://sg1-cdn.pgimgs.com/projectnet-project/20141/ZPPHO.104008024.R800X800.jpg
611051,https://sg2-cdn.pgimgs.com/projectnet-project/20141/ZPPHO.104008025.R800X800.jpg
611051,https://sg1-cdn.pgimgs.com/projectnet-project/20141/ZPPHO.104008026.R800X800.jpg
611051,https://sg2-cdn.pgimgs.com/projectnet-project/20141/ZPPHO.104008027.R800X800.jpg
611051,https://sg1-cdn.pgimgs.com/projectnet-project/20141/ZPPHO.104008028.R800X800.jpg
611051,https://sg2-cdn.pgimgs.com/projectnet-project/20141/ZPPHO.104008029.R800X800.jpg
611051,https://sg2-cdn.pgimgs.com/projectnet-project/20141/ZPPHO.104008031.R800X800.jpg
611053,https://sg1-cdn.pgimgs.com/projectnet-project/5675/ZPPHO.96890812.R800X800.jpg
611053,https://sg2-cdn.pgimgs.com/projectnet-project/5675/ZPPHO.96890813.R800X800.jpg
611054,https://sg2-cdn.pgimgs.com/projectnet-project/19806/ZPPHO.96986005.R800X800.jpg
611054,https://sg2-cdn.pgimgs.com/projectnet-project/19806/ZPPHO.96986009.R800X800.jpg
611054,https://sg1-cdn.pgimgs.com/projectnet-project/19806/ZPPHO.96986010.R800X800.jpg
611058,https://sg1-cdn.pgimgs.com/projectnet-project/5939/ZPPHO.96891680.R800X800.jpg
611058,https://sg2-cdn.pgimgs.com/projectnet-project/5939/ZPPHO.96891681.R800X800.jpg
611059,https://sg2-cdn.pgimgs.com/projectnet-project/19284/ZPPHO.96983943.R800X800.jpg
611061,https://sg2-cdn.pgimgs.com/projectnet-project/6095/ZPPHO.96892231.R800X800.jpg
611064,https://sg1-cdn.pgimgs.com/projectnet-project/5813/ZPPHO.96891246.R800X800.jpg
611065,https://sg2-cdn.pgimgs.com/projectnet-project/18745/ZPPHO.96982761.R800X800.jpg
611065,https://sg1-cdn.pgimgs.com/projectnet-project/18745/ZPPHO.96982762.R800X800.jpg
611065,https://sg1-cdn.pgimgs.com/projectnet-project/18745/ZPPHO.96982764.R800X800.jpg
611065,https://sg2-cdn.pgimgs.com/projectnet-project/18745/ZPPHO.96982765.R800X800.jpg
611074,https://sg1-cdn.pgimgs.com/projectnet-project/6383/ZPPHO.103852096.R800X800.jpg
611074,https://sg2-cdn.pgimgs.com/projectnet-project/6383/ZPPHO.103852097.R800X800.jpg
611074,https://sg2-cdn.pgimgs.com/projectnet-project/6383/ZPPHO.103886719.R800X800.jpg
611074,https://sg1-cdn.pgimgs.com/projectnet-project/6383/ZPPHO.103886720.R800X800.jpg
611074,https://sg2-cdn.pgimgs.com/projectnet-project/6383/ZPPHO.103886721.R800X800.jpg
611074,https://sg1-cdn.pgimgs.com/projectnet-project/6383/ZPPHO.103886722.R800X800.jpg
611074,https://sg1-cdn.pgimgs.com/projectnet-project/6383/ZPPHO.103886724.R800X800.jpg
611074,https://sg1-cdn.pgimgs.com/projectnet-project/6383/ZPPHO.103890108.R800X800.jpg
611074,https://sg1-cdn.pgimgs.com/projectnet-project/6383/ZPPHO.103890670.R800X800.jpg
611074,https://sg1-cdn.pgimgs.com/projectnet-project/6383/ZPPHO.103895680.R800X800.jpg
611085,https://sg2-cdn.pgimgs.com/projectnet-project/5615/ZPPHO.96890581.R800X800.jpg
611085,https://sg2-cdn.pgimgs.com/projectnet-project/5615/ZPPHO.96890583.R800X800.jpg
611087,https://sg2-cdn.pgimgs.com/projectnet-project/5165/ZPPHO.96888757.R800X800.jpg
611087,https://sg1-cdn.pgimgs.com/projectnet-project/5165/ZPPHO.96888758.R800X800.jpg
611087,https://sg2-cdn.pgimgs.com/projectnet-project/5165/ZPPHO.96888759.R800X800.jpg
611087,https://sg1-cdn.pgimgs.com/projectnet-project/5165/ZPPHO.96888760.R800X800.jpg
611087,https://sg2-cdn.pgimgs.com/projectnet-project/5165/ZPPHO.96888761.R800X800.jpg
611087,https://sg1-cdn.pgimgs.com/projectnet-project/5165/ZPPHO.96888762.R800X800.jpg
611087,https://sg1-cdn.pgimgs.com/projectnet-project/5165/ZPPHO.96888764.R800X800.jpg
611089,https://sg1-cdn.pgimgs.com/projectnet-project/5735/ZPPHO.96890976.R800X800.jpg
611089,https://sg2-cdn.pgimgs.com/projectnet-project/5735/ZPPHO.96890967.R800X800.jpg
611089,https://sg1-cdn.pgimgs.com/projectnet-project/5735/ZPPHO.96890968.R800X800.jpg
611089,https://sg2-cdn.pgimgs.com/projectnet-project/5735/ZPPHO.96890969.R800X800.jpg
611089,https://sg1-cdn.pgimgs.com/projectnet-project/5735/ZPPHO.96890970.R800X800.jpg
611089,https://sg2-cdn.pgimgs.com/projectnet-project/5735/ZPPHO.96890971.R800X800.jpg
611089,https://sg1-cdn.pgimgs.com/projectnet-project/5735/ZPPHO.96890972.R800X800.jpg
611089,https://sg1-cdn.pgimgs.com/projectnet-project/5735/ZPPHO.96890974.R800X800.jpg
611089,https://sg2-cdn.pgimgs.com/projectnet-project/5735/ZPPHO.96890975.R800X800.jpg
611089,https://sg2-cdn.pgimgs.com/projectnet-project/5735/ZPPHO.103849933.R800X800.jpg
611089,https://sg1-cdn.pgimgs.com/projectnet-project/5735/ZPPHO.103849934.R800X800.jpg
611089,https://sg2-cdn.pgimgs.com/projectnet-project/5735/ZPPHO.103849935.R800X800.jpg
611089,https://sg2-cdn.pgimgs.com/projectnet-project/5735/ZPPHO.103852535.R800X800.jpg
611089,https://sg2-cdn.pgimgs.com/projectnet-project/5735/ZPPHO.103872673.R800X800.jpg
611089,https://sg2-cdn.pgimgs.com/projectnet-project/5735/ZPPHO.103873421.R800X800.jpg
611089,https://sg1-cdn.pgimgs.com/projectnet-project/5735/ZPPHO.103880166.R800X800.jpg
611089,https://sg2-cdn.pgimgs.com/projectnet-project/5735/ZPPHO.103880167.R800X800.jpg
611089,https://sg2-cdn.pgimgs.com/projectnet-project/5735/ZPPHO.103909791.R800X800.jpg
611089,https://sg2-cdn.pgimgs.com/projectnet-project/5735/ZPPHO.103909793.R800X800.jpg
611089,https://sg1-cdn.pgimgs.com/projectnet-project/5735/ZPPHO.103909794.R800X800.jpg
611092,https://sg2-cdn.pgimgs.com/projectnet-project/6430/ZPPHO.96893055.R800X800.jpg
611092,https://sg1-cdn.pgimgs.com/projectnet-project/6430/ZPPHO.96893056.R800X800.jpg
611094,https://sg1-cdn.pgimgs.com/projectnet-project/5773/ZPPHO.96891098.R800X800.jpg
611094,https://sg2-cdn.pgimgs.com/projectnet-project/5773/ZPPHO.96891099.R800X800.jpg
611094,https://sg1-cdn.pgimgs.com/projectnet-project/5773/ZPPHO.96891100.R800X800.jpg
611094,https://sg2-cdn.pgimgs.com/projectnet-project/5773/ZPPHO.96891101.R800X800.jpg
611095,https://sg2-cdn.pgimgs.com/projectnet-project/5814/ZPPHO.96891247.R800X800.jpg
611096,https://sg1-cdn.pgimgs.com/projectnet-project/18818/ZPPHO.96983074.R800X800.jpg
611096,https://sg1-cdn.pgimgs.com/projectnet-project/18818/ZPPHO.96983076.R800X800.jpg
611103,https://sg1-cdn.pgimgs.com/projectnet-project/5708/ZPPHO.96890892.R800X800.jpg
611109,https://sg2-cdn.pgimgs.com/projectnet-project/6068/ZPPHO.96892151.R800X800.jpg
611109,https://sg1-cdn.pgimgs.com/projectnet-project/6068/ZPPHO.96892152.R800X800.jpg
611110,https://sg1-cdn.pgimgs.com/projectnet-project/20142/ZPPHO.96986714.R800X800.jpg
611115,https://sg2-cdn.pgimgs.com/projectnet-project/5824/ZPPHO.96891291.R800X800.jpg
611115,https://sg1-cdn.pgimgs.com/projectnet-project/5824/ZPPHO.96891292.R800X800.jpg
611115,https://sg2-cdn.pgimgs.com/projectnet-project/5824/ZPPHO.96891293.R800X800.jpg
611115,https://sg2-cdn.pgimgs.com/projectnet-project/5824/ZPPHO.96891295.R800X800.jpg
611115,https://sg1-cdn.pgimgs.com/projectnet-project/5824/ZPPHO.96891296.R800X800.jpg
611115,https://sg2-cdn.pgimgs.com/projectnet-project/5824/ZPPHO.96891297.R800X800.jpg
611124,https://sg2-cdn.pgimgs.com/projectnet-project/5790/ZPPHO.96891149.R800X800.jpg
611124,https://sg1-cdn.pgimgs.com/projectnet-project/5790/ZPPHO.96891150.R800X800.jpg
611124,https://sg2-cdn.pgimgs.com/projectnet-project/5790/ZPPHO.96891151.R800X800.jpg
611124,https://sg2-cdn.pgimgs.com/projectnet-project/5790/ZPPHO.96891153.R800X800.jpg
611127,https://sg2-cdn.pgimgs.com/projectnet-project/6097/ZPPHO.96892239.R800X800.jpg
611131,https://sg2-cdn.pgimgs.com/projectnet-project/5058/ZPPHO.96888101.R800X800.jpg
611131,https://sg1-cdn.pgimgs.com/projectnet-project/5058/ZPPHO.96888102.R800X800.jpg
611131,https://sg2-cdn.pgimgs.com/projectnet-project/5058/ZPPHO.96888103.R800X800.jpg
611132,https://sg2-cdn.pgimgs.com/projectnet-project/5421/ZPPHO.96889815.R800X800.jpg
611132,https://sg1-cdn.pgimgs.com/projectnet-project/5421/ZPPHO.96889816.R800X800.jpg
611132,https://sg2-cdn.pgimgs.com/projectnet-project/5421/ZPPHO.96889817.R800X800.jpg
611133,https://sg2-cdn.pgimgs.com/projectnet-project/5729/ZPPHO.96890943.R800X800.jpg
611133,https://sg1-cdn.pgimgs.com/projectnet-project/5729/ZPPHO.96890944.R800X800.jpg
611133,https://sg2-cdn.pgimgs.com/projectnet-project/5729/ZPPHO.96890945.R800X800.jpg
611140,https://sg1-cdn.pgimgs.com/projectnet-project/5590/ZPPHO.96890488.R800X800.jpg
611140,https://sg2-cdn.pgimgs.com/projectnet-project/5590/ZPPHO.96890489.R800X800.jpg
611140,https://sg1-cdn.pgimgs.com/projectnet-project/5590/ZPPHO.96890490.R800X800.jpg
611140,https://sg1-cdn.pgimgs.com/projectnet-project/5590/ZPPHO.96890492.R800X800.jpg
611143,https://sg2-cdn.pgimgs.com/projectnet-project/18743/ZPPHO.103884901.R800X800.jpg
611145,https://sg2-cdn.pgimgs.com/projectnet-project/5512/ZPPHO.96890205.R800X800.jpg
611145,https://sg1-cdn.pgimgs.com/projectnet-project/5512/ZPPHO.96890206.R800X800.jpg
611145,https://sg1-cdn.pgimgs.com/projectnet-project/5512/ZPPHO.96890208.R800X800.jpg
611149,https://sg2-cdn.pgimgs.com/projectnet-project/5783/ZPPHO.96891125.R800X800.jpg
611154,https://sg1-cdn.pgimgs.com/projectnet-project/19818/ZPPHO.96986030.R800X800.jpg
611154,https://sg1-cdn.pgimgs.com/projectnet-project/19818/ZPPHO.96986032.R800X800.jpg
611154,https://sg2-cdn.pgimgs.com/projectnet-project/19818/ZPPHO.96986033.R800X800.jpg
611159,https://sg2-cdn.pgimgs.com/projectnet-project/6516/ZPPHO.96893169.R800X800.jpg
611168,https://sg2-cdn.pgimgs.com/projectnet-project/19394/ZPPHO.96984485.R800X800.jpg
611171,https://sg2-cdn.pgimgs.com/projectnet-project/6532/ZPPHO.103849945.R800X800.jpg
611171,https://sg1-cdn.pgimgs.com/projectnet-project/6532/ZPPHO.103849944.R800X800.jpg
611171,https://sg2-cdn.pgimgs.com/projectnet-project/6532/ZPPHO.103865899.R800X800.jpg
611171,https://sg2-cdn.pgimgs.com/projectnet-project/6532/ZPPHO.103872675.R800X800.jpg
611171,https://sg1-cdn.pgimgs.com/projectnet-project/6532/ZPPHO.103872676.R800X800.jpg
611171,https://sg2-cdn.pgimgs.com/projectnet-project/6532/ZPPHO.103872677.R800X800.jpg
611171,https://sg2-cdn.pgimgs.com/projectnet-project/6532/ZPPHO.103886801.R800X800.jpg
611172,https://sg1-cdn.pgimgs.com/projectnet-project/5526/ZPPHO.96890298.R800X800.jpg
611172,https://sg2-cdn.pgimgs.com/projectnet-project/5526/ZPPHO.96890299.R800X800.jpg
611172,https://sg2-cdn.pgimgs.com/projectnet-project/5526/ZPPHO.96890301.R800X800.jpg
611172,https://sg1-cdn.pgimgs.com/projectnet-project/5526/ZPPHO.96890302.R800X800.jpg
611172,https://sg2-cdn.pgimgs.com/projectnet-project/5526/ZPPHO.96890303.R800X800.jpg
611172,https://sg1-cdn.pgimgs.com/projectnet-project/5526/ZPPHO.96890304.R800X800.jpg
611172,https://sg2-cdn.pgimgs.com/projectnet-project/5526/ZPPHO.96890305.R800X800.jpg
611172,https://sg1-cdn.pgimgs.com/projectnet-project/5526/ZPPHO.96890306.R800X800.jpg
611173,https://sg2-cdn.pgimgs.com/projectnet-project/19308/ZPPHO.96984007.R800X800.jpg
611173,https://sg1-cdn.pgimgs.com/projectnet-project/19308/ZPPHO.96984010.R800X800.jpg
611173,https://sg1-cdn.pgimgs.com/projectnet-project/19308/ZPPHO.96984012.R800X800.jpg
611175,https://sg2-cdn.pgimgs.com/projectnet-project/20170/ZPPHO.96986771.R800X800.jpg
611175,https://sg1-cdn.pgimgs.com/projectnet-project/20170/ZPPHO.104009520.R800X800.jpg
611175,https://sg1-cdn.pgimgs.com/projectnet-project/20170/ZPPHO.104009522.R800X800.jpg
611175,https://sg2-cdn.pgimgs.com/projectnet-project/20170/ZPPHO.104009523.R800X800.jpg
611175,https://sg1-cdn.pgimgs.com/projectnet-project/20170/ZPPHO.104009524.R800X800.jpg
611175,https://sg2-cdn.pgimgs.com/projectnet-project/20170/ZPPHO.104009525.R800X800.jpg
611175,https://sg1-cdn.pgimgs.com/projectnet-project/20170/ZPPHO.104009528.R800X800.jpg
611175,https://sg2-cdn.pgimgs.com/projectnet-project/20170/ZPPHO.104009527.R800X800.jpg
611175,https://sg2-cdn.pgimgs.com/projectnet-project/20170/ZPPHO.104009529.R800X800.jpg
611175,https://sg2-cdn.pgimgs.com/projectnet-project/20170/ZPPHO.104009531.R800X800.jpg
611175,https://sg2-cdn.pgimgs.com/projectnet-project/20170/ZPPHO.104009553.R800X800.jpg
611175,https://sg1-cdn.pgimgs.com/projectnet-project/20170/ZPPHO.104023444.R800X800.jpg
611175,https://sg2-cdn.pgimgs.com/projectnet-project/20170/ZPPHO.104009521.R800X800.jpg
611178,https://sg2-cdn.pgimgs.com/projectnet-project/6537/ZPPHO.100461531.R800X800.jpg
611180,https://sg1-cdn.pgimgs.com/projectnet-project/20145/ZPPHO.96986722.R800X800.jpg
611187,https://sg2-cdn.pgimgs.com/projectnet-project/5286/ZPPHO.96889319.R800X800.jpg
611188,https://sg2-cdn.pgimgs.com/projectnet-project/6704/ZPPHO.96893449.R800X800.jpg
611188,https://sg2-cdn.pgimgs.com/projectnet-project/6704/ZPPHO.96893451.R800X800.jpg
611188,https://sg2-cdn.pgimgs.com/projectnet-project/6704/ZPPHO.96893453.R800X800.jpg
611188,https://sg2-cdn.pgimgs.com/projectnet-project/6704/ZPPHO.96893455.R800X800.jpg
611192,https://sg1-cdn.pgimgs.com/projectnet-project/5745/ZPPHO.96891014.R800X800.jpg
611192,https://sg2-cdn.pgimgs.com/projectnet-project/5745/ZPPHO.96891015.R800X800.jpg
611192,https://sg1-cdn.pgimgs.com/projectnet-project/5745/ZPPHO.96891016.R800X800.jpg
611192,https://sg1-cdn.pgimgs.com/projectnet-project/5745/ZPPHO.96891018.R800X800.jpg
611192,https://sg2-cdn.pgimgs.com/projectnet-project/5745/ZPPHO.96891019.R800X800.jpg
611192,https://sg1-cdn.pgimgs.com/projectnet-project/5745/ZPPHO.96891020.R800X800.jpg
611192,https://sg2-cdn.pgimgs.com/projectnet-project/5745/ZPPHO.96891021.R800X800.jpg
611192,https://sg1-cdn.pgimgs.com/projectnet-project/5745/ZPPHO.96891022.R800X800.jpg
611192,https://sg2-cdn.pgimgs.com/projectnet-project/5745/ZPPHO.96891023.R800X800.jpg
611192,https://sg1-cdn.pgimgs.com/projectnet-project/5745/ZPPHO.96891024.R800X800.jpg
611192,https://sg1-cdn.pgimgs.com/projectnet-project/5745/ZPPHO.96891026.R800X800.jpg
611192,https://sg2-cdn.pgimgs.com/projectnet-project/5745/ZPPHO.96891027.R800X800.jpg
611197,https://sg2-cdn.pgimgs.com/projectnet-project/7029/ZPPHO.96893967.R800X800.jpg
611197,https://sg1-cdn.pgimgs.com/projectnet-project/7029/ZPPHO.96893968.R800X800.jpg
611202,https://sg2-cdn.pgimgs.com/projectnet-project/20789/ZPPHO.96986901.R800X800.jpg
611206,https://sg2-cdn.pgimgs.com/projectnet-project/6140/ZPPHO.96892385.R800X800.jpg
611206,https://sg2-cdn.pgimgs.com/projectnet-project/6140/ZPPHO.96892387.R800X800.jpg
611206,https://sg1-cdn.pgimgs.com/projectnet-project/6140/ZPPHO.96892388.R800X800.jpg
611209,https://sg2-cdn.pgimgs.com/property/844/PPHO.3215465.R800X800.jpg
611214,https://sg1-cdn.pgimgs.com/projectnet-project/5578/ZPPHO.96890454.R800X800.jpg
611214,https://sg2-cdn.pgimgs.com/projectnet-project/5578/ZPPHO.96890455.R800X800.jpg
611214,https://sg1-cdn.pgimgs.com/projectnet-project/5578/ZPPHO.96890456.R800X800.jpg
611214,https://sg2-cdn.pgimgs.com/projectnet-project/5578/ZPPHO.96890457.R800X800.jpg
611214,https://sg1-cdn.pgimgs.com/projectnet-project/5578/ZPPHO.96890458.R800X800.jpg
611215,https://sg1-cdn.pgimgs.com/projectnet-project/5417/ZPPHO.96889800.R800X800.jpg
611215,https://sg2-cdn.pgimgs.com/projectnet-project/5417/ZPPHO.96889801.R800X800.jpg
611215,https://sg1-cdn.pgimgs.com/projectnet-project/5417/ZPPHO.96889802.R800X800.jpg
611218,https://sg2-cdn.pgimgs.com/projectnet-project/5429/ZPPHO.96889855.R800X800.jpg
611218,https://sg1-cdn.pgimgs.com/projectnet-project/5429/ZPPHO.96889856.R800X800.jpg
611218,https://sg1-cdn.pgimgs.com/projectnet-project/5429/ZPPHO.96889858.R800X800.jpg
611226,https://sg1-cdn.pgimgs.com/projectnet-project/5830/ZPPHO.96891310.R800X800.jpg
611226,https://sg2-cdn.pgimgs.com/projectnet-project/5830/ZPPHO.96891311.R800X800.jpg
611226,https://sg1-cdn.pgimgs.com/projectnet-project/5830/ZPPHO.96891312.R800X800.jpg
611229,https://sg2-cdn.pgimgs.com/projectnet-project/5191/ZPPHO.96888903.R800X800.jpg
611229,https://sg1-cdn.pgimgs.com/projectnet-project/5191/ZPPHO.96888904.R800X800.jpg
611229,https://sg2-cdn.pgimgs.com/projectnet-project/5191/ZPPHO.96888905.R800X800.jpg
611233,https://sg1-cdn.pgimgs.com/projectnet-project/5525/ZPPHO.96890294.R800X800.jpg
611233,https://sg1-cdn.pgimgs.com/projectnet-project/5525/ZPPHO.96890296.R800X800.jpg
611233,https://sg2-cdn.pgimgs.com/projectnet-project/5525/ZPPHO.96890297.R800X800.jpg
611234,https://sg1-cdn.pgimgs.com/projectnet-project/5720/ZPPHO.96890920.R800X800.jpg
611237,https://sg1-cdn.pgimgs.com/projectnet-project/6647/ZPPHO.96893310.R800X800.jpg
611237,https://sg2-cdn.pgimgs.com/projectnet-project/6647/ZPPHO.96893311.R800X800.jpg
611241,https://sg1-cdn.pgimgs.com/projectnet-project/6651/ZPPHO.96893312.R800X800.jpg
611243,https://sg2-cdn.pgimgs.com/projectnet-project/4961/ZPPHO.96887515.R800X800.jpg
611243,https://sg1-cdn.pgimgs.com/projectnet-project/4961/ZPPHO.96887516.R800X800.jpg
611243,https://sg2-cdn.pgimgs.com/projectnet-project/4961/ZPPHO.96887517.R800X800.jpg
611245,https://sg2-cdn.pgimgs.com/projectnet-project/18949/ZPPHO.110526219.R800X800.jpg
611245,https://sg1-cdn.pgimgs.com/projectnet-project/18949/ZPPHO.110526220.R800X800.jpg
611247,https://sg1-cdn.pgimgs.com/projectnet-project/5114/ZPPHO.96888394.R800X800.jpg
611247,https://sg2-cdn.pgimgs.com/projectnet-project/5114/ZPPHO.96888395.R800X800.jpg
611247,https://sg2-cdn.pgimgs.com/projectnet-project/5114/ZPPHO.96888397.R800X800.jpg
611252,https://sg2-cdn.pgimgs.com/projectnet-project/18824/ZPPHO.96983087.R800X800.jpg
611252,https://sg1-cdn.pgimgs.com/projectnet-project/18824/ZPPHO.96983088.R800X800.jpg
611259,https://sg2-cdn.pgimgs.com/projectnet-project/5620/ZPPHO.96890595.R800X800.jpg
611259,https://sg1-cdn.pgimgs.com/projectnet-project/5620/ZPPHO.96890594.R800X800.jpg
611260,https://sg2-cdn.pgimgs.com/projectnet-project/19535/ZPPHO.96984987.R800X800.jpg
611260,https://sg1-cdn.pgimgs.com/projectnet-project/19535/ZPPHO.96984988.R800X800.jpg
611260,https://sg2-cdn.pgimgs.com/projectnet-project/19535/ZPPHO.96984989.R800X800.jpg
611260,https://sg1-cdn.pgimgs.com/projectnet-project/19535/ZPPHO.96984990.R800X800.jpg
611260,https://sg2-cdn.pgimgs.com/projectnet-project/19535/ZPPHO.96984991.R800X800.jpg
611260,https://sg1-cdn.pgimgs.com/projectnet-project/19535/ZPPHO.96984992.R800X800.jpg
611260,https://sg2-cdn.pgimgs.com/projectnet-project/19535/ZPPHO.96984993.R800X800.jpg
611260,https://sg2-cdn.pgimgs.com/projectnet-project/19535/ZPPHO.103979411.R800X800.jpg
611260,https://sg1-cdn.pgimgs.com/projectnet-project/19535/ZPPHO.103979412.R800X800.jpg
611260,https://sg1-cdn.pgimgs.com/projectnet-project/19535/ZPPHO.103979414.R800X800.jpg
611260,https://sg2-cdn.pgimgs.com/projectnet-project/19535/ZPPHO.103979415.R800X800.jpg
611260,https://sg2-cdn.pgimgs.com/projectnet-project/19535/ZPPHO.103979417.R800X800.jpg
611260,https://sg1-cdn.pgimgs.com/projectnet-project/19535/ZPPHO.103979418.R800X800.jpg
611261,https://sg2-cdn.pgimgs.com/projectnet-project/5699/ZPPHO.96890873.R800X800.jpg
611261,https://sg1-cdn.pgimgs.com/projectnet-project/5699/ZPPHO.96890874.R800X800.jpg
611261,https://sg2-cdn.pgimgs.com/projectnet-project/5699/ZPPHO.96890875.R800X800.jpg
611262,https://sg2-cdn.pgimgs.com/projectnet-project/4997/ZPPHO.96887721.R800X800.jpg
611262,https://sg1-cdn.pgimgs.com/projectnet-project/4997/ZPPHO.104051592.R800X800.jpg
611262,https://sg2-cdn.pgimgs.com/projectnet-project/4997/ZPPHO.104051593.R800X800.jpg
611262,https://sg1-cdn.pgimgs.com/projectnet-project/4997/ZPPHO.104051594.R800X800.jpg
611262,https://sg2-cdn.pgimgs.com/projectnet-project/4997/ZPPHO.104051595.R800X800.jpg
611262,https://sg1-cdn.pgimgs.com/projectnet-project/4997/ZPPHO.104051596.R800X800.jpg
611262,https://sg2-cdn.pgimgs.com/projectnet-project/4997/ZPPHO.104051597.R800X800.jpg
611262,https://sg1-cdn.pgimgs.com/projectnet-project/4997/ZPPHO.104051598.R800X800.jpg
611262,https://sg2-cdn.pgimgs.com/projectnet-project/4997/ZPPHO.104051599.R800X800.jpg
611262,https://sg1-cdn.pgimgs.com/projectnet-project/4997/ZPPHO.104051600.R800X800.jpg
611275,https://sg1-cdn.pgimgs.com/projectnet-project/21337/ZPPHO.107381508.R800X800.jpg
611275,https://sg1-cdn.pgimgs.com/projectnet-project/21337/ZPPHO.104049078.R800X800.jpg
611275,https://sg2-cdn.pgimgs.com/projectnet-project/21337/ZPPHO.107381509.R800X800.jpg
611275,https://sg1-cdn.pgimgs.com/projectnet-project/21337/ZPPHO.104049080.R800X800.jpg
611275,https://sg1-cdn.pgimgs.com/projectnet-project/21337/ZPPHO.107381512.R800X800.jpg
611275,https://sg1-cdn.pgimgs.com/projectnet-project/21337/ZPPHO.107381506.R800X800.jpg
611275,https://sg2-cdn.pgimgs.com/projectnet-project/21337/ZPPHO.107381507.R800X800.jpg
611275,https://sg1-cdn.pgimgs.com/projectnet-project/21337/ZPPHO.107381510.R800X800.jpg
611275,https://sg2-cdn.pgimgs.com/projectnet-project/21337/ZPPHO.107381511.R800X800.jpg
611275,https://sg2-cdn.pgimgs.com/projectnet-project/21337/ZPPHO.107381513.R800X800.jpg
611275,https://sg2-cdn.pgimgs.com/projectnet-project/21337/ZPPHO.104049081.R800X800.jpg
611279,https://sg1-cdn.pgimgs.com/projectnet-project/5450/ZPPHO.96889968.R800X800.jpg
611279,https://sg2-cdn.pgimgs.com/projectnet-project/5450/ZPPHO.96889969.R800X800.jpg
611279,https://sg2-cdn.pgimgs.com/projectnet-project/5450/ZPPHO.96889971.R800X800.jpg
611279,https://sg1-cdn.pgimgs.com/projectnet-project/5450/ZPPHO.96889972.R800X800.jpg
611279,https://sg2-cdn.pgimgs.com/projectnet-project/5450/ZPPHO.103961709.R800X800.jpg
611279,https://sg1-cdn.pgimgs.com/projectnet-project/5450/ZPPHO.103961710.R800X800.jpg
611279,https://sg2-cdn.pgimgs.com/projectnet-project/5450/ZPPHO.103961713.R800X800.jpg
611279,https://sg1-cdn.pgimgs.com/projectnet-project/5450/ZPPHO.103961712.R800X800.jpg
611279,https://sg2-cdn.pgimgs.com/projectnet-project/5450/ZPPHO.103961715.R800X800.jpg
611279,https://sg2-cdn.pgimgs.com/projectnet-project/5450/ZPPHO.103961717.R800X800.jpg
611279,https://sg2-cdn.pgimgs.com/projectnet-project/5450/ZPPHO.103961711.R800X800.jpg
611279,https://sg1-cdn.pgimgs.com/projectnet-project/5450/ZPPHO.103961716.R800X800.jpg
611279,https://sg1-cdn.pgimgs.com/projectnet-project/5450/ZPPHO.103961718.R800X800.jpg
611279,https://sg2-cdn.pgimgs.com/projectnet-project/5450/ZPPHO.103961719.R800X800.jpg
611279,https://sg1-cdn.pgimgs.com/projectnet-project/5450/ZPPHO.103961708.R800X800.jpg
611279,https://sg1-cdn.pgimgs.com/projectnet-project/5450/ZPPHO.103961714.R800X800.jpg
611283,https://sg2-cdn.pgimgs.com/projectnet-project/20147/ZPPHO.96986727.R800X800.jpg
611283,https://sg1-cdn.pgimgs.com/projectnet-project/20147/ZPPHO.96986728.R800X800.jpg
611283,https://sg2-cdn.pgimgs.com/projectnet-project/20147/ZPPHO.96986729.R800X800.jpg
611283,https://sg1-cdn.pgimgs.com/projectnet-project/20147/ZPPHO.96986730.R800X800.jpg
611284,https://sg2-cdn.pgimgs.com/projectnet-project/4940/ZPPHO.96887387.R800X800.jpg
611284,https://sg1-cdn.pgimgs.com/projectnet-project/4940/ZPPHO.96887388.R800X800.jpg
611286,https://sg1-cdn.pgimgs.com/projectnet-project/5900/ZPPHO.96891528.R800X800.jpg
611286,https://sg2-cdn.pgimgs.com/projectnet-project/5900/ZPPHO.96891529.R800X800.jpg
611291,https://sg2-cdn.pgimgs.com/projectnet-project/72189/ZPPHO.107271231.R800X800.jpg
611298,https://sg2-cdn.pgimgs.com/projectnet-project/5535/ZPPHO.96890335.R800X800.jpg
611302,https://sg2-cdn.pgimgs.com/projectnet-project/19691/ZPPHO.96985495.R800X800.jpg
611302,https://sg1-cdn.pgimgs.com/projectnet-project/19691/ZPPHO.96985496.R800X800.jpg
611302,https://sg2-cdn.pgimgs.com/projectnet-project/19691/ZPPHO.96985499.R800X800.jpg
611302,https://sg2-cdn.pgimgs.com/projectnet-project/19691/ZPPHO.96985501.R800X800.jpg
611302,https://sg2-cdn.pgimgs.com/projectnet-project/19691/ZPPHO.96985503.R800X800.jpg
611302,https://sg1-cdn.pgimgs.com/projectnet-project/19691/ZPPHO.103909280.R800X800.jpg
611302,https://sg2-cdn.pgimgs.com/projectnet-project/19691/ZPPHO.103909281.R800X800.jpg
611302,https://sg1-cdn.pgimgs.com/projectnet-project/19691/ZPPHO.103909282.R800X800.jpg
611302,https://sg2-cdn.pgimgs.com/projectnet-project/19691/ZPPHO.103909283.R800X800.jpg
611302,https://sg1-cdn.pgimgs.com/projectnet-project/19691/ZPPHO.103909284.R800X800.jpg
611302,https://sg1-cdn.pgimgs.com/projectnet-project/19691/ZPPHO.103909286.R800X800.jpg
611302,https://sg1-cdn.pgimgs.com/projectnet-project/19691/ZPPHO.103909288.R800X800.jpg
611302,https://sg2-cdn.pgimgs.com/projectnet-project/19691/ZPPHO.103909289.R800X800.jpg
611302,https://sg1-cdn.pgimgs.com/projectnet-project/19691/ZPPHO.103909290.R800X800.jpg
611302,https://sg2-cdn.pgimgs.com/projectnet-project/19691/ZPPHO.103909291.R800X800.jpg
611302,https://sg1-cdn.pgimgs.com/projectnet-project/19691/ZPPHO.103917070.R800X800.jpg
611302,https://sg1-cdn.pgimgs.com/projectnet-project/19691/ZPPHO.103917072.R800X800.jpg
611302,https://sg2-cdn.pgimgs.com/projectnet-project/19691/ZPPHO.103917073.R800X800.jpg
611302,https://sg1-cdn.pgimgs.com/projectnet-project/19691/ZPPHO.103917074.R800X800.jpg
611302,https://sg1-cdn.pgimgs.com/projectnet-project/19691/ZPPHO.103917076.R800X800.jpg
611303,https://sg1-cdn.pgimgs.com/projectnet-project/5549/ZPPHO.96890372.R800X800.jpg
611303,https://sg2-cdn.pgimgs.com/projectnet-project/5549/ZPPHO.96890373.R800X800.jpg
611304,https://sg2-cdn.pgimgs.com/projectnet-project/19148/ZPPHO.96983569.R800X800.jpg
611308,https://sg2-cdn.pgimgs.com/projectnet-project/21228/ZPPHO.96987077.R800X800.jpg
611308,https://sg1-cdn.pgimgs.com/projectnet-project/21228/ZPPHO.96987078.R800X800.jpg
611308,https://sg2-cdn.pgimgs.com/projectnet-project/21228/ZPPHO.96987079.R800X800.jpg
611308,https://sg1-cdn.pgimgs.com/projectnet-project/21228/ZPPHO.96987080.R800X800.jpg
611308,https://sg2-cdn.pgimgs.com/projectnet-project/21228/ZPPHO.96987081.R800X800.jpg
611308,https://sg1-cdn.pgimgs.com/projectnet-project/21228/ZPPHO.96987082.R800X800.jpg
611308,https://sg2-cdn.pgimgs.com/projectnet-project/21228/ZPPHO.96987083.R800X800.jpg
611308,https://sg2-cdn.pgimgs.com/projectnet-project/21228/ZPPHO.96987085.R800X800.jpg
611313,https://sg2-cdn.pgimgs.com/projectnet-project/5593/ZPPHO.96890493.R800X800.jpg
611316,https://sg1-cdn.pgimgs.com/projectnet-project/5827/ZPPHO.96891302.R800X800.jpg
611317,https://sg1-cdn.pgimgs.com/projectnet-project/5812/ZPPHO.96891240.R800X800.jpg
611317,https://sg2-cdn.pgimgs.com/projectnet-project/5812/ZPPHO.96891241.R800X800.jpg
611317,https://sg1-cdn.pgimgs.com/projectnet-project/5812/ZPPHO.96891244.R800X800.jpg
611317,https://sg2-cdn.pgimgs.com/projectnet-project/5812/ZPPHO.96891245.R800X800.jpg
611327,https://sg2-cdn.pgimgs.com/projectnet-project/18808/ZPPHO.103852125.R800X800.jpg
611327,https://sg1-cdn.pgimgs.com/projectnet-project/18808/ZPPHO.103852124.R800X800.jpg
611327,https://sg1-cdn.pgimgs.com/projectnet-project/18808/ZPPHO.103852126.R800X800.jpg
611327,https://sg1-cdn.pgimgs.com/projectnet-project/18808/ZPPHO.103852128.R800X800.jpg
611329,https://sg1-cdn.pgimgs.com/projectnet-project/6824/ZPPHO.96893618.R800X800.jpg
611329,https://sg2-cdn.pgimgs.com/projectnet-project/6824/ZPPHO.96893619.R800X800.jpg
611329,https://sg1-cdn.pgimgs.com/projectnet-project/6824/ZPPHO.96893620.R800X800.jpg
611340,https://sg1-cdn.pgimgs.com/projectnet-project/4922/ZPPHO.96887256.R800X800.jpg
611340,https://sg2-cdn.pgimgs.com/projectnet-project/4922/ZPPHO.96887257.R800X800.jpg
611347,https://sg1-cdn.pgimgs.com/projectnet-project/5598/ZPPHO.96890506.R800X800.jpg
611347,https://sg2-cdn.pgimgs.com/projectnet-project/5598/ZPPHO.96890507.R800X800.jpg
611347,https://sg1-cdn.pgimgs.com/projectnet-project/5598/ZPPHO.96890508.R800X800.jpg
611347,https://sg2-cdn.pgimgs.com/projectnet-project/5598/ZPPHO.96890509.R800X800.jpg
611353,https://sg2-cdn.pgimgs.com/projectnet-project/7012/ZPPHO.96893881.R800X800.jpg
611353,https://sg1-cdn.pgimgs.com/projectnet-project/7012/ZPPHO.96893882.R800X800.jpg
611353,https://sg2-cdn.pgimgs.com/projectnet-project/7012/ZPPHO.96893883.R800X800.jpg
611353,https://sg1-cdn.pgimgs.com/projectnet-project/7012/ZPPHO.96893884.R800X800.jpg
611353,https://sg2-cdn.pgimgs.com/projectnet-project/7012/ZPPHO.96893885.R800X800.jpg
611353,https://sg1-cdn.pgimgs.com/projectnet-project/7012/ZPPHO.96893886.R800X800.jpg
611355,https://sg2-cdn.pgimgs.com/projectnet-project/6849/ZPPHO.96893635.R800X800.jpg
611355,https://sg1-cdn.pgimgs.com/projectnet-project/6849/ZPPHO.96893636.R800X800.jpg
611366,https://sg1-cdn.pgimgs.com/projectnet-project/5175/ZPPHO.96888802.R800X800.jpg
611377,https://sg2-cdn.pgimgs.com/projectnet-project/5420/ZPPHO.96889811.R800X800.jpg
611377,https://sg1-cdn.pgimgs.com/projectnet-project/5420/ZPPHO.96889812.R800X800.jpg
611377,https://sg2-cdn.pgimgs.com/projectnet-project/5420/ZPPHO.96889813.R800X800.jpg
611377,https://sg1-cdn.pgimgs.com/projectnet-project/5420/ZPPHO.96889814.R800X800.jpg
611382,https://sg2-cdn.pgimgs.com/projectnet-project/19194/ZPPHO.103849267.R800X800.jpg
611382,https://sg1-cdn.pgimgs.com/projectnet-project/19194/ZPPHO.103849268.R800X800.jpg
611382,https://sg2-cdn.pgimgs.com/projectnet-project/19194/ZPPHO.103849269.R800X800.jpg
611382,https://sg1-cdn.pgimgs.com/projectnet-project/19194/ZPPHO.103849270.R800X800.jpg
611382,https://sg2-cdn.pgimgs.com/projectnet-project/19194/ZPPHO.103849271.R800X800.jpg
611383,https://sg2-cdn.pgimgs.com/projectnet-project/5630/ZPPHO.96890621.R800X800.jpg
611383,https://sg1-cdn.pgimgs.com/projectnet-project/5630/ZPPHO.96890622.R800X800.jpg
611383,https://sg2-cdn.pgimgs.com/projectnet-project/5630/ZPPHO.96890623.R800X800.jpg
611383,https://sg1-cdn.pgimgs.com/projectnet-project/5630/ZPPHO.96890624.R800X800.jpg
611383,https://sg2-cdn.pgimgs.com/projectnet-project/5630/ZPPHO.96890625.R800X800.jpg
611383,https://sg1-cdn.pgimgs.com/projectnet-project/5630/ZPPHO.96890626.R800X800.jpg
611383,https://sg2-cdn.pgimgs.com/projectnet-project/5630/ZPPHO.96890627.R800X800.jpg
611383,https://sg1-cdn.pgimgs.com/projectnet-project/5630/ZPPHO.96890628.R800X800.jpg
611383,https://sg2-cdn.pgimgs.com/projectnet-project/5630/ZPPHO.96890629.R800X800.jpg
611383,https://sg1-cdn.pgimgs.com/projectnet-project/5630/ZPPHO.96890630.R800X800.jpg
611383,https://sg2-cdn.pgimgs.com/projectnet-project/5630/ZPPHO.96890631.R800X800.jpg
611383,https://sg1-cdn.pgimgs.com/projectnet-project/5630/ZPPHO.96890632.R800X800.jpg
611385,https://sg2-cdn.pgimgs.com/projectnet-project/5401/ZPPHO.96889737.R800X800.jpg
611385,https://sg1-cdn.pgimgs.com/projectnet-project/5401/ZPPHO.96889738.R800X800.jpg
611385,https://sg2-cdn.pgimgs.com/projectnet-project/5401/ZPPHO.96889739.R800X800.jpg
611387,https://sg2-cdn.pgimgs.com/projectnet-project/19197/ZPPHO.96983595.R800X800.jpg
611387,https://sg1-cdn.pgimgs.com/projectnet-project/19197/ZPPHO.96983598.R800X800.jpg
611387,https://sg2-cdn.pgimgs.com/projectnet-project/19197/ZPPHO.96983599.R800X800.jpg
611399,https://sg1-cdn.pgimgs.com/projectnet-project/5368/ZPPHO.96889652.R800X800.jpg
611399,https://sg1-cdn.pgimgs.com/projectnet-project/5368/ZPPHO.96889654.R800X800.jpg
611401,https://sg2-cdn.pgimgs.com/projectnet-project/20126/ZPPHO.96986705.R800X800.jpg
611402,https://sg1-cdn.pgimgs.com/projectnet-project/5808/ZPPHO.96891222.R800X800.jpg
611405,https://sg1-cdn.pgimgs.com/projectnet-project/5697/ZPPHO.96890864.R800X800.jpg
611405,https://sg2-cdn.pgimgs.com/projectnet-project/5697/ZPPHO.96890865.R800X800.jpg
611405,https://sg1-cdn.pgimgs.com/projectnet-project/5697/ZPPHO.96890866.R800X800.jpg
611408,https://sg2-cdn.pgimgs.com/projectnet-project/5153/ZPPHO.96888651.R800X800.jpg
611408,https://sg1-cdn.pgimgs.com/projectnet-project/5153/ZPPHO.103849568.R800X800.jpg
611408,https://sg2-cdn.pgimgs.com/projectnet-project/5153/ZPPHO.103849569.R800X800.jpg
611408,https://sg2-cdn.pgimgs.com/projectnet-project/5153/ZPPHO.103849571.R800X800.jpg
611408,https://sg1-cdn.pgimgs.com/projectnet-project/5153/ZPPHO.103849572.R800X800.jpg
611408,https://sg2-cdn.pgimgs.com/projectnet-project/5153/ZPPHO.103849725.R800X800.jpg
611408,https://sg1-cdn.pgimgs.com/projectnet-project/5153/ZPPHO.103849726.R800X800.jpg
611408,https://sg2-cdn.pgimgs.com/projectnet-project/5153/ZPPHO.103849727.R800X800.jpg
611408,https://sg2-cdn.pgimgs.com/projectnet-project/5153/ZPPHO.103851167.R800X800.jpg
611408,https://sg1-cdn.pgimgs.com/projectnet-project/5153/ZPPHO.103851168.R800X800.jpg
611412,https://sg1-cdn.pgimgs.com/projectnet-project/20615/ZPPHO.96986858.R800X800.jpg
611412,https://sg2-cdn.pgimgs.com/projectnet-project/20615/ZPPHO.100109891.R800X800.jpg
611412,https://sg1-cdn.pgimgs.com/projectnet-project/20615/ZPPHO.100109896.R800X800.jpg
611412,https://sg2-cdn.pgimgs.com/projectnet-project/20615/ZPPHO.104036047.R800X800.jpg
611412,https://sg1-cdn.pgimgs.com/projectnet-project/20615/ZPPHO.104036048.R800X800.jpg
611412,https://sg2-cdn.pgimgs.com/projectnet-project/20615/ZPPHO.104036043.R800X800.jpg
611412,https://sg1-cdn.pgimgs.com/projectnet-project/20615/ZPPHO.104036044.R800X800.jpg
611412,https://sg2-cdn.pgimgs.com/projectnet-project/20615/ZPPHO.104036049.R800X800.jpg
611412,https://sg1-cdn.pgimgs.com/projectnet-project/20615/ZPPHO.104036050.R800X800.jpg
611412,https://sg2-cdn.pgimgs.com/projectnet-project/20615/ZPPHO.104036045.R800X800.jpg
611412,https://sg1-cdn.pgimgs.com/projectnet-project/20615/ZPPHO.104036046.R800X800.jpg
611414,https://sg2-cdn.pgimgs.com/projectnet-project/65010/ZPPHO.102627653.R800X800.jpg
611414,https://sg1-cdn.pgimgs.com/projectnet-project/65010/ZPPHO.102627654.R800X800.jpg
611414,https://sg2-cdn.pgimgs.com/projectnet-project/65010/ZPPHO.102627655.R800X800.jpg
611414,https://sg1-cdn.pgimgs.com/projectnet-project/65010/ZPPHO.102627656.R800X800.jpg
611414,https://sg2-cdn.pgimgs.com/projectnet-project/65010/ZPPHO.102627657.R800X800.jpg
611414,https://sg2-cdn.pgimgs.com/projectnet-project/65010/ZPPHO.102627691.R800X800.jpg
611414,https://sg1-cdn.pgimgs.com/projectnet-project/65010/ZPPHO.102627652.R800X800.jpg
611414,https://sg1-cdn.pgimgs.com/projectnet-project/65010/ZPPHO.102627690.R800X800.jpg
611414,https://sg2-cdn.pgimgs.com/projectnet-project/65010/ZPPHO.102627659.R800X800.jpg
611414,https://sg2-cdn.pgimgs.com/projectnet-project/65010/ZPPHO.104056047.R800X800.jpg
611414,https://sg1-cdn.pgimgs.com/projectnet-project/65010/ZPPHO.104056048.R800X800.jpg
611414,https://sg2-cdn.pgimgs.com/projectnet-project/65010/ZPPHO.104056043.R800X800.png
611414,https://sg2-cdn.pgimgs.com/projectnet-project/65010/ZPPHO.104056049.R800X800.jpg
611414,https://sg1-cdn.pgimgs.com/projectnet-project/65010/ZPPHO.104056050.R800X800.jpg
611414,https://sg2-cdn.pgimgs.com/projectnet-project/65010/ZPPHO.104056051.R800X800.jpg
611414,https://sg1-cdn.pgimgs.com/projectnet-project/65010/ZPPHO.104056052.R800X800.jpg
611414,https://sg1-cdn.pgimgs.com/projectnet-project/65010/ZPPHO.104056046.R800X800.jpg
611414,https://sg2-cdn.pgimgs.com/projectnet-project/65010/ZPPHO.104056221.R800X800.jpg
611414,https://sg1-cdn.pgimgs.com/projectnet-project/65010/ZPPHO.104056224.R800X800.jpg
611414,https://sg2-cdn.pgimgs.com/projectnet-project/65010/ZPPHO.104056225.R800X800.jpg
611414,https://sg2-cdn.pgimgs.com/projectnet-project/65010/ZPPHO.104056227.R800X800.jpg
611415,https://sg1-cdn.pgimgs.com/projectnet-project/5302/ZPPHO.96889400.R800X800.jpg
611415,https://sg2-cdn.pgimgs.com/projectnet-project/5302/ZPPHO.96889401.R800X800.jpg
611415,https://sg1-cdn.pgimgs.com/projectnet-project/5302/ZPPHO.96889402.R800X800.jpg
611415,https://sg2-cdn.pgimgs.com/projectnet-project/5302/ZPPHO.96889403.R800X800.jpg
611416,https://sg2-cdn.pgimgs.com/projectnet-project/19700/ZPPHO.96985577.R800X800.jpg
611416,https://sg2-cdn.pgimgs.com/projectnet-project/19700/ZPPHO.96985579.R800X800.jpg
611416,https://sg2-cdn.pgimgs.com/projectnet-project/19700/ZPPHO.96985581.R800X800.jpg
611416,https://sg1-cdn.pgimgs.com/projectnet-project/19700/ZPPHO.96985584.R800X800.jpg
611416,https://sg2-cdn.pgimgs.com/projectnet-project/19700/ZPPHO.96985585.R800X800.jpg
611416,https://sg2-cdn.pgimgs.com/projectnet-project/19700/ZPPHO.103913225.R800X800.jpg
611416,https://sg1-cdn.pgimgs.com/projectnet-project/19700/ZPPHO.103913226.R800X800.jpg
611416,https://sg2-cdn.pgimgs.com/projectnet-project/19700/ZPPHO.103913227.R800X800.jpg
611416,https://sg1-cdn.pgimgs.com/projectnet-project/19700/ZPPHO.103913228.R800X800.jpg
611416,https://sg2-cdn.pgimgs.com/projectnet-project/19700/ZPPHO.103913229.R800X800.jpg
611416,https://sg1-cdn.pgimgs.com/projectnet-project/19700/ZPPHO.103913230.R800X800.jpg
611416,https://sg2-cdn.pgimgs.com/projectnet-project/19700/ZPPHO.103913231.R800X800.jpg
611416,https://sg1-cdn.pgimgs.com/projectnet-project/19700/ZPPHO.103913232.R800X800.jpg
611417,https://sg2-cdn.pgimgs.com/projectnet-project/21462/ZPPHO.96886365.R800X800.jpg
611417,https://sg1-cdn.pgimgs.com/projectnet-project/21462/ZPPHO.96886366.R800X800.jpg
611417,https://sg2-cdn.pgimgs.com/projectnet-project/21462/ZPPHO.96886367.R800X800.jpg
611417,https://sg1-cdn.pgimgs.com/projectnet-project/21462/ZPPHO.96886368.R800X800.jpg
611417,https://sg1-cdn.pgimgs.com/projectnet-project/21462/ZPPHO.96886370.R800X800.jpg
611418,https://sg2-cdn.pgimgs.com/projectnet-project/19354/ZPPHO.96984235.R800X800.jpg
611418,https://sg1-cdn.pgimgs.com/projectnet-project/19354/ZPPHO.96984236.R800X800.png
611419,https://sg1-cdn.pgimgs.com/projectnet-project/19355/ZPPHO.96984238.R800X800.png
611419,https://sg2-cdn.pgimgs.com/projectnet-project/19355/ZPPHO.96984241.R800X800.png
611421,https://sg1-cdn.pgimgs.com/projectnet-project/5231/ZPPHO.96889072.R800X800.jpg
611421,https://sg2-cdn.pgimgs.com/projectnet-project/5231/ZPPHO.96889073.R800X800.jpg
611421,https://sg2-cdn.pgimgs.com/projectnet-project/5231/ZPPHO.96889075.R800X800.jpg
611421,https://sg1-cdn.pgimgs.com/projectnet-project/5231/ZPPHO.96889076.R800X800.jpg
611422,https://sg2-cdn.pgimgs.com/projectnet-project/5042/ZPPHO.96888021.R800X800.jpg
611422,https://sg1-cdn.pgimgs.com/projectnet-project/5042/ZPPHO.96888022.R800X800.jpg
611422,https://sg2-cdn.pgimgs.com/projectnet-project/5042/ZPPHO.96888023.R800X800.jpg
611423,https://sg2-cdn.pgimgs.com/projectnet-project/5077/ZPPHO.96888205.R800X800.jpg
611423,https://sg1-cdn.pgimgs.com/projectnet-project/5077/ZPPHO.96888206.R800X800.jpg
611424,https://sg2-cdn.pgimgs.com/projectnet-project/5581/ZPPHO.96890465.R800X800.jpg
611425,https://sg2-cdn.pgimgs.com/projectnet-project/19466/ZPPHO.96984789.R800X800.jpg
611425,https://sg1-cdn.pgimgs.com/projectnet-project/19466/ZPPHO.96984790.R800X800.jpg
611425,https://sg2-cdn.pgimgs.com/projectnet-project/19466/ZPPHO.96984795.R800X800.jpg
611425,https://sg1-cdn.pgimgs.com/projectnet-project/19466/ZPPHO.103904824.R800X800.jpg
611425,https://sg1-cdn.pgimgs.com/projectnet-project/19466/ZPPHO.103904820.R800X800.jpg
611425,https://sg2-cdn.pgimgs.com/projectnet-project/19466/ZPPHO.103904823.R800X800.jpg
611425,https://sg1-cdn.pgimgs.com/projectnet-project/19466/ZPPHO.103906988.R800X800.jpg
611426,https://sg1-cdn.pgimgs.com/projectnet-project/18861/ZPPHO.96983222.R800X800.jpg
611426,https://sg1-cdn.pgimgs.com/projectnet-project/18861/ZPPHO.96983224.R800X800.jpg
611426,https://sg1-cdn.pgimgs.com/projectnet-project/18861/ZPPHO.96983226.R800X800.jpg
611426,https://sg1-cdn.pgimgs.com/projectnet-project/18861/ZPPHO.103850676.R800X800.jpg
611426,https://sg2-cdn.pgimgs.com/projectnet-project/18861/ZPPHO.103850677.R800X800.jpg
611426,https://sg1-cdn.pgimgs.com/projectnet-project/18861/ZPPHO.103850678.R800X800.jpg
611426,https://sg2-cdn.pgimgs.com/projectnet-project/18861/ZPPHO.103850681.R800X800.jpg
611426,https://sg2-cdn.pgimgs.com/projectnet-project/18861/ZPPHO.103850683.R800X800.jpg
611426,https://sg1-cdn.pgimgs.com/projectnet-project/18861/ZPPHO.103850684.R800X800.jpg
611426,https://sg1-cdn.pgimgs.com/projectnet-project/18861/ZPPHO.103850686.R800X800.jpg
611426,https://sg1-cdn.pgimgs.com/projectnet-project/18861/ZPPHO.103863146.R800X800.jpg
611426,https://sg2-cdn.pgimgs.com/projectnet-project/18861/ZPPHO.103863147.R800X800.jpg
611426,https://sg2-cdn.pgimgs.com/projectnet-project/18861/ZPPHO.103864005.R800X800.jpg
611434,https://sg1-cdn.pgimgs.com/projectnet-project/18744/ZPPHO.96982760.R800X800.jpg
611435,https://sg1-cdn.pgimgs.com/projectnet-project/5811/ZPPHO.96891236.R800X800.jpg
611435,https://sg2-cdn.pgimgs.com/projectnet-project/5811/ZPPHO.96891237.R800X800.jpg
611435,https://sg1-cdn.pgimgs.com/projectnet-project/5811/ZPPHO.96891238.R800X800.jpg
611437,https://sg1-cdn.pgimgs.com/projectnet-project/19253/ZPPHO.96983740.R800X800.png
611439,https://sg2-cdn.pgimgs.com/projectnet-project/19893/ZPPHO.96986331.R800X800.jpg
611441,https://sg2-cdn.pgimgs.com/projectnet-project/6320/ZPPHO.96892891.R800X800.jpg
611441,https://sg1-cdn.pgimgs.com/projectnet-project/6320/ZPPHO.96892892.R800X800.jpg
611441,https://sg2-cdn.pgimgs.com/projectnet-project/6320/ZPPHO.96892893.R800X800.jpg
611444,https://sg1-cdn.pgimgs.com/projectnet-project/19099/ZPPHO.96983568.R800X800.jpg
611448,https://sg2-cdn.pgimgs.com/projectnet-project/4981/ZPPHO.96887629.R800X800.jpg
611448,https://sg1-cdn.pgimgs.com/projectnet-project/4981/ZPPHO.96887630.R800X800.jpg
611448,https://sg1-cdn.pgimgs.com/projectnet-project/4981/ZPPHO.96887632.R800X800.jpg
611448,https://sg2-cdn.pgimgs.com/projectnet-project/4981/ZPPHO.96887633.R800X800.jpg
611449,https://sg2-cdn.pgimgs.com/projectnet-project/19222/ZPPHO.96983645.R800X800.jpg
611449,https://sg1-cdn.pgimgs.com/projectnet-project/19222/ZPPHO.96983646.R800X800.jpg
611449,https://sg1-cdn.pgimgs.com/projectnet-project/19222/ZPPHO.96983648.R800X800.jpg
611450,https://sg1-cdn.pgimgs.com/projectnet-project/19595/ZPPHO.96985166.R800X800.jpg
611450,https://sg2-cdn.pgimgs.com/projectnet-project/19595/ZPPHO.96985167.R800X800.jpg
611450,https://sg1-cdn.pgimgs.com/projectnet-project/19595/ZPPHO.96985168.R800X800.jpg
611450,https://sg1-cdn.pgimgs.com/projectnet-project/19595/ZPPHO.96985170.R800X800.jpg
611450,https://sg2-cdn.pgimgs.com/projectnet-project/19595/ZPPHO.96985171.R800X800.jpg
611450,https://sg1-cdn.pgimgs.com/projectnet-project/19595/ZPPHO.96985172.R800X800.jpg
611450,https://sg2-cdn.pgimgs.com/projectnet-project/19595/ZPPHO.96985173.R800X800.jpg
611450,https://sg1-cdn.pgimgs.com/projectnet-project/19595/ZPPHO.96985174.R800X800.jpg
611450,https://sg2-cdn.pgimgs.com/projectnet-project/19595/ZPPHO.103892185.R800X800.jpg
611450,https://sg1-cdn.pgimgs.com/projectnet-project/19595/ZPPHO.103892186.R800X800.jpg
611450,https://sg2-cdn.pgimgs.com/projectnet-project/19595/ZPPHO.103892187.R800X800.jpg
611450,https://sg1-cdn.pgimgs.com/projectnet-project/19595/ZPPHO.103892188.R800X800.jpg
611450,https://sg2-cdn.pgimgs.com/projectnet-project/19595/ZPPHO.103892189.R800X800.jpg
611450,https://sg1-cdn.pgimgs.com/projectnet-project/19595/ZPPHO.103892190.R800X800.jpg
611450,https://sg2-cdn.pgimgs.com/projectnet-project/19595/ZPPHO.103892183.R800X800.jpg
611452,https://sg1-cdn.pgimgs.com/projectnet-project/6171/ZPPHO.96892546.R800X800.jpg
611452,https://sg1-cdn.pgimgs.com/projectnet-project/6171/ZPPHO.96892548.R800X800.jpg
611452,https://sg2-cdn.pgimgs.com/projectnet-project/6171/ZPPHO.96892549.R800X800.jpg
611452,https://sg1-cdn.pgimgs.com/projectnet-project/6171/ZPPHO.96892550.R800X800.png
611452,https://sg2-cdn.pgimgs.com/projectnet-project/6171/ZPPHO.96892551.R800X800.png
611452,https://sg1-cdn.pgimgs.com/projectnet-project/6171/ZPPHO.96892552.R800X800.png
611453,https://sg2-cdn.pgimgs.com/projectnet-project/5574/ZPPHO.96890447.R800X800.jpg
611453,https://sg1-cdn.pgimgs.com/projectnet-project/5574/ZPPHO.96890448.R800X800.jpg
611455,https://sg1-cdn.pgimgs.com/projectnet-project/7020/ZPPHO.96893936.R800X800.jpg
611455,https://sg2-cdn.pgimgs.com/projectnet-project/7020/ZPPHO.96893929.R800X800.jpg
611455,https://sg1-cdn.pgimgs.com/projectnet-project/7020/ZPPHO.96893930.R800X800.jpg
611455,https://sg2-cdn.pgimgs.com/projectnet-project/7020/ZPPHO.96893931.R800X800.jpg
611455,https://sg1-cdn.pgimgs.com/projectnet-project/7020/ZPPHO.96893932.R800X800.jpg
611455,https://sg2-cdn.pgimgs.com/projectnet-project/7020/ZPPHO.96893933.R800X800.jpg
611455,https://sg1-cdn.pgimgs.com/projectnet-project/7020/ZPPHO.96893934.R800X800.jpg
611455,https://sg2-cdn.pgimgs.com/projectnet-project/7020/ZPPHO.96893935.R800X800.jpg
611457,https://sg2-cdn.pgimgs.com/projectnet-project/5278/ZPPHO.96889269.R800X800.jpg
611457,https://sg1-cdn.pgimgs.com/projectnet-project/5278/ZPPHO.96889270.R800X800.jpg
611457,https://sg2-cdn.pgimgs.com/projectnet-project/5278/ZPPHO.96889271.R800X800.jpg
611457,https://sg1-cdn.pgimgs.com/projectnet-project/5278/ZPPHO.96889272.R800X800.jpg
611457,https://sg2-cdn.pgimgs.com/projectnet-project/5278/ZPPHO.96889273.R800X800.jpg
611460,https://sg2-cdn.pgimgs.com/projectnet-project/19229/ZPPHO.96983651.R800X800.jpg
611462,https://sg1-cdn.pgimgs.com/projectnet-project/5193/ZPPHO.96888906.R800X800.jpg
611462,https://sg2-cdn.pgimgs.com/projectnet-project/5193/ZPPHO.96888907.R800X800.jpg
611462,https://sg1-cdn.pgimgs.com/projectnet-project/5193/ZPPHO.96888908.R800X800.jpg
611463,https://sg1-cdn.pgimgs.com/projectnet-project/5306/ZPPHO.96889416.R800X800.jpg
611463,https://sg2-cdn.pgimgs.com/projectnet-project/5306/ZPPHO.96889417.R800X800.jpg
611463,https://sg1-cdn.pgimgs.com/projectnet-project/5306/ZPPHO.96889418.R800X800.jpg
611466,https://sg1-cdn.pgimgs.com/projectnet-project/5940/ZPPHO.96891682.R800X800.jpg
611470,https://sg2-cdn.pgimgs.com/projectnet-project/5761/ZPPHO.96891083.R800X800.jpg
