300003,Balcony
300003,Jacuzzi
300005,Jacuzzi
300005,Corner Unit
300006,High Floor
300007,High Floor
300007,Balcony
300008,High Floor
300008,Swimming Pool View
300008,Balcony
300009,High Floor
300009,Sea View
300009,Balcony
300009,Maidsroom
300010,High Floor
300010,Balcony
300011,High Floor
300011,Roof Terrace
300012,High Floor
300013,High Floor
300013,Balcony
300014,Penthouse
300014,Roof Terrace
300014,Balcony
300014,Jacuzzi
300015,High Floor
300016,High Floor
300016,Balcony
300018,Balcony
300018,Ground Floor
300019,Balcony
300022,High Floor
300024,High Floor
300025,High Floor
300026,High Floor
300029,High Floor
300030,Renovated
300031,Jacuzzi
300032,Balcony
300033,Renovated
300033,Terrace
300033,Balcony
300033,Jacuzzi
300036,Balcony
300037,Balcony
300037,City View
300039,Balcony
300041,Penthouse
300041,Balcony
300042,Sea View
300046,Ground Floor
300046,Jacuzzi
300048,High Floor
300048,Balcony
300050,High Floor
300050,City View
300050,Balcony
300051,High Floor
300051,Renovated
300052,Penthouse
300052,Jacuzzi
300053,Balcony
300053,Sea View
300053,Bathtub
300055,Balcony
300055,Jacuzzi
300055,Bombshelter
300056,Balcony
300059,Renovated
300059,High Floor
300061,Renovated
300066,Terrace
300067,Terrace
300068,Terrace
300069,High Floor
300069,Terrace
300070,Terrace
300071,High Floor
300071,Terrace
300072,High Floor
300074,High Floor
300075,High Floor
300075,Corner Unit
300077,High Floor
300077,Terrace
300079,Ground Floor
300080,Low Floor
300082,Low Floor
300082,Balcony
300093,Balcony
300094,City View
300095,High Floor
300095,Penthouse
300096,Renovated
300096,High Floor
300097,Balcony
300098,Sea View
300098,High Floor
300100,Jacuzzi
300103,Private Pool
300103,Balcony
300103,Penthouse
300108,High Floor
300109,Jacuzzi
300110,Balcony
300110,High Floor
300110,City View
300110,Renovated
300111,High Floor
300111,Terrace
300114,Renovated
300116,Renovated
300118,Air-conditioning
300121,Bathtub
300121,Corner Unit
300122,Renovated
300123,Jacuzzi
300124,Jacuzzi
300125,Jacuzzi
300127,Renovated
300127,Penthouse
300128,Jacuzzi
300131,High Floor
300132,Renovated
300132,Corner Unit
300132,High Floor
300139,High Floor
300141,High Floor
300141,Sea View
300141,Balcony
300141,Bathtub
300143,Balcony
300143,City View
300153,High Floor
300155,Ground Floor
300155,High Floor
300156,High Floor
300156,City View
300157,Corner Unit
300163,Balcony
300167,High Floor
300169,Bombshelter
300169,Balcony
300170,City View
300170,Terrace
300172,Low Floor
300173,High Floor
300173,Renovated
300173,Balcony
300174,High Floor
300174,Jacuzzi
300175,High Floor
300179,Penthouse
300180,High Floor
300182,Lake View
300187,High Floor
300187,Balcony
300188,High Floor
300188,Jacuzzi
300192,High Floor
300196,High Floor
300196,Corner Unit
300198,High Floor
300198,Sea View
300199,High Floor
300201,High Floor
300205,Corner Unit
300205,Ground Floor
300205,Terrace
300208,High Floor
300208,Balcony
300208,Jacuzzi
300209,High Floor
300213,High Floor
300215,High Floor
300216,High Floor
300217,Corner Unit
300217,Balcony
300217,Terrace
300217,Jacuzzi
300218,Corner Unit
300218,Balcony
300218,Terrace
300218,Jacuzzi
300219,High Floor
300220,High Floor
300220,Jacuzzi
300228,High Floor
300228,Balcony
300228,Terrace
300229,High Floor
300229,Penthouse
300230,High Floor
300230,Balcony
300230,Jacuzzi
300231,High Floor
300231,Balcony
300231,Jacuzzi
300232,Terrace
300233,Renovated
300234,High Floor
300235,Balcony
300236,Corner Unit
300238,Balcony
300241,Terrace
300242,Balcony
300243,Renovated
300243,Bathtub
300244,High Floor
300244,Jacuzzi
300245,Terrace
300247,Balcony
300247,High Floor
300247,Bathtub
300247,Jacuzzi
300248,High Floor
300248,City View
300249,High Floor
300249,Jacuzzi
300250,High Floor
300250,Jacuzzi
300251,High Floor
300251,City View
300254,High Floor
300254,City View
300255,High Floor
300255,City View
300256,Jacuzzi
300257,High Floor
300263,High Floor
300264,City View
300265,Balcony
300265,Sea View
300265,Jacuzzi
300266,High Floor
300269,Balcony
300270,Balcony
300271,City View
300275,Terrace
300275,Roof Terrace
300276,High Floor
300277,High Floor
300277,Jacuzzi
300278,High Floor
300278,City View
300278,Balcony
300280,Balcony
300281,Jacuzzi
300285,Renovated
300285,Sea View
300286,Sea View
300287,High Floor
300288,High Floor
300288,Sea View
300291,Balcony
300292,High Floor
300296,Balcony
300300,Renovated
300302,Balcony
300302,City View
300302,Jacuzzi
300305,Balcony
300306,Balcony
300307,High Floor
300307,Balcony
300307,Jacuzzi
300308,Penthouse
300309,Jacuzzi
300309,Terrace
300310,Corner Unit
300311,High Floor
300313,Penthouse
300313,Renovated
300315,High Floor
300317,High Floor
300319,High Floor
300319,Sea View
300320,Balcony
300320,Penthouse
300323,Outdoor Patio
300324,High Floor
300326,Renovated
300327,Renovated
300327,Balcony
300330,Balcony
300330,Renovated
300331,Penthouse
300332,Penthouse
300333,Penthouse
300336,Sea View
300338,High Floor
300339,Balcony
300339,Renovated
300340,Penthouse
300340,Balcony
300342,High Floor
300347,Renovated
300348,Penthouse
300348,Balcony
300349,High Floor
300350,Balcony
300351,Balcony
300353,Roof Terrace
300354,Ground Floor
300354,Renovated
300355,Low Floor
300355,Balcony
300356,High Floor
300357,High Floor
300357,Renovated
300358,Balcony
300359,Renovated
300359,Terrace
300359,Jacuzzi
300360,Jacuzzi
300361,Balcony
300361,Penthouse
300365,High Floor
300366,Jacuzzi
300366,Terrace
300367,Balcony
300367,Jacuzzi
300368,Renovated
300369,High Floor
300371,High Floor
300375,City View
300377,Balcony
300378,Low Floor
300379,High Floor
300379,Balcony
300379,Sea View
300380,High Floor
300382,City View
300382,Terrace
300384,High Floor
300385,Balcony
300385,High Floor
300386,Balcony
300388,Renovated
300389,High Floor
300390,High Floor
300391,High Floor
300391,Balcony
300402,Penthouse
300402,Balcony
300402,Jacuzzi
300402,Roof Terrace
300403,Sea View
300404,Terrace
300406,Jacuzzi
300407,Private Pool
300410,High Floor
300412,High Floor
300412,City View
300413,Penthouse
300418,Balcony
300419,Balcony
300421,Penthouse
300421,Balcony
300421,Outdoor Patio
300421,Jacuzzi
300424,Jacuzzi
300426,Terrace
300428,Terrace
300429,High Floor
300431,High Floor
300432,Renovated
300434,Balcony
300434,High Floor
300435,Balcony
300436,High Floor
300436,Balcony
300436,Maidsroom
300437,High Floor
300438,Renovated
300439,Balcony
300440,High Floor
300440,Balcony
300442,Balcony
300443,Balcony
300444,Low Floor
300444,Balcony
300445,Balcony
300446,Terrace
300448,Renovated
300451,Penthouse
300451,High Floor
300451,Balcony
300452,Renovated
300452,High Floor
300453,High Floor
300454,High Floor
300454,Balcony
300458,Renovated
300459,Renovated
300459,Ground Floor
300460,High Floor
300461,Balcony
300462,High Floor
300462,Sea View
300462,Jacuzzi
300463,High Floor
300464,High Floor
300464,Renovated
300464,Jacuzzi
300465,Balcony
300465,Renovated
300465,Bathtub
300467,Renovated
300470,High Floor
300470,Terrace
300472,Bathtub
300472,Balcony
300472,Renovated
300473,Renovated
300473,Balcony
300474,High Floor
300474,Balcony
300476,Balcony
300476,High Floor
300477,Bathtub
300478,Balcony
300478,Bathtub
300479,Balcony
300483,Jacuzzi
300490,Penthouse
300490,High Floor
300490,Jacuzzi
300492,Balcony
300493,Balcony
300494,Balcony
300495,Balcony
300496,Ground Floor
300496,Balcony
300497,Balcony
300498,Balcony
300499,Balcony
300500,Balcony
300501,Balcony
300502,Balcony
300503,Balcony
300504,Balcony
300505,Penthouse
300505,Balcony
300506,Balcony
300507,Balcony
300508,Corner Unit
300510,Corner Unit
300511,Sea View
300511,Corner Unit
300511,Renovated
300514,High Floor
300515,High Floor
300516,High Floor
300517,Balcony
300518,High Floor
300518,Corner Unit
300518,Balcony
300519,Balcony
300520,High Floor
300522,Balcony
300523,Balcony
300525,Terrace
300526,High Floor
300527,Balcony
300528,Bathtub
300529,Balcony
300530,Balcony
300531,Balcony
300535,Renovated
300535,Balcony
300537,Balcony
300538,Penthouse
300540,High Floor
300541,High Floor
300542,Renovated
300542,Sea View
300543,High Floor
300544,High Floor
300544,Balcony
300545,Penthouse
300545,City View
300548,High Floor
300551,Renovated
300552,Ground Floor
300553,Terrace
300557,High Floor
300557,Renovated
300558,Renovated
300559,Renovated
300560,Penthouse
300561,Penthouse
300563,Sea View
300566,High Floor
300568,Penthouse
300569,Penthouse
300575,Terrace
300576,Balcony
300577,Renovated
300577,Corner Unit
300587,Penthouse
300590,Balcony
300591,High Floor
300597,Penthouse
300597,Balcony
300605,High Floor
300606,High Floor
300606,Corner Unit
300606,City View
300606,Balcony
300607,Renovated
300607,Balcony
300610,Penthouse
300610,Balcony
300611,Penthouse
300611,Sea View
300611,Renovated
300619,Penthouse
300628,Penthouse
300629,Penthouse
300630,Penthouse
300634,Renovated
300634,Corner Unit
300634,Terrace
300635,High Floor
300635,Private Pool
300635,Balcony
300637,Ground Floor
300642,Renovated
300643,High Floor
300643,Balcony
300653,High Floor
300654,High Floor
300655,High Floor
300656,High Floor
300657,High Floor
300660,High Floor
300663,Penthouse
300673,High Floor
300673,Renovated
300673,Balcony
300684,Penthouse
300685,Penthouse
300687,Penthouse
300695,Penthouse
300709,High Floor
300710,High Floor
300710,Balcony
300711,Balcony
300712,Balcony
300713,High Floor
300714,Penthouse
300715,Penthouse
300716,Penthouse
300717,Penthouse
300719,Penthouse
300723,Penthouse
300723,Terrace
300723,Sea View
300723,Roof Terrace
300723,Jacuzzi
300725,High Floor
300726,Penthouse
300726,Terrace
300728,Balcony
300728,Corner Unit
300728,Renovated
300729,High Floor
300730,Renovated
300730,High Floor
300731,Penthouse
300731,Private Garden
300731,Sea View
300732,High Floor
300732,City View
300732,Jacuzzi
300732,Terrace
300736,High Floor
300738,Ground Floor
300738,Corner Unit
300738,Renovated
300739,High Floor
300741,Renovated
300742,Penthouse
300745,Penthouse
300745,Private Pool
300748,Water Heater
300748,Swimming Pool View
300748,Balcony
300748,High Floor
300749,Terrace
300750,Roof Terrace
300751,Balcony
300753,Renovated
300753,High Floor
300754,High Floor
300754,Bathtub
300756,Penthouse
300758,Penthouse
300760,High Floor
300761,Penthouse
300762,Renovated
300762,Jacuzzi
300763,High Floor
300763,Sea View
300765,High Floor
300765,Sea View
300766,High Floor
300766,Balcony
300767,Balcony
300767,Jacuzzi
300770,High Floor
300770,Balcony
300776,High Floor
300776,Penthouse
300776,Balcony
300776,Jacuzzi
300777,Renovated
300778,Ground Floor
300778,Balcony
300779,Corner Unit
300780,Jacuzzi
300781,Jacuzzi
300782,Jacuzzi
300783,Jacuzzi
300784,Jacuzzi
300785,Jacuzzi
300786,Jacuzzi
300787,Jacuzzi
300789,Terrace
300791,High Floor
300791,Jacuzzi
300792,Renovated
300792,Balcony
300793,Penthouse
300793,Private Pool
300794,High Floor
300794,Sea View
300795,Balcony
300795,Renovated
300796,Sea View
300797,High Floor
300799,High Floor
300800,High Floor
300803,High Floor
300806,Penthouse
300806,Balcony
300806,Sea View
300806,Terrace
300807,Renovated
300807,Balcony
300811,Penthouse
300811,Roof Terrace
300812,Roof Terrace
300813,Renovated
300813,Balcony
300816,Penthouse
300816,Terrace
300817,Balcony
300817,Jacuzzi
300818,Sea View
300818,Penthouse
300818,Roof Terrace
300818,High Floor
300818,Jacuzzi
300819,Jacuzzi
300824,Jacuzzi
300826,Renovated
300826,High Floor
300832,Ground Floor
300832,Renovated
300833,Ground Floor
300834,Balcony
300834,Sea View
300838,Balcony
300840,High Floor
300841,High Floor
300842,High Floor
300842,Sea View
300843,Penthouse
300844,Penthouse
300845,Penthouse
300846,Balcony
300847,Ground Floor
300851,City View
300854,High Floor
300854,Balcony
300854,Sea View
300855,Penthouse
300855,Jacuzzi
300856,Jacuzzi
300858,Ground Floor
300859,High Floor
300860,Corner Unit
300860,Original Condition
300861,Renovated
300862,Penthouse
300865,High Floor
300865,Sea View
300866,High Floor
300867,High Floor
300868,High Floor
300870,High Floor
300872,Penthouse
300872,Renovated
300872,Balcony
300880,High Floor
300880,Penthouse
300887,Renovated
300889,Renovated
300892,Renovated
300893,Low Floor
300893,Renovated
300894,Renovated
300896,Renovated
300897,Balcony
300897,Penthouse
300898,Penthouse
300900,Sea View
300901,Terrace
300901,Penthouse
300902,Terrace
300902,Penthouse
300903,Sea View
300904,Terrace
300904,Penthouse
300905,Terrace
300905,Penthouse
300906,City View
300906,Penthouse
300910,High Floor
300911,Corner Unit
300912,Penthouse
300915,Corner Unit
300915,Balcony
300915,City View
300917,City View
300918,Penthouse
300925,Ground Floor
300926,Sea View
300926,High Floor
300927,Penthouse
300935,Penthouse
300935,Terrace
300936,High Floor
300937,Penthouse
300938,Renovated
300939,Ground Floor
300939,Balcony
300940,High Floor
300940,Terrace
300941,Sea View
300941,Terrace
300949,Corner Unit
300949,Balcony
300952,High Floor
300952,Renovated
300953,High Floor
300953,Swimming Pool View
300956,Renovated
300957,Ground Floor
300957,Balcony
300958,High Floor
300962,High Floor
300962,Maidsroom
300962,Balcony
300964,High Floor
300964,Maidsroom
300964,Balcony
300966,High Floor
300967,Penthouse
300967,Terrace
300968,Renovated
300968,High Floor
300969,High Floor
300969,Renovated
300970,High Floor
300970,Balcony
300974,High Floor
300974,Corner Unit
300978,High Floor
300978,Balcony
300978,Renovated
300979,High Floor
300979,Corner Unit
300981,High Floor
300981,Renovated
300985,High Floor
300987,Penthouse
300988,Ground Floor
300988,Outdoor Patio
300989,Ground Floor
300989,Renovated
300990,Sea View
300991,High Floor
300991,Renovated
300992,Ground Floor
300992,Renovated
300993,Sea View
300993,City View
300994,Penthouse
300995,High Floor
300995,Balcony
300995,Renovated
300996,Maidsroom
300998,Terrace
300999,High Floor
